agent_id, from_origin_node_id, to_destination_node_id, departure_time_in_min, arrival_time_in_min, complete_flag, travel_time_in_min, distance,path_node_sequence,path_time_sequence
0,6463,7496,420,424.2,c,4.2,5.5,6463;7496;,420.0;424.2;
1,7496,7728,420.01,422.1,c,2.09,2.8,7496;7728;,420.0;422.1;
2,26123,27438,420.01,424.5,c,4.49,6,26123;27438;,420.0;424.5;
3,6463,7496,420.01,424.2,c,4.19,5.5,6463;7496;,420.0;424.2;
4,27438,7728,420.01,422.2,c,2.19,2.9,27438;7728;,420.0;422.2;
5,7496,6463,420.01,424.2,c,4.19,5.5,7496;6463;,420.0;424.2;
6,6463,7496,420.01,424.2,c,4.19,5.5,6463;7496;,420.0;424.2;
7,7496,7728,420.01,422.1,c,2.09,2.8,7496;7728;,420.0;422.1;
8,7728,7496,420.01,422.1,c,2.09,2.8,7728;7496;,420.0;422.1;
9,26123,7496,420.01,429,c,8.99,11.7,26123;27438;7728;7496;,420.0;424.5;426.8;429.0;
10,26123,27438,420.01,424.5,c,4.49,6,26123;27438;,420.0;424.5;
11,27438,7496,420.01,424.4,c,4.39,5.7,27438;7728;7496;,420.0;422.2;424.4;
12,7496,27438,420.01,424.4,c,4.39,5.7,7496;7728;27438;,420.0;422.1;424.4;
13,6463,7496,420.01,424.2,c,4.19,5.5,6463;7496;,420.0;424.2;
14,27438,26123,420.01,424.5,c,4.49,6,27438;26123;,420.0;424.5;
15,26123,7728,420.02,426.8,c,6.78,8.9,26123;27438;7728;,420.0;424.5;426.8;
16,27438,7728,420.02,422.2,c,2.18,2.9,27438;7728;,420.0;422.2;
17,7496,7728,420.02,422.1,c,2.08,2.8,7496;7728;,420.0;422.1;
18,7496,6463,420.02,424.2,c,4.18,5.5,7496;6463;,420.0;424.2;
19,6463,7496,420.02,424.2,c,4.18,5.5,6463;7496;,420.0;424.2;
20,26123,27438,420.02,424.5,c,4.48,6,26123;27438;,420.0;424.5;
21,7728,27438,420.02,422.2,c,2.18,2.9,7728;27438;,420.0;422.2;
22,6463,7728,420.02,427.3,c,7.28,8.3,6463;7496;7728;,420.0;424.1;427.3;
23,6463,7496,420.02,424.2,c,4.18,5.5,6463;7496;,420.0;424.2;
24,6463,27438,420.02,429.6,c,9.58,11.2,6463;7496;7728;27438;,420.0;424.1;427.3;429.6;
25,7496,7728,420.02,422.2,c,2.18,2.8,7496;7728;,420.0;422.2;
26,7728,7496,420.02,422.2,c,2.18,2.8,7728;7496;,420.0;422.2;
27,26123,7496,420.02,429.1,c,9.08,11.7,26123;27438;7728;7496;,420.0;424.5;426.9;429.1;
28,26123,27438,420.02,424.6,c,4.58,6,26123;27438;,420.0;424.6;
29,27438,7728,420.02,422.2,c,2.18,2.9,27438;7728;,420.0;422.2;
30,6463,7496,420.02,424.2,c,4.18,5.5,6463;7496;,420.0;424.2;
31,27438,7496,420.02,424.4,c,4.38,5.7,27438;7728;7496;,420.0;422.2;424.4;
32,7496,6463,420.03,424.2,c,4.17,5.5,7496;6463;,420.0;424.2;
33,7496,27438,420.03,424.5,c,4.47,5.7,7496;7728;27438;,420.0;422.1;424.5;
34,7496,7728,420.03,422.2,c,2.17,2.8,7496;7728;,420.0;422.2;
35,6463,7496,420.03,424.2,c,4.17,5.5,6463;7496;,420.0;424.2;
36,26123,6463,420.03,433.4,c,13.37,17.2,26123;27438;7728;7496;6463;,420.0;424.5;426.9;429.0;433.4;
37,27438,26123,420.03,424.6,c,4.57,6,27438;26123;,420.0;424.6;
38,26123,27438,420.03,424.6,c,4.57,6,26123;27438;,420.0;424.6;
39,6463,26123,420.03,434.2,c,14.17,17.2,6463;7496;7728;27438;26123;,420.0;424.2;427.3;429.6;434.2;
40,26123,7728,420.03,426.9,c,6.87,8.9,26123;27438;7728;,420.0;424.5;426.9;
41,6463,7496,420.03,424.2,c,4.17,5.5,6463;7496;,420.0;424.2;
42,27438,7728,420.03,422.2,c,2.17,2.9,27438;7728;,420.0;422.2;
43,7496,26123,420.03,429.1,c,9.07,11.7,7496;7728;27438;26123;,420.0;422.1;424.5;429.1;
44,7496,7728,420.03,422.2,c,2.17,2.8,7496;7728;,420.0;422.2;
45,7728,7496,420.03,422.2,c,2.17,2.8,7728;7496;,420.0;422.2;
46,7496,6463,420.03,424.2,c,4.17,5.5,7496;6463;,420.0;424.2;
47,6463,7496,420.03,424.2,c,4.17,5.5,6463;7496;,420.0;424.2;
48,26123,7496,420.03,429.1,c,9.07,11.7,26123;27438;7728;7496;,420.0;424.5;426.9;429.1;
49,26123,27438,420.04,424.6,c,4.56,6,26123;27438;,420.0;424.6;
50,27438,7496,420.04,424.4,c,4.36,5.7,27438;7728;7496;,420.0;422.2;424.4;
51,7728,27438,420.04,422.2,c,2.16,2.9,7728;27438;,420.0;422.2;
52,7496,7728,420.04,422.2,c,2.16,2.8,7496;7728;,420.0;422.2;
53,6463,7496,420.04,424.2,c,4.16,5.5,6463;7496;,420.0;424.2;
54,6463,7728,420.04,427.3,c,7.26,8.3,6463;7496;7728;,420.0;424.2;427.3;
55,27438,7728,420.04,422.2,c,2.16,2.9,27438;7728;,420.0;422.2;
56,7496,27438,420.04,424.5,c,4.46,5.7,7496;7728;27438;,420.0;422.1;424.5;
57,26123,27438,420.04,424.6,c,4.56,6,26123;27438;,420.0;424.6;
58,6463,7496,420.04,424.2,c,4.16,5.5,6463;7496;,420.0;424.2;
59,6463,27438,420.04,429.6,c,9.56,11.2,6463;7496;7728;27438;,420.0;424.2;427.3;429.6;
60,7496,6463,420.04,424.2,c,4.16,5.5,7496;6463;,420.0;424.2;
61,7496,7728,420.04,422.2,c,2.16,2.8,7496;7728;,420.0;422.2;
62,27438,26123,420.04,424.6,c,4.56,6,27438;26123;,420.0;424.6;
63,6463,7496,420.05,424.2,c,4.15,5.5,6463;7496;,420.0;424.2;
64,7728,7496,420.05,422.2,c,2.15,2.8,7728;7496;,420.0;422.2;
65,26123,7728,420.05,426.9,c,6.85,8.9,26123;27438;7728;,420.0;424.5;426.9;
66,26123,7496,420.05,429.1,c,9.05,11.7,26123;27438;7728;7496;,420.0;424.5;426.9;429.1;
67,26123,27438,420.05,424.6,c,4.55,6,26123;27438;,420.0;424.6;
68,27438,7728,420.05,422.3,c,2.25,2.9,27438;7728;,420.0;422.3;
69,27438,6463,420.05,428.7,c,8.65,11.2,27438;7728;7496;6463;,420.0;422.2;424.5;428.7;
70,6463,7496,420.05,424.2,c,4.15,5.5,6463;7496;,420.0;424.2;
71,27438,7496,420.05,424.5,c,4.45,5.7,27438;7728;7496;,420.0;422.2;424.5;
72,7496,7728,420.05,422.2,c,2.15,2.8,7496;7728;,420.0;422.2;
73,7496,6463,420.05,424.2,c,4.15,5.5,7496;6463;,420.0;424.2;
74,6463,7496,420.05,424.2,c,4.15,5.5,6463;7496;,420.0;424.2;
75,26123,27438,420.05,424.6,c,4.55,6,26123;27438;,420.0;424.6;
76,7496,27438,420.05,424.5,c,4.45,5.7,7496;7728;27438;,420.0;422.2;424.5;
77,7496,7728,420.05,422.2,c,2.15,2.8,7496;7728;,420.0;422.2;
78,7728,27438,420.05,422.3,c,2.25,2.9,7728;27438;,420.0;422.3;
79,27438,7728,420.06,422.3,c,2.24,2.9,27438;7728;,420.0;422.3;
80,6463,7496,420.06,424.2,c,4.14,5.5,6463;7496;,420.0;424.2;
81,26123,6463,420.06,433.4,c,13.34,17.2,26123;27438;7728;7496;6463;,420.0;424.6;426.9;429.0;433.4;
82,7728,7496,420.06,422.2,c,2.14,2.8,7728;7496;,420.0;422.2;
83,6463,7728,420.06,427.3,c,7.24,8.3,6463;7496;7728;,420.0;424.2;427.3;
84,26123,7496,420.06,429.1,c,9.04,11.7,26123;27438;7728;7496;,420.0;424.6;426.9;429.1;
85,6463,7496,420.06,424.2,c,4.14,5.5,6463;7496;,420.0;424.2;
86,27438,26123,420.06,424.6,c,4.54,6,27438;26123;,420.0;424.6;
87,26123,27438,420.06,424.6,c,4.54,6,26123;27438;,420.0;424.6;
88,7496,7728,420.06,422.2,c,2.14,2.8,7496;7728;,420.0;422.2;
89,7496,6463,420.06,424.2,c,4.14,5.5,7496;6463;,420.0;424.2;
90,27438,7496,420.06,424.5,c,4.44,5.7,27438;7728;7496;,420.0;422.2;424.5;
91,6463,26123,420.06,434.2,c,14.14,17.2,6463;7496;7728;27438;26123;,420.0;424.2;427.3;429.6;434.2;
92,26123,7728,420.06,426.9,c,6.84,8.9,26123;27438;7728;,420.0;424.6;426.9;
93,6463,7496,420.06,424.3,c,4.24,5.5,6463;7496;,420.0;424.3;
94,27438,7728,420.06,422.3,c,2.24,2.9,27438;7728;,420.0;422.3;
95,6463,27438,420.06,429.8,c,9.74,11.2,6463;7496;7728;27438;,420.0;424.3;427.5;429.8;
96,7496,26123,420.06,429.1,c,9.04,11.7,7496;7728;27438;26123;,420.0;422.2;424.5;429.1;
97,26123,27438,420.06,424.6,c,4.54,6,26123;27438;,420.0;424.6;
98,7496,7728,420.07,422.2,c,2.13,2.8,7496;7728;,420.0;422.2;
99,6463,7496,420.07,424.3,c,4.23,5.5,6463;7496;,420.0;424.3;
100,7496,27438,420.07,424.5,c,4.43,5.7,7496;7728;27438;,420.0;422.2;424.5;
101,7728,7496,420.07,422.2,c,2.13,2.8,7728;7496;,420.0;422.2;
102,7496,6463,420.07,424.2,c,4.13,5.5,7496;6463;,420.0;424.2;
103,6463,7496,420.07,424.3,c,4.23,5.5,6463;7496;,420.0;424.3;
104,26123,7496,420.07,429.1,c,9.03,11.7,26123;27438;7728;7496;,420.0;424.6;426.9;429.1;
105,7496,7728,420.07,422.2,c,2.13,2.8,7496;7728;,420.0;422.2;
106,26123,27438,420.07,424.6,c,4.53,6,26123;27438;,420.0;424.6;
107,27438,7728,420.07,422.3,c,2.23,2.9,27438;7728;,420.0;422.3;
108,6463,7496,420.07,424.3,c,4.23,5.5,6463;7496;,420.0;424.3;
109,27438,7496,420.07,424.5,c,4.43,5.7,27438;7728;7496;,420.0;422.2;424.5;
110,7728,27438,420.07,422.3,c,2.23,2.9,7728;27438;,420.0;422.3;
111,27438,26123,420.07,424.6,c,4.53,6,27438;26123;,420.0;424.6;
112,7496,7728,420.08,422.2,c,2.12,2.8,7496;7728;,420.0;422.2;
113,6463,7496,420.08,424.3,c,4.22,5.5,6463;7496;,420.0;424.3;
114,26123,27438,420.08,424.6,c,4.52,6,26123;27438;,420.0;424.6;
115,26123,7728,420.08,426.9,c,6.82,8.9,26123;27438;7728;,420.0;424.6;426.9;
116,6463,7728,420.08,427.5,c,7.42,8.3,6463;7496;7728;,420.0;424.2;427.5;
117,7496,6463,420.08,424.2,c,4.12,5.5,7496;6463;,420.0;424.2;
118,27438,7728,420.08,422.3,c,2.22,2.9,27438;7728;,420.0;422.3;
119,7728,7496,420.08,422.2,c,2.12,2.8,7728;7496;,420.0;422.2;
120,6463,7496,420.08,424.3,c,4.22,5.5,6463;7496;,420.0;424.3;
121,7496,27438,420.08,424.5,c,4.42,5.7,7496;7728;27438;,420.0;422.2;424.5;
122,26123,7496,420.08,429.2,c,9.12,11.7,26123;27438;7728;7496;,420.0;424.6;427.0;429.2;
123,7496,7728,420.08,422.2,c,2.12,2.8,7496;7728;,420.0;422.2;
124,26123,27438,420.08,424.6,c,4.52,6,26123;27438;,420.0;424.6;
125,6463,7496,420.08,424.3,c,4.22,5.5,6463;7496;,420.0;424.3;
126,26123,6463,420.08,433.4,c,13.32,17.2,26123;27438;7728;7496;6463;,420.0;424.6;427.0;429.1;433.4;
127,6463,27438,420.08,429.8,c,9.72,11.2,6463;7496;7728;27438;,420.0;424.2;427.5;429.8;
128,27438,7496,420.09,424.5,c,4.41,5.7,27438;7728;7496;,420.0;422.3;424.5;
129,7496,6463,420.09,424.2,c,4.11,5.5,7496;6463;,420.0;424.2;
130,6463,7496,420.09,424.3,c,4.21,5.5,6463;7496;,420.0;424.3;
131,27438,7728,420.09,422.3,c,2.21,2.9,27438;7728;,420.0;422.3;
132,7496,7728,420.09,422.2,c,2.11,2.8,7496;7728;,420.0;422.2;
133,27438,26123,420.09,424.6,c,4.51,6,27438;26123;,420.0;424.6;
134,26123,27438,420.09,424.7,c,4.61,6,26123;27438;,420.0;424.7;
135,7728,26123,420.09,426.9,c,6.81,8.9,7728;27438;26123;,420.0;422.3;426.9;
136,6463,7496,420.09,424.3,c,4.21,5.5,6463;7496;,420.0;424.3;
137,7728,7496,420.09,422.2,c,2.11,2.8,7728;7496;,420.0;422.2;
138,7728,27438,420.09,422.3,c,2.21,2.9,7728;27438;,420.0;422.3;
139,7496,7728,420.09,422.2,c,2.11,2.8,7496;7728;,420.0;422.2;
140,6463,26123,420.09,434.4,c,14.31,17.2,6463;7496;7728;27438;26123;,420.0;424.2;427.5;429.8;434.4;
141,26123,7728,420.09,427.1,c,7.01,8.9,26123;27438;7728;,420.0;424.6;427.1;
142,26123,7496,420.09,429.3,c,9.21,11.7,26123;27438;7728;7496;,420.0;424.6;427.1;429.3;
143,6463,7496,420.09,424.3,c,4.21,5.5,6463;7496;,420.0;424.3;
144,7496,27438,420.09,424.5,c,4.41,5.7,7496;7728;27438;,420.0;422.2;424.5;
145,26123,27438,420.09,424.7,c,4.61,6,26123;27438;,420.0;424.7;
146,7496,6463,420.09,424.2,c,4.11,5.5,7496;6463;,420.0;424.2;
147,27438,7728,420.09,422.3,c,2.21,2.9,27438;7728;,420.0;422.3;
148,27438,6463,420.1,428.7,c,8.6,11.2,27438;7728;7496;6463;,420.0;422.3;424.5;428.7;
149,7496,26123,420.1,429.1,c,9,11.7,7496;7728;27438;26123;,420.0;422.2;424.5;429.1;
150,6463,7728,420.1,427.5,c,7.4,8.3,6463;7496;7728;,420.0;424.2;427.5;
151,6463,7496,420.1,424.3,c,4.2,5.5,6463;7496;,420.0;424.3;
152,27438,7496,420.1,424.5,c,4.4,5.7,27438;7728;7496;,420.0;422.3;424.5;
153,7496,7728,420.1,422.2,c,2.1,2.8,7496;7728;,420.0;422.2;
154,7728,6463,420.1,426.4,c,6.3,8.3,7728;7496;6463;,420.1;422.2;426.4;
155,26123,27438,420.1,424.7,c,4.6,6,26123;27438;,420.1;424.7;
156,6463,7496,420.1,424.3,c,4.2,5.5,6463;7496;,420.1;424.3;
157,7728,7496,420.1,422.2,c,2.1,2.8,7728;7496;,420.1;422.2;
158,27438,7728,420.1,422.3,c,2.2,2.9,27438;7728;,420.1;422.3;
159,27438,26123,420.1,424.6,c,4.5,6,27438;26123;,420.1;424.6;
160,7496,7728,420.1,422.3,c,2.2,2.8,7496;7728;,420.1;422.3;
161,7496,6463,420.1,424.3,c,4.2,5.5,7496;6463;,420.1;424.3;
162,6463,7496,420.1,424.3,c,4.2,5.5,6463;7496;,420.1;424.3;
163,26123,7496,420.1,429.3,c,9.2,11.7,26123;27438;7728;7496;,420.1;424.6;427.1;429.3;
164,6463,27438,420.11,429.8,c,9.69,11.2,6463;7496;7728;27438;,420.1;424.2;427.5;429.8;
165,26123,27438,420.11,424.7,c,4.59,6,26123;27438;,420.1;424.7;
166,6463,7496,420.11,424.3,c,4.19,5.5,6463;7496;,420.1;424.3;
167,7496,27438,420.11,424.6,c,4.49,5.7,7496;7728;27438;,420.1;422.2;424.6;
168,26123,7728,420.11,427.1,c,6.99,8.9,26123;27438;7728;,420.1;424.6;427.1;
169,7496,7728,420.11,422.3,c,2.19,2.8,7496;7728;,420.1;422.3;
170,27438,7496,420.11,424.5,c,4.39,5.7,27438;7728;7496;,420.1;422.3;424.5;
171,7728,27438,420.11,422.3,c,2.19,2.9,7728;27438;,420.1;422.3;
172,27438,7728,420.11,422.3,c,2.19,2.9,27438;7728;,420.1;422.3;
173,6463,7496,420.11,424.3,c,4.19,5.5,6463;7496;,420.1;424.3;
174,26123,6463,420.11,433.6,c,13.49,17.2,26123;27438;7728;7496;6463;,420.1;424.6;427.1;429.2;433.6;
175,7496,6463,420.11,424.3,c,4.19,5.5,7496;6463;,420.1;424.3;
176,26123,27438,420.11,424.7,c,4.59,6,26123;27438;,420.1;424.7;
177,7728,7496,420.11,422.2,c,2.09,2.8,7728;7496;,420.1;422.2;
178,7496,7728,420.11,422.3,c,2.19,2.8,7496;7728;,420.1;422.3;
179,6463,7496,420.11,424.3,c,4.19,5.5,6463;7496;,420.1;424.3;
180,6463,7728,420.12,427.5,c,7.38,8.3,6463;7496;7728;,420.1;424.2;427.5;
181,26123,7496,420.12,429.3,c,9.18,11.7,26123;27438;7728;7496;,420.1;424.6;427.1;429.3;
182,6463,7496,420.12,424.3,c,4.18,5.5,6463;7496;,420.1;424.3;
183,27438,26123,420.12,424.6,c,4.48,6,27438;26123;,420.1;424.6;
184,26123,27438,420.12,424.7,c,4.58,6,26123;27438;,420.1;424.7;
185,27438,7728,420.12,422.3,c,2.18,2.9,27438;7728;,420.1;422.3;
186,7496,7728,420.12,422.3,c,2.18,2.8,7496;7728;,420.1;422.3;
187,7496,6463,420.12,424.3,c,4.18,5.5,7496;6463;,420.1;424.3;
188,7496,27438,420.12,424.6,c,4.48,5.7,7496;7728;27438;,420.1;422.2;424.6;
189,6463,7496,420.12,424.4,c,4.28,5.5,6463;7496;,420.1;424.4;
190,27438,7496,420.12,424.5,c,4.38,5.7,27438;7728;7496;,420.1;422.3;424.5;
191,6463,26123,420.12,434.5,c,14.38,17.2,6463;7496;7728;27438;26123;,420.1;424.4;427.6;429.9;434.5;
192,26123,7728,420.12,427.1,c,6.98,8.9,26123;27438;7728;,420.1;424.6;427.1;
193,26123,27438,420.12,424.7,c,4.58,6,26123;27438;,420.1;424.7;
194,6463,7496,420.12,424.4,c,4.28,5.5,6463;7496;,420.1;424.4;
195,7728,7496,420.12,422.3,c,2.18,2.8,7728;7496;,420.1;422.3;
196,7496,7728,420.13,422.3,c,2.17,2.8,7496;7728;,420.1;422.3;
197,27438,7728,420.13,422.3,c,2.17,2.9,27438;7728;,420.1;422.3;
198,6463,27438,420.13,429.9,c,9.77,11.2,6463;7496;7728;27438;,420.1;424.4;427.6;429.9;
199,26123,7496,420.13,429.3,c,9.17,11.7,26123;27438;7728;7496;,420.1;424.6;427.1;429.3;
200,7728,27438,420.13,422.3,c,2.17,2.9,7728;27438;,420.1;422.3;
201,7496,26123,420.13,429.2,c,9.07,11.7,7496;7728;27438;26123;,420.1;422.2;424.6;429.2;
202,6463,7496,420.13,424.4,c,4.27,5.5,6463;7496;,420.1;424.4;
203,7496,6463,420.13,424.3,c,4.17,5.5,7496;6463;,420.1;424.3;
204,26123,27438,420.13,424.7,c,4.57,6,26123;27438;,420.1;424.7;
205,7496,7728,420.13,422.3,c,2.17,2.8,7496;7728;,420.1;422.3;
206,6463,7496,420.13,424.4,c,4.27,5.5,6463;7496;,420.1;424.4;
207,27438,26123,420.13,424.7,c,4.57,6,27438;26123;,420.1;424.7;
208,27438,7496,420.13,424.5,c,4.37,5.7,27438;7728;7496;,420.1;422.3;424.5;
209,27438,7728,420.13,422.3,c,2.17,2.9,27438;7728;,420.1;422.3;
210,7496,27438,420.13,424.6,c,4.47,5.7,7496;7728;27438;,420.1;422.2;424.6;
211,6463,7496,420.14,424.4,c,4.26,5.5,6463;7496;,420.1;424.4;
212,6463,7728,420.14,427.6,c,7.46,8.3,6463;7496;7728;,420.1;424.4;427.6;
213,26123,27438,420.14,424.7,c,4.56,6,26123;27438;,420.1;424.7;
214,7496,7728,420.14,422.3,c,2.16,2.8,7496;7728;,420.1;422.3;
215,7728,7496,420.14,422.3,c,2.16,2.8,7728;7496;,420.1;422.3;
216,7496,6463,420.14,424.3,c,4.16,5.5,7496;6463;,420.1;424.3;
217,6463,7496,420.14,424.4,c,4.26,5.5,6463;7496;,420.1;424.4;
218,26123,7728,420.14,427.1,c,6.96,8.9,26123;27438;7728;,420.1;424.6;427.1;
219,26123,6463,420.14,433.6,c,13.46,17.2,26123;27438;7728;7496;6463;,420.1;424.6;427.1;429.2;433.6;
220,26123,7496,420.14,429.3,c,9.16,11.7,26123;27438;7728;7496;,420.1;424.6;427.1;429.3;
221,7496,7728,420.14,422.3,c,2.16,2.8,7496;7728;,420.1;422.3;
222,26123,27438,420.14,424.7,c,4.56,6,26123;27438;,420.1;424.7;
223,6463,7496,420.14,424.4,c,4.26,5.5,6463;7496;,420.1;424.4;
224,27438,7728,420.14,422.3,c,2.16,2.9,27438;7728;,420.1;422.3;
225,27438,6463,420.14,428.7,c,8.56,11.2,27438;7728;7496;6463;,420.1;422.3;424.4;428.7;
226,6463,7496,420.15,424.4,c,4.25,5.5,6463;7496;,420.1;424.4;
227,27438,7496,420.15,424.6,c,4.45,5.7,27438;7728;7496;,420.1;422.3;424.6;
228,7728,27438,420.15,422.4,c,2.25,2.9,7728;27438;,420.1;422.4;
229,7496,6463,420.15,424.3,c,4.15,5.5,7496;6463;,420.1;424.3;
230,7496,7728,420.15,422.3,c,2.15,2.8,7496;7728;,420.1;422.3;
231,27438,26123,420.15,424.7,c,4.55,6,27438;26123;,420.1;424.7;
232,26123,27438,420.15,424.7,c,4.55,6,26123;27438;,420.1;424.7;
233,7728,7496,420.15,422.3,c,2.15,2.8,7728;7496;,420.1;422.3;
234,7496,27438,420.15,424.6,c,4.45,5.7,7496;7728;27438;,420.1;422.2;424.6;
235,6463,27438,420.15,429.9,c,9.75,11.2,6463;7496;7728;27438;,420.1;424.4;427.6;429.9;
236,6463,7496,420.15,424.4,c,4.25,5.5,6463;7496;,420.1;424.4;
237,27438,7728,420.15,422.4,c,2.25,2.9,27438;7728;,420.1;422.4;
238,26123,7496,420.15,429.3,c,9.15,11.7,26123;27438;7728;7496;,420.1;424.7;427.1;429.3;
239,7496,7728,420.15,422.3,c,2.15,2.8,7496;7728;,420.1;422.3;
240,6463,7496,420.15,424.4,c,4.25,5.5,6463;7496;,420.1;424.4;
241,26123,27438,420.15,424.7,c,4.55,6,26123;27438;,420.1;424.7;
242,6463,26123,420.15,434.5,c,14.35,17.2,6463;7496;7728;27438;26123;,420.1;424.4;427.6;429.9;434.5;
243,26123,7728,420.15,427.2,c,7.05,8.9,26123;27438;7728;,420.1;424.8;427.2;
244,6463,7728,420.15,427.6,c,7.45,8.3,6463;7496;7728;,420.1;424.4;427.6;
245,7496,6463,420.16,424.3,c,4.14,5.5,7496;6463;,420.1;424.3;
246,6463,7496,420.16,424.4,c,4.24,5.5,6463;7496;,420.1;424.4;
247,7496,7728,420.16,422.3,c,2.14,2.8,7496;7728;,420.1;422.3;
248,27438,7728,420.16,422.4,c,2.24,2.9,27438;7728;,420.1;422.4;
249,27438,7496,420.16,424.6,c,4.44,5.7,27438;7728;7496;,420.1;422.3;424.6;
250,7728,7496,420.16,422.3,c,2.14,2.8,7728;7496;,420.1;422.3;
251,26123,27438,420.16,424.8,c,4.64,6,26123;27438;,420.1;424.8;
252,6463,7496,420.16,424.4,c,4.24,5.5,6463;7496;,420.1;424.4;
253,7496,26123,420.16,429.2,c,9.04,11.7,7496;7728;27438;26123;,420.1;422.3;424.6;429.2;
254,7496,27438,420.16,424.6,c,4.44,5.7,7496;7728;27438;,420.1;422.3;424.6;
255,27438,26123,420.16,424.7,c,4.54,6,27438;26123;,420.1;424.7;
256,26123,7496,420.16,429.4,c,9.24,11.7,26123;27438;7728;7496;,420.1;424.8;427.2;429.4;
257,6463,7496,420.16,424.4,c,4.24,5.5,6463;7496;,420.1;424.4;
258,7496,7728,420.16,422.3,c,2.14,2.8,7496;7728;,420.1;422.3;
259,7496,6463,420.16,424.3,c,4.14,5.5,7496;6463;,420.1;424.3;
260,7728,27438,420.16,422.4,c,2.24,2.9,7728;27438;,420.1;422.4;
261,26123,27438,420.17,424.8,c,4.63,6,26123;27438;,420.1;424.8;
262,27438,7728,420.17,422.4,c,2.23,2.9,27438;7728;,420.1;422.4;
263,6463,7496,420.17,424.4,c,4.23,5.5,6463;7496;,420.1;424.4;
264,26123,6463,420.17,433.6,c,13.43,17.2,26123;27438;7728;7496;6463;,420.1;424.8;427.2;429.3;433.6;
265,7496,7728,420.17,422.3,c,2.13,2.8,7496;7728;,420.1;422.3;
266,6463,27438,420.17,429.9,c,9.73,11.2,6463;7496;7728;27438;,420.1;424.3;427.6;429.9;
267,6463,7496,420.17,424.4,c,4.23,5.5,6463;7496;,420.1;424.4;
268,26123,7728,420.17,427.2,c,7.03,8.9,26123;27438;7728;,420.1;424.8;427.2;
269,27438,7496,420.17,424.6,c,4.43,5.7,27438;7728;7496;,420.1;422.3;424.6;
270,7728,7496,420.17,422.3,c,2.13,2.8,7728;7496;,420.1;422.3;
271,26123,27438,420.17,424.8,c,4.63,6,26123;27438;,420.1;424.8;
272,7496,6463,420.17,424.3,c,4.13,5.5,7496;6463;,420.1;424.3;
273,6463,7496,420.17,424.4,c,4.23,5.5,6463;7496;,420.1;424.4;
274,27438,7728,420.17,422.4,c,2.23,2.9,27438;7728;,420.1;422.4;
275,6463,7728,420.17,427.6,c,7.43,8.3,6463;7496;7728;,420.1;424.3;427.6;
276,7496,7728,420.17,422.3,c,2.13,2.8,7496;7728;,420.1;422.3;
277,26123,7496,420.17,429.4,c,9.23,11.7,26123;27438;7728;7496;,420.1;424.8;427.2;429.4;
278,7496,27438,420.17,424.6,c,4.43,5.7,7496;7728;27438;,420.1;422.3;424.6;
279,6463,7496,420.18,424.5,c,4.32,5.5,6463;7496;,420.1;424.5;
280,27438,26123,420.18,424.7,c,4.52,6,27438;26123;,420.1;424.7;
281,26123,27438,420.18,424.8,c,4.62,6,26123;27438;,420.1;424.8;
282,7728,26123,420.18,427,c,6.82,8.9,7728;27438;26123;,420.1;422.4;427.0;
283,7496,7728,420.18,422.3,c,2.12,2.8,7496;7728;,420.1;422.3;
284,6463,7496,420.18,424.5,c,4.32,5.5,6463;7496;,420.1;424.5;
285,7496,6463,420.18,424.3,c,4.12,5.5,7496;6463;,420.1;424.3;
286,7728,7496,420.18,422.3,c,2.12,2.8,7728;7496;,420.1;422.3;
287,27438,7728,420.18,422.4,c,2.22,2.9,27438;7728;,420.1;422.4;
288,27438,7496,420.18,424.6,c,4.42,5.7,27438;7728;7496;,420.1;422.4;424.6;
289,7728,27438,420.18,422.4,c,2.22,2.9,7728;27438;,420.1;422.4;
290,26123,27438,420.18,424.8,c,4.62,6,26123;27438;,420.1;424.8;
291,6463,7496,420.18,424.5,c,4.32,5.5,6463;7496;,420.1;424.5;
292,7496,7728,420.18,422.3,c,2.12,2.8,7496;7728;,420.1;422.3;
293,6463,26123,420.19,434.7,c,14.51,17.2,6463;7496;7728;27438;26123;,420.1;424.5;427.8;430.1;434.7;
294,26123,7728,420.19,427.2,c,7.01,8.9,26123;27438;7728;,420.1;424.8;427.2;
295,26123,7496,420.19,429.4,c,9.21,11.7,26123;27438;7728;7496;,420.1;424.8;427.2;429.4;
296,6463,7496,420.19,424.5,c,4.31,5.5,6463;7496;,420.1;424.5;
297,7496,27438,420.19,424.7,c,4.51,5.7,7496;7728;27438;,420.1;422.3;424.7;
298,26123,27438,420.19,424.8,c,4.61,6,26123;27438;,420.1;424.8;
299,7496,6463,420.19,424.3,c,4.11,5.5,7496;6463;,420.1;424.3;
300,27438,7728,420.19,422.4,c,2.21,2.9,27438;7728;,420.1;422.4;
301,7496,7728,420.19,422.4,c,2.21,2.8,7496;7728;,420.1;422.4;
302,6463,27438,420.19,430.1,c,9.91,11.2,6463;7496;7728;27438;,420.1;424.5;427.8;430.1;
303,27438,6463,420.19,428.9,c,8.71,11.2,27438;7728;7496;6463;,420.1;422.4;424.6;428.9;
304,6463,7496,420.19,424.5,c,4.31,5.5,6463;7496;,420.1;424.5;
305,27438,26123,420.19,424.7,c,4.51,6,27438;26123;,420.1;424.7;
306,7496,26123,420.19,429.3,c,9.11,11.7,7496;7728;27438;26123;,420.1;422.3;424.7;429.3;
307,7728,7496,420.19,422.3,c,2.11,2.8,7728;7496;,420.1;422.3;
308,6463,7728,420.19,427.8,c,7.61,8.3,6463;7496;7728;,420.1;424.5;427.8;
309,6463,7496,420.19,424.5,c,4.31,5.5,6463;7496;,420.1;424.5;
310,27438,7496,420.19,424.6,c,4.41,5.7,27438;7728;7496;,420.1;422.4;424.6;
311,26123,6463,420.19,433.6,c,13.41,17.2,26123;27438;7728;7496;6463;,420.1;424.7;427.2;429.3;433.6;
312,26123,27438,420.19,424.8,c,4.61,6,26123;27438;,420.1;424.8;
313,7496,7728,420.2,422.4,c,2.2,2.8,7496;7728;,420.1;422.4;
314,26123,7496,420.2,429.4,c,9.2,11.7,26123;27438;7728;7496;,420.1;424.7;427.2;429.4;
315,6463,7496,420.2,424.5,c,4.3,5.5,6463;7496;,420.1;424.5;
316,27438,7728,420.2,422.4,c,2.2,2.9,27438;7728;,420.1;422.4;
317,7496,6463,420.2,424.4,c,4.2,5.5,7496;6463;,420.1;424.4;
318,7728,6463,420.2,426.6,c,6.4,8.3,7728;7496;6463;,420.2;422.3;426.6;
319,26123,7728,420.2,427.2,c,7,8.9,26123;27438;7728;,420.2;424.7;427.2;
320,26123,27438,420.2,424.8,c,4.6,6,26123;27438;,420.2;424.8;
321,7728,27438,420.2,422.4,c,2.2,2.9,7728;27438;,420.2;422.4;
322,6463,7496,420.2,424.5,c,4.3,5.5,6463;7496;,420.2;424.5;
323,7496,7728,420.2,422.4,c,2.2,2.8,7496;7728;,420.2;422.4;
324,7496,27438,420.2,424.7,c,4.5,5.7,7496;7728;27438;,420.2;422.3;424.7;
325,7728,7496,420.2,422.3,c,2.1,2.8,7728;7496;,420.2;422.3;
326,6463,7496,420.2,424.5,c,4.3,5.5,6463;7496;,420.2;424.5;
327,27438,7728,420.21,422.4,c,2.19,2.9,27438;7728;,420.2;422.4;
328,27438,26123,420.21,424.7,c,4.49,6,27438;26123;,420.2;424.7;
329,7496,7728,420.21,422.4,c,2.19,2.8,7496;7728;,420.2;422.4;
330,26123,27438,420.21,424.8,c,4.59,6,26123;27438;,420.2;424.8;
331,27438,7496,420.21,424.6,c,4.39,5.7,27438;7728;7496;,420.2;422.4;424.6;
332,7496,6463,420.21,424.4,c,4.19,5.5,7496;6463;,420.2;424.4;
333,6463,7496,420.21,424.5,c,4.29,5.5,6463;7496;,420.2;424.5;
334,26123,7496,420.21,429.4,c,9.19,11.7,26123;27438;7728;7496;,420.2;424.7;427.2;429.4;
335,6463,7496,420.21,424.5,c,4.29,5.5,6463;7496;,420.2;424.5;
336,6463,27438,420.21,430.1,c,9.89,11.2,6463;7496;7728;27438;,420.2;424.5;427.8;430.1;
337,7496,7728,420.21,422.4,c,2.19,2.8,7496;7728;,420.2;422.4;
338,26123,27438,420.21,424.8,c,4.59,6,26123;27438;,420.2;424.8;
339,6463,7728,420.21,427.8,c,7.59,8.3,6463;7496;7728;,420.2;424.5;427.8;
340,27438,7728,420.21,422.4,c,2.19,2.9,27438;7728;,420.2;422.4;
341,6463,7496,420.21,424.5,c,4.29,5.5,6463;7496;,420.2;424.5;
342,7496,27438,420.22,424.7,c,4.48,5.7,7496;7728;27438;,420.2;422.3;424.7;
343,7496,6463,420.22,424.4,c,4.18,5.5,7496;6463;,420.2;424.4;
344,7728,7496,420.22,422.3,c,2.08,2.8,7728;7496;,420.2;422.3;
345,6463,26123,420.22,434.7,c,14.48,17.2,6463;7496;7728;27438;26123;,420.2;424.5;427.8;430.1;434.7;
346,26123,7728,420.22,427.2,c,6.98,8.9,26123;27438;7728;,420.2;424.7;427.2;
347,7496,7728,420.22,422.4,c,2.18,2.8,7496;7728;,420.2;422.4;
348,6463,7496,420.22,424.5,c,4.28,5.5,6463;7496;,420.2;424.5;
349,26123,27438,420.22,424.8,c,4.58,6,26123;27438;,420.2;424.8;
350,27438,7496,420.22,424.6,c,4.38,5.7,27438;7728;7496;,420.2;422.4;424.6;
351,7728,27438,420.22,422.4,c,2.18,2.9,7728;27438;,420.2;422.4;
352,26123,7496,420.22,429.4,c,9.18,11.7,26123;27438;7728;7496;,420.2;424.7;427.2;429.4;
353,27438,26123,420.22,424.8,c,4.58,6,27438;26123;,420.2;424.8;
354,27438,7728,420.22,422.4,c,2.18,2.9,27438;7728;,420.2;422.4;
355,6463,7496,420.22,424.5,c,4.28,5.5,6463;7496;,420.2;424.5;
356,26123,6463,420.22,433.9,c,13.68,17.2,26123;27438;7728;7496;6463;,420.2;424.9;427.4;429.5;433.9;
357,7496,7728,420.22,422.4,c,2.18,2.8,7496;7728;,420.2;422.4;
358,7496,6463,420.22,424.4,c,4.18,5.5,7496;6463;,420.2;424.4;
359,7496,26123,420.22,429.3,c,9.08,11.7,7496;7728;27438;26123;,420.2;422.3;424.7;429.3;
360,26123,27438,420.22,424.9,c,4.68,6,26123;27438;,420.2;424.9;
361,6463,7496,420.23,424.5,c,4.27,5.5,6463;7496;,420.2;424.5;
362,7728,7496,420.23,422.4,c,2.17,2.8,7728;7496;,420.2;422.4;
363,7496,7728,420.23,422.4,c,2.17,2.8,7496;7728;,420.2;422.4;
364,6463,7496,420.23,424.5,c,4.27,5.5,6463;7496;,420.2;424.5;
365,7496,27438,420.23,424.7,c,4.47,5.7,7496;7728;27438;,420.2;422.3;424.7;
366,27438,7728,420.23,422.4,c,2.17,2.9,27438;7728;,420.2;422.4;
367,26123,27438,420.23,424.9,c,4.67,6,26123;27438;,420.2;424.9;
368,27438,7496,420.23,424.6,c,4.37,5.7,27438;7728;7496;,420.2;422.4;424.6;
369,26123,7728,420.23,427.4,c,7.17,8.9,26123;27438;7728;,420.2;424.9;427.4;
370,6463,7728,420.23,427.8,c,7.57,8.3,6463;7496;7728;,420.2;424.5;427.8;
371,26123,7496,420.23,429.6,c,9.37,11.7,26123;27438;7728;7496;,420.2;424.9;427.4;429.6;
372,6463,7496,420.23,424.5,c,4.27,5.5,6463;7496;,420.2;424.5;
373,6463,27438,420.23,430.2,c,9.97,11.2,6463;7496;7728;27438;,420.2;424.6;427.9;430.2;
374,7496,6463,420.23,424.4,c,4.17,5.5,7496;6463;,420.2;424.4;
375,7496,7728,420.23,422.4,c,2.17,2.8,7496;7728;,420.2;422.4;
376,6463,7496,420.24,424.6,c,4.36,5.5,6463;7496;,420.2;424.6;
377,27438,26123,420.24,424.8,c,4.56,6,27438;26123;,420.2;424.8;
378,26123,27438,420.24,424.9,c,4.66,6,26123;27438;,420.2;424.9;
379,27438,7728,420.24,422.4,c,2.16,2.9,27438;7728;,420.2;422.4;
380,7728,27438,420.24,422.4,c,2.16,2.9,7728;27438;,420.2;422.4;
381,27438,6463,420.24,428.9,c,8.66,11.2,27438;7728;7496;6463;,420.2;422.4;424.5;428.9;
382,7728,7496,420.24,422.4,c,2.16,2.8,7728;7496;,420.2;422.4;
383,6463,7496,420.24,424.6,c,4.36,5.5,6463;7496;,420.2;424.6;
384,7496,7728,420.24,422.4,c,2.16,2.8,7496;7728;,420.2;422.4;
385,7496,6463,420.24,424.4,c,4.16,5.5,7496;6463;,420.2;424.4;
386,26123,27438,420.24,424.9,c,4.66,6,26123;27438;,420.2;424.9;
387,7496,27438,420.24,424.7,c,4.46,5.7,7496;7728;27438;,420.2;422.3;424.7;
388,6463,7496,420.24,424.6,c,4.36,5.5,6463;7496;,420.2;424.6;
389,27438,7496,420.24,424.6,c,4.36,5.7,27438;7728;7496;,420.2;422.4;424.6;
390,26123,7496,420.24,429.6,c,9.36,11.7,26123;27438;7728;7496;,420.2;424.9;427.4;429.6;
391,7496,7728,420.24,422.4,c,2.16,2.8,7496;7728;,420.2;422.4;
392,27438,7728,420.25,422.5,c,2.25,2.9,27438;7728;,420.2;422.5;
393,6463,7496,420.25,424.6,c,4.35,5.5,6463;7496;,420.2;424.6;
394,6463,26123,420.25,434.8,c,14.55,17.2,6463;7496;7728;27438;26123;,420.2;424.6;427.9;430.2;434.8;
395,26123,7728,420.25,427.4,c,7.15,8.9,26123;27438;7728;,420.2;424.9;427.4;
396,26123,27438,420.25,424.9,c,4.65,6,26123;27438;,420.2;424.9;
397,6463,7496,420.25,424.6,c,4.35,5.5,6463;7496;,420.2;424.6;
398,7728,7496,420.25,422.4,c,2.15,2.8,7728;7496;,420.2;422.4;
399,7496,6463,420.25,424.4,c,4.15,5.5,7496;6463;,420.2;424.4;
400,7496,7728,420.25,422.4,c,2.15,2.8,7496;7728;,420.2;422.4;
401,26123,6463,420.25,433.9,c,13.65,17.2,26123;27438;7728;7496;6463;,420.2;424.9;427.4;429.5;433.9;
402,27438,26123,420.25,424.8,c,4.55,6,27438;26123;,420.2;424.8;
403,6463,7728,420.25,427.9,c,7.65,8.3,6463;7496;7728;,420.2;424.6;427.9;
404,27438,7728,420.25,422.5,c,2.25,2.9,27438;7728;,420.2;422.5;
405,6463,7496,420.25,424.6,c,4.35,5.5,6463;7496;,420.2;424.6;
406,6463,27438,420.25,430.2,c,9.95,11.2,6463;7496;7728;27438;,420.2;424.6;427.9;430.2;
407,26123,27438,420.25,424.9,c,4.65,6,26123;27438;,420.2;424.9;
408,26123,7496,420.26,429.6,c,9.34,11.7,26123;27438;7728;7496;,420.2;424.9;427.4;429.6;
409,27438,7496,420.26,424.7,c,4.44,5.7,27438;7728;7496;,420.2;422.4;424.7;
410,7496,7728,420.26,422.4,c,2.14,2.8,7496;7728;,420.2;422.4;
411,7728,27438,420.26,422.5,c,2.24,2.9,7728;27438;,420.2;422.5;
412,7496,27438,420.26,424.7,c,4.44,5.7,7496;7728;27438;,420.2;422.4;424.7;
413,7496,26123,420.26,429.3,c,9.04,11.7,7496;7728;27438;26123;,420.2;422.4;424.7;429.3;
414,6463,7496,420.26,424.6,c,4.34,5.5,6463;7496;,420.2;424.6;
415,7496,6463,420.26,424.4,c,4.14,5.5,7496;6463;,420.2;424.4;
416,26123,27438,420.26,424.9,c,4.64,6,26123;27438;,420.2;424.9;
417,6463,7496,420.26,424.6,c,4.34,5.5,6463;7496;,420.2;424.6;
418,27438,7728,420.26,422.5,c,2.24,2.9,27438;7728;,420.2;422.5;
419,7496,7728,420.26,422.4,c,2.14,2.8,7496;7728;,420.2;422.4;
420,7728,7496,420.26,422.4,c,2.14,2.8,7728;7496;,420.2;422.4;
421,26123,7728,420.26,427.4,c,7.14,8.9,26123;27438;7728;,420.2;424.9;427.4;
422,6463,7496,420.26,424.6,c,4.34,5.5,6463;7496;,420.2;424.6;
423,27438,26123,420.27,424.8,c,4.53,6,27438;26123;,420.2;424.8;
424,26123,27438,420.27,424.9,c,4.63,6,26123;27438;,420.2;424.9;
425,7496,7728,420.27,422.4,c,2.13,2.8,7496;7728;,420.2;422.4;
426,6463,7496,420.27,424.6,c,4.33,5.5,6463;7496;,420.2;424.6;
427,26123,7496,420.27,429.6,c,9.33,11.7,26123;27438;7728;7496;,420.2;424.9;427.4;429.6;
428,7728,26123,420.27,427.1,c,6.83,8.9,7728;27438;26123;,420.2;422.4;427.1;
429,7496,6463,420.27,424.4,c,4.13,5.5,7496;6463;,420.2;424.4;
430,27438,7496,420.27,424.7,c,4.43,5.7,27438;7728;7496;,420.2;422.4;424.7;
431,27438,7728,420.27,422.5,c,2.23,2.9,27438;7728;,420.2;422.5;
432,7496,27438,420.27,424.8,c,4.53,5.7,7496;7728;27438;,420.2;422.5;424.8;
433,6463,7496,420.27,424.6,c,4.33,5.5,6463;7496;,420.2;424.6;
434,6463,7728,420.27,427.9,c,7.63,8.3,6463;7496;7728;,420.2;424.6;427.9;
435,26123,27438,420.27,424.9,c,4.63,6,26123;27438;,420.2;424.9;
436,7496,7728,420.27,422.5,c,2.23,2.8,7496;7728;,420.2;422.5;
437,7728,7496,420.27,422.4,c,2.13,2.8,7728;7496;,420.2;422.4;
438,6463,7496,420.27,424.6,c,4.33,5.5,6463;7496;,420.2;424.6;
439,7728,27438,420.27,422.5,c,2.23,2.9,7728;27438;,420.2;422.5;
440,6463,27438,420.27,430.2,c,9.93,11.2,6463;7496;7728;27438;,420.2;424.6;427.9;430.2;
441,7496,6463,420.28,424.4,c,4.12,5.5,7496;6463;,420.2;424.4;
442,27438,7728,420.28,422.5,c,2.22,2.9,27438;7728;,420.2;422.5;
443,6463,7496,420.28,424.6,c,4.32,5.5,6463;7496;,420.2;424.6;
444,7496,7728,420.28,422.5,c,2.22,2.8,7496;7728;,420.2;422.5;
445,26123,27438,420.28,424.9,c,4.62,6,26123;27438;,420.2;424.9;
446,6463,26123,420.28,434.8,c,14.52,17.2,6463;7496;7728;27438;26123;,420.2;424.6;427.9;430.2;434.8;
447,26123,7728,420.28,427.4,c,7.12,8.9,26123;27438;7728;,420.2;424.9;427.4;
448,26123,6463,420.28,433.9,c,13.62,17.2,26123;27438;7728;7496;6463;,420.2;424.9;427.4;429.5;433.9;
449,26123,7496,420.28,429.6,c,9.32,11.7,26123;27438;7728;7496;,420.2;424.9;427.4;429.6;
450,27438,7496,420.28,424.7,c,4.42,5.7,27438;7728;7496;,420.2;422.5;424.7;
451,27438,26123,420.28,424.8,c,4.52,6,27438;26123;,420.2;424.8;
452,6463,7496,420.28,424.6,c,4.32,5.5,6463;7496;,420.2;424.6;
453,7496,27438,420.28,424.8,c,4.52,5.7,7496;7728;27438;,420.2;422.5;424.8;
454,7496,7728,420.28,422.5,c,2.22,2.8,7496;7728;,420.2;422.5;
455,26123,27438,420.28,424.9,c,4.62,6,26123;27438;,420.2;424.9;
456,7728,7496,420.28,422.4,c,2.12,2.8,7728;7496;,420.2;422.4;
457,6463,7496,420.28,424.6,c,4.32,5.5,6463;7496;,420.2;424.6;
458,7496,6463,420.28,424.4,c,4.12,5.5,7496;6463;,420.2;424.4;
459,27438,7728,420.28,422.5,c,2.22,2.9,27438;7728;,420.2;422.5;
460,27438,6463,420.29,428.9,c,8.61,11.2,27438;7728;7496;6463;,420.2;422.5;424.7;428.9;
461,6463,7496,420.29,424.6,c,4.31,5.5,6463;7496;,420.2;424.6;
462,7496,7728,420.29,422.5,c,2.21,2.8,7496;7728;,420.2;422.5;
463,7496,26123,420.29,429.4,c,9.11,11.7,7496;7728;27438;26123;,420.2;422.5;424.8;429.4;
464,26123,27438,420.29,424.9,c,4.61,6,26123;27438;,420.2;424.9;
465,6463,7728,420.29,427.9,c,7.61,8.3,6463;7496;7728;,420.2;424.6;427.9;
466,26123,7496,420.29,429.7,c,9.41,11.7,26123;27438;7728;7496;,420.2;425.0;427.5;429.7;
467,6463,7496,420.29,424.7,c,4.41,5.5,6463;7496;,420.2;424.7;
468,27438,7496,420.29,424.7,c,4.41,5.7,27438;7728;7496;,420.2;422.5;424.7;
469,7728,27438,420.29,422.5,c,2.21,2.9,7728;27438;,420.2;422.5;
470,27438,7728,420.29,422.5,c,2.21,2.9,27438;7728;,420.2;422.5;
471,7496,6463,420.29,424.4,c,4.11,5.5,7496;6463;,420.2;424.4;
472,26123,7728,420.29,427.5,c,7.21,8.9,26123;27438;7728;,420.2;425.0;427.5;
473,7496,7728,420.29,422.5,c,2.21,2.8,7496;7728;,420.2;422.5;
474,6463,7496,420.29,424.7,c,4.41,5.5,6463;7496;,420.2;424.7;
475,27438,26123,420.29,424.8,c,4.51,6,27438;26123;,420.2;424.8;
476,26123,27438,420.3,425,c,4.7,6,26123;27438;,420.2;425.0;
477,7728,7496,420.3,422.4,c,2.1,2.8,7728;7496;,420.2;422.4;
478,7496,27438,420.3,424.8,c,4.5,5.7,7496;7728;27438;,420.2;422.4;424.8;
479,6463,27438,420.3,430.4,c,10.1,11.2,6463;7496;7728;27438;,420.2;424.7;428.1;430.4;
480,6463,7496,420.3,424.7,c,4.4,5.5,6463;7496;,420.2;424.7;
481,7496,7728,420.3,422.5,c,2.2,2.8,7496;7728;,420.2;422.5;
482,27438,7728,420.3,422.5,c,2.2,2.9,27438;7728;,420.3;422.5;
483,7728,6463,420.3,426.6,c,6.3,8.3,7728;7496;6463;,420.3;422.4;426.6;
484,26123,27438,420.3,425,c,4.7,6,26123;27438;,420.3;425.0;
485,6463,7496,420.3,424.7,c,4.4,5.5,6463;7496;,420.3;424.7;
486,7496,6463,420.3,424.5,c,4.2,5.5,7496;6463;,420.3;424.5;
487,26123,7496,420.3,429.7,c,9.4,11.7,26123;27438;7728;7496;,420.3;425.0;427.5;429.7;
488,27438,7496,420.3,424.7,c,4.4,5.7,27438;7728;7496;,420.3;422.5;424.7;
489,7496,7728,420.3,422.5,c,2.2,2.8,7496;7728;,420.3;422.5;
490,6463,7496,420.31,424.7,c,4.39,5.5,6463;7496;,420.3;424.7;
491,26123,6463,420.31,433.9,c,13.59,17.2,26123;27438;7728;7496;6463;,420.3;425.0;427.5;429.6;433.9;
492,7728,7496,420.31,422.4,c,2.09,2.8,7728;7496;,420.3;422.4;
493,26123,27438,420.31,425,c,4.69,6,26123;27438;,420.3;425.0;
494,27438,7728,420.31,422.5,c,2.19,2.9,27438;7728;,420.3;422.5;
495,6463,7496,420.31,424.7,c,4.39,5.5,6463;7496;,420.3;424.7;
496,6463,26123,420.31,435,c,14.69,17.2,6463;7496;7728;27438;26123;,420.3;424.7;428.1;430.4;435.0;
497,26123,7728,420.31,427.5,c,7.19,8.9,26123;27438;7728;,420.3;425.0;427.5;
498,6463,7728,420.31,428.1,c,7.79,8.3,6463;7496;7728;,420.3;424.7;428.1;
499,7496,27438,420.31,424.8,c,4.49,5.7,7496;7728;27438;,420.3;422.4;424.8;
500,27438,26123,420.31,424.8,c,4.49,6,27438;26123;,420.3;424.8;
501,7496,7728,420.31,422.5,c,2.19,2.8,7496;7728;,420.3;422.5;
502,7496,6463,420.31,424.5,c,4.19,5.5,7496;6463;,420.3;424.5;
503,7728,27438,420.31,422.5,c,2.19,2.9,7728;27438;,420.3;422.5;
504,6463,7496,420.31,424.7,c,4.39,5.5,6463;7496;,420.3;424.7;
505,26123,27438,420.31,425,c,4.69,6,26123;27438;,420.3;425.0;
506,26123,7496,420.31,429.7,c,9.39,11.7,26123;27438;7728;7496;,420.3;425.0;427.5;429.7;
507,7496,7728,420.32,422.5,c,2.18,2.8,7496;7728;,420.3;422.5;
508,6463,7496,420.32,424.7,c,4.38,5.5,6463;7496;,420.3;424.7;
509,27438,7728,420.32,422.5,c,2.18,2.9,27438;7728;,420.3;422.5;
510,27438,7496,420.32,424.7,c,4.38,5.7,27438;7728;7496;,420.3;422.5;424.7;
511,6463,27438,420.32,430.4,c,10.08,11.2,6463;7496;7728;27438;,420.3;424.7;428.1;430.4;
512,7728,7496,420.32,422.4,c,2.08,2.8,7728;7496;,420.3;422.4;
513,26123,27438,420.32,425,c,4.68,6,26123;27438;,420.3;425.0;
514,6463,7496,420.32,424.7,c,4.38,5.5,6463;7496;,420.3;424.7;
515,7496,6463,420.32,424.5,c,4.18,5.5,7496;6463;,420.3;424.5;
516,7496,26123,420.32,429.4,c,9.08,11.7,7496;7728;27438;26123;,420.3;422.4;424.8;429.4;
517,7496,7728,420.32,422.5,c,2.18,2.8,7496;7728;,420.3;422.5;
518,6463,7496,420.32,424.7,c,4.38,5.5,6463;7496;,420.3;424.7;
519,7496,27438,420.32,424.8,c,4.48,5.7,7496;7728;27438;,420.3;422.4;424.8;
520,27438,7728,420.32,422.5,c,2.18,2.9,27438;7728;,420.3;422.5;
521,26123,7728,420.32,427.5,c,7.18,8.9,26123;27438;7728;,420.3;425.0;427.5;
522,27438,26123,420.32,424.9,c,4.58,6,27438;26123;,420.3;424.9;
523,26123,27438,420.32,425,c,4.68,6,26123;27438;,420.3;425.0;
524,26123,7496,420.33,429.7,c,9.37,11.7,26123;27438;7728;7496;,420.3;425.0;427.5;429.7;
525,6463,7496,420.33,424.7,c,4.37,5.5,6463;7496;,420.3;424.7;
526,7496,7728,420.33,422.5,c,2.17,2.8,7496;7728;,420.3;422.5;
527,7496,6463,420.33,424.5,c,4.17,5.5,7496;6463;,420.3;424.5;
528,27438,7496,420.33,424.7,c,4.37,5.7,27438;7728;7496;,420.3;422.5;424.7;
529,6463,7728,420.33,428.1,c,7.77,8.3,6463;7496;7728;,420.3;424.7;428.1;
530,7728,27438,420.33,422.5,c,2.17,2.9,7728;27438;,420.3;422.5;
531,6463,7496,420.33,424.7,c,4.37,5.5,6463;7496;,420.3;424.7;
532,7728,7496,420.33,422.5,c,2.17,2.8,7728;7496;,420.3;422.5;
533,26123,27438,420.33,425,c,4.67,6,26123;27438;,420.3;425.0;
534,7496,7728,420.33,422.5,c,2.17,2.8,7496;7728;,420.3;422.5;
535,27438,7728,420.33,422.5,c,2.17,2.9,27438;7728;,420.3;422.5;
536,6463,7496,420.33,424.7,c,4.37,5.5,6463;7496;,420.3;424.7;
537,27438,6463,420.33,428.9,c,8.57,11.2,27438;7728;7496;6463;,420.3;422.5;424.6;428.9;
538,26123,6463,420.33,433.9,c,13.57,17.2,26123;27438;7728;7496;6463;,420.3;425.0;427.5;429.6;433.9;
539,7496,6463,420.34,424.5,c,4.16,5.5,7496;6463;,420.3;424.5;
540,6463,7496,420.34,424.7,c,4.36,5.5,6463;7496;,420.3;424.7;
541,7496,27438,420.34,424.8,c,4.46,5.7,7496;7728;27438;,420.3;422.4;424.8;
542,26123,27438,420.34,425,c,4.66,6,26123;27438;,420.3;425.0;
543,26123,7496,420.34,429.7,c,9.36,11.7,26123;27438;7728;7496;,420.3;425.0;427.5;429.7;
544,7496,7728,420.34,422.5,c,2.16,2.8,7496;7728;,420.3;422.5;
545,6463,27438,420.34,430.4,c,10.06,11.2,6463;7496;7728;27438;,420.3;424.7;428.1;430.4;
546,27438,26123,420.34,424.9,c,4.56,6,27438;26123;,420.3;424.9;
547,6463,26123,420.34,435,c,14.66,17.2,6463;7496;7728;27438;26123;,420.3;424.7;428.1;430.4;435.0;
548,6463,7496,420.34,424.7,c,4.36,5.5,6463;7496;,420.3;424.7;
549,26123,7728,420.34,427.5,c,7.16,8.9,26123;27438;7728;,420.3;425.0;427.5;
550,27438,7728,420.34,422.5,c,2.16,2.9,27438;7728;,420.3;422.5;
551,27438,7496,420.34,424.7,c,4.36,5.7,27438;7728;7496;,420.3;422.5;424.7;
552,7728,7496,420.34,422.5,c,2.16,2.8,7728;7496;,420.3;422.5;
553,26123,27438,420.34,425,c,4.66,6,26123;27438;,420.3;425.0;
554,7496,7728,420.34,422.5,c,2.16,2.8,7496;7728;,420.3;422.5;
555,6463,7496,420.34,424.7,c,4.36,5.5,6463;7496;,420.3;424.7;
556,7496,6463,420.34,424.5,c,4.16,5.5,7496;6463;,420.3;424.5;
557,6463,7496,420.35,424.7,c,4.35,5.5,6463;7496;,420.3;424.7;
558,7728,27438,420.35,422.6,c,2.25,2.9,7728;27438;,420.3;422.6;
559,27438,7728,420.35,422.6,c,2.25,2.9,27438;7728;,420.3;422.6;
560,6463,7728,420.35,428.2,c,7.85,8.3,6463;7496;7728;,420.3;424.8;428.2;
561,7496,7728,420.35,422.5,c,2.15,2.8,7496;7728;,420.3;422.5;
562,26123,7496,420.35,429.7,c,9.35,11.7,26123;27438;7728;7496;,420.3;425.0;427.5;429.7;
563,26123,27438,420.35,425,c,4.65,6,26123;27438;,420.3;425.0;
564,7496,27438,420.35,424.8,c,4.45,5.7,7496;7728;27438;,420.3;422.4;424.8;
565,6463,7496,420.35,424.8,c,4.45,5.5,6463;7496;,420.3;424.8;
566,7728,7496,420.35,422.5,c,2.15,2.8,7728;7496;,420.3;422.5;
567,7496,26123,420.35,429.5,c,9.15,11.7,7496;7728;27438;26123;,420.3;422.6;424.9;429.5;
568,27438,7496,420.35,424.8,c,4.45,5.7,27438;7728;7496;,420.3;422.5;424.8;
569,7496,7728,420.35,422.6,c,2.25,2.8,7496;7728;,420.3;422.6;
570,7496,6463,420.35,424.5,c,4.15,5.5,7496;6463;,420.3;424.5;
571,6463,7496,420.35,424.8,c,4.45,5.5,6463;7496;,420.3;424.8;
572,27438,26123,420.35,424.9,c,4.55,6,27438;26123;,420.3;424.9;
573,26123,27438,420.35,425,c,4.65,6,26123;27438;,420.3;425.0;
574,26123,7728,420.36,427.6,c,7.24,8.9,26123;27438;7728;,420.3;425.0;427.6;
575,27438,7728,420.36,422.6,c,2.24,2.9,27438;7728;,420.3;422.6;
576,7728,26123,420.36,427.2,c,6.84,8.9,7728;27438;26123;,420.3;422.5;427.2;
577,6463,7496,420.36,424.8,c,4.44,5.5,6463;7496;,420.3;424.8;
578,7496,7728,420.36,422.6,c,2.24,2.8,7496;7728;,420.3;422.6;
579,6463,27438,420.36,430.5,c,10.14,11.2,6463;7496;7728;27438;,420.3;424.8;428.2;430.5;
580,26123,7496,420.36,429.8,c,9.44,11.7,26123;27438;7728;7496;,420.3;425.1;427.6;429.8;
581,26123,27438,420.36,425.1,c,4.74,6,26123;27438;,420.3;425.1;
582,6463,7496,420.36,424.8,c,4.44,5.5,6463;7496;,420.3;424.8;
583,26123,6463,420.36,434.1,c,13.74,17.2,26123;27438;7728;7496;6463;,420.3;425.1;427.7;429.8;434.1;
584,7496,6463,420.36,424.5,c,4.14,5.5,7496;6463;,420.3;424.5;
585,7496,27438,420.36,424.9,c,4.54,5.7,7496;7728;27438;,420.3;422.6;424.9;
586,7728,7496,420.36,422.5,c,2.14,2.8,7728;7496;,420.3;422.5;
587,27438,7728,420.36,422.6,c,2.24,2.9,27438;7728;,420.3;422.6;
588,6463,7496,420.36,424.8,c,4.44,5.5,6463;7496;,420.3;424.8;
589,7496,7728,420.36,422.6,c,2.24,2.8,7496;7728;,420.3;422.6;
590,27438,7496,420.37,424.8,c,4.43,5.7,27438;7728;7496;,420.3;422.5;424.8;
591,7728,27438,420.37,422.6,c,2.23,2.9,7728;27438;,420.3;422.6;
592,26123,27438,420.37,425.1,c,4.73,6,26123;27438;,420.3;425.1;
593,6463,7728,420.37,428.2,c,7.83,8.3,6463;7496;7728;,420.3;424.8;428.2;
594,6463,7496,420.37,424.8,c,4.43,5.5,6463;7496;,420.3;424.8;
595,27438,26123,420.37,424.9,c,4.53,6,27438;26123;,420.3;424.9;
596,7496,7728,420.37,422.6,c,2.23,2.8,7496;7728;,420.3;422.6;
597,6463,26123,420.37,435.1,c,14.73,17.2,6463;7496;7728;27438;26123;,420.3;424.8;428.2;430.5;435.1;
598,26123,7728,420.37,427.7,c,7.33,8.9,26123;27438;7728;,420.3;425.1;427.7;
599,7496,6463,420.37,424.5,c,4.13,5.5,7496;6463;,420.3;424.5;
600,6463,7496,420.37,424.8,c,4.43,5.5,6463;7496;,420.3;424.8;
601,27438,7728,420.37,422.6,c,2.23,2.9,27438;7728;,420.3;422.6;
602,26123,7496,420.37,429.9,c,9.53,11.7,26123;27438;7728;7496;,420.3;425.1;427.7;429.9;
603,26123,27438,420.37,425.1,c,4.73,6,26123;27438;,420.3;425.1;
604,6463,7496,420.37,424.8,c,4.43,5.5,6463;7496;,420.3;424.8;
605,7728,7496,420.37,422.5,c,2.13,2.8,7728;7496;,420.3;422.5;
606,7496,7728,420.38,422.6,c,2.22,2.8,7496;7728;,420.3;422.6;
607,7496,27438,420.38,424.9,c,4.52,5.7,7496;7728;27438;,420.3;422.6;424.9;
608,27438,7496,420.38,424.8,c,4.42,5.7,27438;7728;7496;,420.3;422.6;424.8;
609,6463,7496,420.38,424.8,c,4.42,5.5,6463;7496;,420.3;424.8;
610,26123,27438,420.38,425.1,c,4.72,6,26123;27438;,420.3;425.1;
611,7496,6463,420.38,424.5,c,4.12,5.5,7496;6463;,420.3;424.5;
612,27438,7728,420.38,422.6,c,2.22,2.9,27438;7728;,420.3;422.6;
613,7496,7728,420.38,422.6,c,2.22,2.8,7496;7728;,420.3;422.6;
614,27438,6463,420.38,429.1,c,8.72,11.2,27438;7728;7496;6463;,420.3;422.6;424.8;429.1;
615,6463,27438,420.38,430.5,c,10.12,11.2,6463;7496;7728;27438;,420.3;424.8;428.2;430.5;
616,6463,7496,420.38,424.8,c,4.42,5.5,6463;7496;,420.3;424.8;
617,26123,7496,420.38,429.9,c,9.52,11.7,26123;27438;7728;7496;,420.3;425.1;427.7;429.9;
618,27438,26123,420.38,424.9,c,4.52,6,27438;26123;,420.3;424.9;
619,7728,27438,420.38,422.6,c,2.22,2.9,7728;27438;,420.3;422.6;
620,26123,27438,420.38,425.1,c,4.72,6,26123;27438;,420.3;425.1;
621,7496,26123,420.38,429.5,c,9.12,11.7,7496;7728;27438;26123;,420.3;422.6;424.9;429.5;
622,6463,7496,420.38,424.8,c,4.42,5.5,6463;7496;,420.3;424.8;
623,7496,7728,420.39,422.6,c,2.21,2.8,7496;7728;,420.3;422.6;
624,26123,7728,420.39,427.7,c,7.31,8.9,26123;27438;7728;,420.3;425.1;427.7;
625,7728,7496,420.39,422.5,c,2.11,2.8,7728;7496;,420.3;422.5;
626,6463,7728,420.39,428.2,c,7.81,8.3,6463;7496;7728;,420.3;424.8;428.2;
627,27438,7728,420.39,422.6,c,2.21,2.9,27438;7728;,420.3;422.6;
628,7496,6463,420.39,424.5,c,4.11,5.5,7496;6463;,420.3;424.5;
629,6463,7496,420.39,424.8,c,4.41,5.5,6463;7496;,420.3;424.8;
630,27438,7496,420.39,424.8,c,4.41,5.7,27438;7728;7496;,420.3;422.6;424.8;
631,26123,6463,420.39,434.1,c,13.71,17.2,26123;27438;7728;7496;6463;,420.3;425.1;427.7;429.8;434.1;
632,26123,27438,420.39,425.1,c,4.71,6,26123;27438;,420.3;425.1;
633,7496,27438,420.39,424.9,c,4.51,5.7,7496;7728;27438;,420.3;422.5;424.9;
634,7496,7728,420.39,422.6,c,2.21,2.8,7496;7728;,420.3;422.6;
635,6463,7496,420.39,424.8,c,4.41,5.5,6463;7496;,420.3;424.8;
636,26123,7496,420.39,429.9,c,9.51,11.7,26123;27438;7728;7496;,420.3;425.1;427.7;429.9;
637,6463,7496,420.4,424.8,c,4.4,5.5,6463;7496;,420.3;424.8;
638,27438,7728,420.4,422.6,c,2.2,2.9,27438;7728;,420.3;422.6;
639,26123,27438,420.4,425.1,c,4.7,6,26123;27438;,420.3;425.1;
640,7496,6463,420.4,424.6,c,4.2,5.5,7496;6463;,420.3;424.6;
641,7496,7728,420.4,422.6,c,2.2,2.8,7496;7728;,420.3;422.6;
642,7728,7496,420.4,422.5,c,2.1,2.8,7728;7496;,420.3;422.5;
643,27438,26123,420.4,424.9,c,4.5,6,27438;26123;,420.3;424.9;
644,6463,7496,420.4,424.8,c,4.4,5.5,6463;7496;,420.3;424.8;
645,7728,6463,420.4,426.7,c,6.3,8.3,7728;7496;6463;,420.4;422.5;426.7;
646,6463,26123,420.4,435.1,c,14.7,17.2,6463;7496;7728;27438;26123;,420.4;424.8;428.2;430.5;435.1;
647,26123,27438,420.4,425.1,c,4.7,6,26123;27438;,420.4;425.1;
648,27438,7496,420.4,424.8,c,4.4,5.7,27438;7728;7496;,420.4;422.6;424.8;
649,26123,7728,420.4,427.7,c,7.3,8.9,26123;27438;7728;,420.4;425.1;427.7;
650,7728,27438,420.4,422.6,c,2.2,2.9,7728;27438;,420.4;422.6;
651,6463,27438,420.4,430.6,c,10.2,11.2,6463;7496;7728;27438;,420.4;424.8;428.3;430.6;
652,6463,7496,420.4,424.8,c,4.4,5.5,6463;7496;,420.4;424.8;
653,7496,7728,420.4,422.6,c,2.2,2.8,7496;7728;,420.4;422.6;
654,27438,7728,420.4,422.6,c,2.2,2.9,27438;7728;,420.4;422.6;
655,7496,27438,420.4,424.9,c,4.5,5.7,7496;7728;27438;,420.4;422.5;424.9;
656,7496,6463,420.41,424.6,c,4.19,5.5,7496;6463;,420.4;424.6;
657,6463,7496,420.41,424.9,c,4.49,5.5,6463;7496;,420.4;424.9;
658,6463,7728,420.41,428.4,c,7.99,8.3,6463;7496;7728;,420.4;424.9;428.4;
659,26123,7496,420.41,429.9,c,9.49,11.7,26123;27438;7728;7496;,420.4;425.1;427.7;429.9;
660,26123,27438,420.41,425.1,c,4.69,6,26123;27438;,420.4;425.1;
661,7496,7728,420.41,422.6,c,2.19,2.8,7496;7728;,420.4;422.6;
662,7728,7496,420.41,422.5,c,2.09,2.8,7728;7496;,420.4;422.5;
663,6463,7496,420.41,424.9,c,4.49,5.5,6463;7496;,420.4;424.9;
664,27438,7728,420.41,422.6,c,2.19,2.9,27438;7728;,420.4;422.6;
665,6463,7496,420.41,424.9,c,4.49,5.5,6463;7496;,420.4;424.9;
666,27438,26123,420.41,424.9,c,4.49,6,27438;26123;,420.4;424.9;
667,7496,7728,420.41,422.6,c,2.19,2.8,7496;7728;,420.4;422.6;
668,26123,27438,420.41,425.1,c,4.69,6,26123;27438;,420.4;425.1;
669,27438,7496,420.41,424.8,c,4.39,5.7,27438;7728;7496;,420.4;422.6;424.8;
670,7496,6463,420.41,424.6,c,4.19,5.5,7496;6463;,420.4;424.6;
671,6463,7496,420.42,424.9,c,4.48,5.5,6463;7496;,420.4;424.9;
672,7496,26123,420.42,429.5,c,9.08,11.7,7496;7728;27438;26123;,420.4;422.5;424.9;429.5;
673,26123,7728,420.42,427.7,c,7.28,8.9,26123;27438;7728;,420.4;425.1;427.7;
674,7496,27438,420.42,424.9,c,4.48,5.7,7496;7728;27438;,420.4;422.5;424.9;
675,26123,6463,420.42,434.1,c,13.68,17.2,26123;27438;7728;7496;6463;,420.4;425.1;427.7;429.8;434.1;
676,26123,7496,420.42,429.9,c,9.48,11.7,26123;27438;7728;7496;,420.4;425.1;427.7;429.9;
677,7496,7728,420.42,422.6,c,2.18,2.8,7496;7728;,420.4;422.6;
678,27438,7728,420.42,422.6,c,2.18,2.9,27438;7728;,420.4;422.6;
679,26123,27438,420.42,425.1,c,4.68,6,26123;27438;,420.4;425.1;
680,6463,7496,420.42,424.9,c,4.48,5.5,6463;7496;,420.4;424.9;
681,7728,27438,420.42,422.6,c,2.18,2.9,7728;27438;,420.4;422.6;
682,7728,7496,420.42,422.6,c,2.18,2.8,7728;7496;,420.4;422.6;
683,7496,6463,420.42,424.6,c,4.18,5.5,7496;6463;,420.4;424.6;
684,6463,7496,420.42,424.9,c,4.48,5.5,6463;7496;,420.4;424.9;
685,6463,27438,420.42,430.7,c,10.28,11.2,6463;7496;7728;27438;,420.4;424.9;428.4;430.7;
686,7496,7728,420.42,422.6,c,2.18,2.8,7496;7728;,420.4;422.6;
687,26123,27438,420.43,425.2,c,4.77,6,26123;27438;,420.4;425.2;
688,6463,7728,420.43,428.4,c,7.97,8.3,6463;7496;7728;,420.4;424.9;428.4;
689,27438,7496,420.43,424.8,c,4.37,5.7,27438;7728;7496;,420.4;422.6;424.8;
690,6463,7496,420.43,424.9,c,4.47,5.5,6463;7496;,420.4;424.9;
691,27438,7728,420.43,422.6,c,2.17,2.9,27438;7728;,420.4;422.6;
692,27438,26123,420.43,425,c,4.57,6,27438;26123;,420.4;425.0;
693,27438,6463,420.43,429.1,c,8.67,11.2,27438;7728;7496;6463;,420.4;422.6;424.7;429.1;
694,7496,7728,420.43,422.6,c,2.17,2.8,7496;7728;,420.4;422.6;
695,26123,7496,420.43,430,c,9.57,11.7,26123;27438;7728;7496;,420.4;425.2;427.8;430.0;
696,6463,7496,420.43,424.9,c,4.47,5.5,6463;7496;,420.4;424.9;
697,7496,27438,420.43,424.9,c,4.47,5.7,7496;7728;27438;,420.4;422.5;424.9;
698,7496,6463,420.43,424.6,c,4.17,5.5,7496;6463;,420.4;424.6;
699,26123,27438,420.43,425.2,c,4.77,6,26123;27438;,420.4;425.2;
700,7728,7496,420.43,422.6,c,2.17,2.8,7728;7496;,420.4;422.6;
701,6463,26123,420.43,435.3,c,14.87,17.2,6463;7496;7728;27438;26123;,420.4;424.9;428.4;430.7;435.3;
702,26123,7728,420.43,427.8,c,7.37,8.9,26123;27438;7728;,420.4;425.2;427.8;
703,6463,7496,420.43,424.9,c,4.47,5.5,6463;7496;,420.4;424.9;
704,27438,7728,420.43,422.6,c,2.17,2.9,27438;7728;,420.4;422.6;
705,7496,7728,420.43,422.7,c,2.27,2.8,7496;7728;,420.4;422.7;
706,6463,7496,420.44,424.9,c,4.46,5.5,6463;7496;,420.4;424.9;
707,26123,27438,420.44,425.2,c,4.76,6,26123;27438;,420.4;425.2;
708,27438,7496,420.44,424.8,c,4.36,5.7,27438;7728;7496;,420.4;422.6;424.8;
709,7728,27438,420.44,422.6,c,2.16,2.9,7728;27438;,420.4;422.6;
710,7496,6463,420.44,424.6,c,4.16,5.5,7496;6463;,420.4;424.6;
711,6463,7496,420.44,424.9,c,4.46,5.5,6463;7496;,420.4;424.9;
712,7496,7728,420.44,422.7,c,2.26,2.8,7496;7728;,420.4;422.7;
713,26123,7496,420.44,430,c,9.56,11.7,26123;27438;7728;7496;,420.4;425.2;427.8;430.0;
714,27438,26123,420.44,425,c,4.56,6,27438;26123;,420.4;425.0;
715,27438,7728,420.44,422.6,c,2.16,2.9,27438;7728;,420.4;422.6;
716,26123,27438,420.44,425.2,c,4.76,6,26123;27438;,420.4;425.2;
717,7728,7496,420.44,422.6,c,2.16,2.8,7728;7496;,420.4;422.6;
718,6463,7496,420.44,424.9,c,4.46,5.5,6463;7496;,420.4;424.9;
719,7496,27438,420.44,425,c,4.56,5.7,7496;7728;27438;,420.4;422.7;425.0;
720,6463,27438,420.44,430.7,c,10.26,11.2,6463;7496;7728;27438;,420.4;424.9;428.4;430.7;
721,6463,7728,420.44,428.4,c,7.96,8.3,6463;7496;7728;,420.4;424.9;428.4;
722,26123,6463,420.45,434.2,c,13.75,17.2,26123;27438;7728;7496;6463;,420.4;425.2;427.8;429.9;434.2;
723,7728,26123,420.45,427.3,c,6.85,8.9,7728;27438;26123;,420.4;422.6;427.3;
724,7496,7728,420.45,422.7,c,2.25,2.8,7496;7728;,420.4;422.7;
725,6463,7496,420.45,424.9,c,4.45,5.5,6463;7496;,420.4;424.9;
726,26123,7728,420.45,427.8,c,7.35,8.9,26123;27438;7728;,420.4;425.2;427.8;
727,7496,6463,420.45,424.6,c,4.15,5.5,7496;6463;,420.4;424.6;
728,7496,26123,420.45,429.6,c,9.15,11.7,7496;7728;27438;26123;,420.4;422.7;425.0;429.6;
729,26123,27438,420.45,425.2,c,4.75,6,26123;27438;,420.4;425.2;
730,27438,7496,420.45,424.9,c,4.45,5.7,27438;7728;7496;,420.4;422.6;424.9;
731,27438,7728,420.45,422.7,c,2.25,2.9,27438;7728;,420.4;422.7;
732,6463,7496,420.45,424.9,c,4.45,5.5,6463;7496;,420.4;424.9;
733,7496,7728,420.45,422.7,c,2.25,2.8,7496;7728;,420.4;422.7;
734,26123,7496,420.45,430,c,9.55,11.7,26123;27438;7728;7496;,420.4;425.2;427.8;430.0;
735,6463,7496,420.45,424.9,c,4.45,5.5,6463;7496;,420.4;424.9;
736,7728,7496,420.45,422.6,c,2.15,2.8,7728;7496;,420.4;422.6;
737,26123,27438,420.45,425.2,c,4.75,6,26123;27438;,420.4;425.2;
738,7728,27438,420.46,422.7,c,2.24,2.9,7728;27438;,420.4;422.7;
739,7496,7728,420.46,422.7,c,2.24,2.8,7496;7728;,420.4;422.7;
740,7496,6463,420.46,424.6,c,4.14,5.5,7496;6463;,420.4;424.6;
741,27438,26123,420.46,425,c,4.54,6,27438;26123;,420.4;425.0;
742,7496,27438,420.46,425,c,4.54,5.7,7496;7728;27438;,420.4;422.7;425.0;
743,6463,7496,420.46,424.9,c,4.44,5.5,6463;7496;,420.4;424.9;
744,27438,7728,420.46,422.7,c,2.24,2.9,27438;7728;,420.4;422.7;
745,26123,27438,420.46,425.2,c,4.74,6,26123;27438;,420.4;425.2;
746,6463,7496,420.46,424.9,c,4.44,5.5,6463;7496;,420.4;424.9;
747,7496,7728,420.46,422.7,c,2.24,2.8,7496;7728;,420.4;422.7;
748,27438,7496,420.46,424.9,c,4.44,5.7,27438;7728;7496;,420.4;422.6;424.9;
749,6463,26123,420.46,435.3,c,14.84,17.2,6463;7496;7728;27438;26123;,420.4;424.9;428.4;430.7;435.3;
750,26123,7728,420.46,427.8,c,7.34,8.9,26123;27438;7728;,420.4;425.2;427.8;
751,6463,7728,420.46,428.5,c,8.04,8.3,6463;7496;7728;,420.4;425.0;428.5;
752,26123,7496,420.46,430,c,9.54,11.7,26123;27438;7728;7496;,420.4;425.2;427.8;430.0;
753,6463,7496,420.46,425,c,4.54,5.5,6463;7496;,420.4;425.0;
754,6463,27438,420.47,430.8,c,10.33,11.2,6463;7496;7728;27438;,420.4;425.0;428.5;430.8;
755,7496,6463,420.47,424.6,c,4.13,5.5,7496;6463;,420.4;424.6;
756,7728,7496,420.47,422.6,c,2.13,2.8,7728;7496;,420.4;422.6;
757,27438,7728,420.47,422.7,c,2.23,2.9,27438;7728;,420.4;422.7;
758,26123,27438,420.47,425.2,c,4.73,6,26123;27438;,420.4;425.2;
759,7496,7728,420.47,422.7,c,2.23,2.8,7496;7728;,420.4;422.7;
760,6463,7496,420.47,425,c,4.53,5.5,6463;7496;,420.4;425.0;
761,7496,27438,420.47,425,c,4.53,5.7,7496;7728;27438;,420.4;422.7;425.0;
762,6463,7496,420.47,425,c,4.53,5.5,6463;7496;,420.4;425.0;
763,27438,26123,420.47,425,c,4.53,6,27438;26123;,420.4;425.0;
764,26123,27438,420.47,425.2,c,4.73,6,26123;27438;,420.4;425.2;
765,26123,6463,420.47,434.2,c,13.73,17.2,26123;27438;7728;7496;6463;,420.4;425.2;427.8;429.9;434.2;
766,7496,7728,420.47,422.7,c,2.23,2.8,7496;7728;,420.4;422.7;
767,7496,6463,420.47,424.6,c,4.13,5.5,7496;6463;,420.4;424.6;
768,27438,7728,420.47,422.7,c,2.23,2.9,27438;7728;,420.4;422.7;
769,27438,7496,420.47,424.9,c,4.43,5.7,27438;7728;7496;,420.4;422.6;424.9;
770,7728,27438,420.47,422.7,c,2.23,2.9,7728;27438;,420.4;422.7;
771,6463,7496,420.47,425,c,4.53,5.5,6463;7496;,420.4;425.0;
772,27438,6463,420.48,429.1,c,8.62,11.2,27438;7728;7496;6463;,420.4;422.7;424.9;429.1;
773,26123,7496,420.48,430,c,9.52,11.7,26123;27438;7728;7496;,420.4;425.2;427.8;430.0;
774,7728,7496,420.48,422.6,c,2.12,2.8,7728;7496;,420.4;422.6;
775,26123,27438,420.48,425.2,c,4.72,6,26123;27438;,420.4;425.2;
776,6463,7496,420.48,425,c,4.52,5.5,6463;7496;,420.4;425.0;
777,7496,7728,420.48,422.7,c,2.22,2.8,7496;7728;,420.4;422.7;
778,26123,7728,420.48,427.8,c,7.32,8.9,26123;27438;7728;,420.4;425.2;427.8;
779,7496,26123,420.48,429.6,c,9.12,11.7,7496;7728;27438;26123;,420.4;422.7;425.0;429.6;
780,6463,7496,420.48,425,c,4.52,5.5,6463;7496;,420.4;425.0;
781,27438,7728,420.48,422.7,c,2.22,2.9,27438;7728;,420.4;422.7;
782,7496,6463,420.48,424.6,c,4.12,5.5,7496;6463;,420.4;424.6;
783,6463,7728,420.48,428.5,c,8.02,8.3,6463;7496;7728;,420.4;425.0;428.5;
784,7496,7728,420.48,422.7,c,2.22,2.8,7496;7728;,420.4;422.7;
785,26123,27438,420.48,425.2,c,4.72,6,26123;27438;,420.4;425.2;
786,7496,27438,420.48,425,c,4.52,5.7,7496;7728;27438;,420.4;422.7;425.0;
787,6463,7496,420.49,425,c,4.51,5.5,6463;7496;,420.4;425.0;
788,6463,27438,420.49,430.8,c,10.31,11.2,6463;7496;7728;27438;,420.4;425.0;428.5;430.8;
789,27438,26123,420.49,425,c,4.51,6,27438;26123;,420.4;425.0;
790,27438,7496,420.49,424.9,c,4.41,5.7,27438;7728;7496;,420.4;422.7;424.9;
791,26123,7496,420.49,430,c,9.51,11.7,26123;27438;7728;7496;,420.4;425.2;427.8;430.0;
792,7728,7496,420.49,422.6,c,2.11,2.8,7728;7496;,420.4;422.6;
793,6463,7496,420.49,425,c,4.51,5.5,6463;7496;,420.4;425.0;
794,7496,7728,420.49,422.7,c,2.21,2.8,7496;7728;,420.4;422.7;
795,27438,7728,420.49,422.7,c,2.21,2.9,27438;7728;,420.4;422.7;
796,26123,27438,420.49,425.2,c,4.71,6,26123;27438;,420.4;425.2;
797,7496,6463,420.49,424.6,c,4.11,5.5,7496;6463;,420.4;424.6;
798,6463,7496,420.49,425,c,4.51,5.5,6463;7496;,420.4;425.0;
799,7728,27438,420.49,422.7,c,2.21,2.9,7728;27438;,420.4;422.7;
800,6463,26123,420.49,435.4,c,14.91,17.2,6463;7496;7728;27438;26123;,420.4;425.0;428.5;430.8;435.4;
801,26123,7728,420.49,427.9,c,7.41,8.9,26123;27438;7728;,420.4;425.3;427.9;
802,7496,7728,420.49,422.7,c,2.21,2.8,7496;7728;,420.4;422.7;
803,6463,7496,420.5,425,c,4.5,5.5,6463;7496;,420.4;425.0;
804,26123,27438,420.5,425.3,c,4.8,6,26123;27438;,420.4;425.3;
805,7496,27438,420.5,425,c,4.5,5.7,7496;7728;27438;,420.4;422.6;425.0;
806,27438,7728,420.5,422.7,c,2.2,2.9,27438;7728;,420.4;422.7;
807,27438,7496,420.5,424.9,c,4.4,5.7,27438;7728;7496;,420.4;422.7;424.9;
808,6463,7496,420.5,425,c,4.5,5.5,6463;7496;,420.4;425.0;
809,26123,7496,420.5,430.1,c,9.6,11.7,26123;27438;7728;7496;,420.4;425.3;427.9;430.1;
810,7728,7496,420.5,422.6,c,2.1,2.8,7728;7496;,420.4;422.6;
811,7496,6463,420.5,424.7,c,4.2,5.5,7496;6463;,420.5;424.7;
812,7496,7728,420.5,422.7,c,2.2,2.8,7496;7728;,420.5;422.7;
813,26123,6463,420.5,434.4,c,13.9,17.2,26123;27438;7728;7496;6463;,420.5;425.3;428.0;430.1;434.4;
814,27438,26123,420.5,425,c,4.5,6,27438;26123;,420.5;425.0;
815,7728,6463,420.5,426.9,c,6.4,8.3,7728;7496;6463;,420.5;422.6;426.9;
816,26123,27438,420.5,425.3,c,4.8,6,26123;27438;,420.5;425.3;
817,6463,7728,420.5,428.5,c,8,8.3,6463;7496;7728;,420.5;425.0;428.5;
818,6463,7496,420.5,425,c,4.5,5.5,6463;7496;,420.5;425.0;
819,7496,7728,420.51,422.7,c,2.19,2.8,7496;7728;,420.5;422.7;
820,27438,7728,420.51,422.7,c,2.19,2.9,27438;7728;,420.5;422.7;
821,6463,7496,420.51,425,c,4.49,5.5,6463;7496;,420.5;425.0;
822,6463,27438,420.51,430.9,c,10.39,11.2,6463;7496;7728;27438;,420.5;425.0;428.6;430.9;
823,26123,27438,420.51,425.3,c,4.79,6,26123;27438;,420.5;425.3;
824,7496,6463,420.51,424.7,c,4.19,5.5,7496;6463;,420.5;424.7;
825,6463,7496,420.51,425,c,4.49,5.5,6463;7496;,420.5;425.0;
826,26123,7728,420.51,428,c,7.49,8.9,26123;27438;7728;,420.5;425.3;428.0;
827,26123,7496,420.51,430.2,c,9.69,11.7,26123;27438;7728;7496;,420.5;425.3;428.0;430.2;
828,27438,7496,420.51,424.9,c,4.39,5.7,27438;7728;7496;,420.5;422.7;424.9;
829,7496,7728,420.51,422.7,c,2.19,2.8,7496;7728;,420.5;422.7;
830,7728,7496,420.51,422.6,c,2.09,2.8,7728;7496;,420.5;422.6;
831,7728,27438,420.51,422.7,c,2.19,2.9,7728;27438;,420.5;422.7;
832,7496,27438,420.51,425,c,4.49,5.7,7496;7728;27438;,420.5;422.6;425.0;
833,7496,26123,420.51,429.6,c,9.09,11.7,7496;7728;27438;26123;,420.5;422.6;425.0;429.6;
834,6463,7496,420.51,425,c,4.49,5.5,6463;7496;,420.5;425.0;
835,26123,27438,420.51,425.3,c,4.79,6,26123;27438;,420.5;425.3;
836,27438,7728,420.51,422.7,c,2.19,2.9,27438;7728;,420.5;422.7;
837,27438,26123,420.52,425,c,4.48,6,27438;26123;,420.5;425.0;
838,6463,7496,420.52,425,c,4.48,5.5,6463;7496;,420.5;425.0;
839,7496,7728,420.52,422.8,c,2.28,2.8,7496;7728;,420.5;422.8;
840,7496,6463,420.52,424.7,c,4.18,5.5,7496;6463;,420.5;424.7;
841,26123,27438,420.52,425.3,c,4.78,6,26123;27438;,420.5;425.3;
842,6463,7496,420.52,425,c,4.48,5.5,6463;7496;,420.5;425.0;
843,27438,7728,420.52,422.7,c,2.18,2.9,27438;7728;,420.5;422.7;
844,6463,7728,420.52,428.7,c,8.18,8.3,6463;7496;7728;,420.5;425.1;428.7;
845,7496,7728,420.52,422.8,c,2.28,2.8,7496;7728;,420.5;422.8;
846,26123,7496,420.52,430.2,c,9.68,11.7,26123;27438;7728;7496;,420.5;425.3;428.0;430.2;
847,7728,7496,420.52,422.7,c,2.18,2.8,7728;7496;,420.5;422.7;
848,27438,7496,420.52,424.9,c,4.38,5.7,27438;7728;7496;,420.5;422.7;424.9;
849,27438,6463,420.52,429.1,c,8.58,11.2,27438;7728;7496;6463;,420.5;422.7;424.8;429.1;
850,6463,7496,420.52,425.1,c,4.58,5.5,6463;7496;,420.5;425.1;
851,7496,27438,420.52,425.1,c,4.58,5.7,7496;7728;27438;,420.5;422.8;425.1;
852,6463,26123,420.52,435.6,c,15.08,17.2,6463;7496;7728;27438;26123;,420.5;425.1;428.7;431.0;435.6;
853,26123,7728,420.53,428,c,7.47,8.9,26123;27438;7728;,420.5;425.3;428.0;
854,26123,27438,420.53,425.3,c,4.77,6,26123;27438;,420.5;425.3;
855,7496,6463,420.53,424.7,c,4.17,5.5,7496;6463;,420.5;424.7;
856,6463,7496,420.53,425.1,c,4.57,5.5,6463;7496;,420.5;425.1;
857,7496,7728,420.53,422.8,c,2.27,2.8,7496;7728;,420.5;422.8;
858,26123,6463,420.53,434.4,c,13.87,17.2,26123;27438;7728;7496;6463;,420.5;425.3;428.0;430.1;434.4;
859,6463,27438,420.53,431,c,10.47,11.2,6463;7496;7728;27438;,420.5;425.1;428.7;431.0;
860,7728,27438,420.53,422.7,c,2.17,2.9,7728;27438;,420.5;422.7;
861,27438,7728,420.53,422.7,c,2.17,2.9,27438;7728;,420.5;422.7;
862,6463,7496,420.53,425.1,c,4.57,5.5,6463;7496;,420.5;425.1;
863,27438,26123,420.53,425.1,c,4.57,6,27438;26123;,420.5;425.1;
864,26123,27438,420.53,425.3,c,4.77,6,26123;27438;,420.5;425.3;
865,7496,7728,420.53,422.8,c,2.27,2.8,7496;7728;,420.5;422.8;
866,6463,7496,420.53,425.1,c,4.57,5.5,6463;7496;,420.5;425.1;
867,7728,7496,420.53,422.7,c,2.17,2.8,7728;7496;,420.5;422.7;
868,26123,7496,420.53,430.2,c,9.67,11.7,26123;27438;7728;7496;,420.5;425.3;428.0;430.2;
869,7728,26123,420.53,427.3,c,6.77,8.9,7728;27438;26123;,420.5;422.7;427.3;
870,7496,6463,420.53,424.7,c,4.17,5.5,7496;6463;,420.5;424.7;
871,27438,7496,420.54,424.9,c,4.36,5.7,27438;7728;7496;,420.5;422.7;424.9;
872,6463,7496,420.54,425.1,c,4.56,5.5,6463;7496;,420.5;425.1;
873,26123,27438,420.54,425.3,c,4.76,6,26123;27438;,420.5;425.3;
874,27438,7728,420.54,422.7,c,2.16,2.9,27438;7728;,420.5;422.7;
875,7496,27438,420.54,425.1,c,4.56,5.7,7496;7728;27438;,420.5;422.8;425.1;
876,7496,7728,420.54,422.8,c,2.26,2.8,7496;7728;,420.5;422.8;
877,26123,7728,420.54,428,c,7.46,8.9,26123;27438;7728;,420.5;425.3;428.0;
878,6463,7496,420.54,425.1,c,4.56,5.5,6463;7496;,420.5;425.1;
879,6463,7728,420.54,428.7,c,8.16,8.3,6463;7496;7728;,420.5;425.1;428.7;
880,7496,6463,420.54,424.7,c,4.16,5.5,7496;6463;,420.5;424.7;
881,26123,27438,420.54,425.3,c,4.76,6,26123;27438;,420.5;425.3;
882,7496,7728,420.54,422.8,c,2.26,2.8,7496;7728;,420.5;422.8;
883,6463,7496,420.54,425.1,c,4.56,5.5,6463;7496;,420.5;425.1;
884,7496,26123,420.54,429.7,c,9.16,11.7,7496;7728;27438;26123;,420.5;422.8;425.1;429.7;
885,7728,7496,420.55,422.7,c,2.15,2.8,7728;7496;,420.5;422.7;
886,27438,7728,420.55,422.8,c,2.25,2.9,27438;7728;,420.5;422.8;
887,27438,26123,420.55,425.1,c,4.55,6,27438;26123;,420.5;425.1;
888,26123,7496,420.55,430.2,c,9.65,11.7,26123;27438;7728;7496;,420.5;425.3;428.0;430.2;
889,27438,7496,420.55,425,c,4.45,5.7,27438;7728;7496;,420.5;422.7;425.0;
890,6463,7496,420.55,425.1,c,4.55,5.5,6463;7496;,420.5;425.1;
891,7728,27438,420.55,422.8,c,2.25,2.9,7728;27438;,420.5;422.8;
892,26123,27438,420.55,425.3,c,4.75,6,26123;27438;,420.5;425.3;
893,7496,7728,420.55,422.8,c,2.25,2.8,7496;7728;,420.5;422.8;
894,6463,27438,420.55,431,c,10.45,11.2,6463;7496;7728;27438;,420.5;425.1;428.7;431.0;
895,6463,7496,420.55,425.1,c,4.55,5.5,6463;7496;,420.5;425.1;
896,7496,27438,420.55,425.1,c,4.55,5.7,7496;7728;27438;,420.5;422.8;425.1;
897,7496,6463,420.55,424.7,c,4.15,5.5,7496;6463;,420.5;424.7;
898,27438,7728,420.55,422.8,c,2.25,2.9,27438;7728;,420.5;422.8;
899,6463,7496,420.55,425.1,c,4.55,5.5,6463;7496;,420.5;425.1;
900,7496,7728,420.55,422.8,c,2.25,2.8,7496;7728;,420.5;422.8;
901,26123,27438,420.56,425.3,c,4.74,6,26123;27438;,420.5;425.3;
902,6463,26123,420.56,435.6,c,15.04,17.2,6463;7496;7728;27438;26123;,420.5;425.1;428.7;431.0;435.6;
903,26123,7728,420.56,428,c,7.44,8.9,26123;27438;7728;,420.5;425.3;428.0;
904,26123,6463,420.56,434.4,c,13.84,17.2,26123;27438;7728;7496;6463;,420.5;425.3;428.0;430.1;434.4;
905,7728,7496,420.56,422.7,c,2.14,2.8,7728;7496;,420.5;422.7;
906,26123,7496,420.56,430.3,c,9.74,11.7,26123;27438;7728;7496;,420.5;425.4;428.1;430.3;
907,6463,7496,420.56,425.1,c,4.54,5.5,6463;7496;,420.5;425.1;
908,27438,7496,420.56,425,c,4.44,5.7,27438;7728;7496;,420.5;422.7;425.0;
909,7496,7728,420.56,422.8,c,2.24,2.8,7496;7728;,420.5;422.8;
910,27438,26123,420.56,425.1,c,4.54,6,27438;26123;,420.5;425.1;
911,7496,6463,420.56,424.7,c,4.14,5.5,7496;6463;,420.5;424.7;
912,6463,7728,420.56,428.7,c,8.14,8.3,6463;7496;7728;,420.5;425.1;428.7;
913,26123,27438,420.56,425.4,c,4.84,6,26123;27438;,420.5;425.4;
914,27438,7728,420.56,422.8,c,2.24,2.9,27438;7728;,420.5;422.8;
915,6463,7496,420.56,425.1,c,4.54,5.5,6463;7496;,420.5;425.1;
916,6463,7496,420.57,425.1,c,4.54,5.5,6463;7496;,420.5;425.1;
917,7496,27438,420.57,425.1,c,4.53,5.7,7496;7728;27438;,420.5;422.8;425.1;
918,7496,7728,420.57,422.8,c,2.23,2.8,7496;7728;,420.5;422.8;
919,7728,27438,420.57,422.8,c,2.23,2.9,7728;27438;,420.5;422.8;
920,26123,27438,420.57,425.4,c,4.83,6,26123;27438;,420.5;425.4;
921,7728,7496,420.57,422.7,c,2.13,2.8,7728;7496;,420.5;422.7;
922,6463,7496,420.57,425.1,c,4.53,5.5,6463;7496;,420.5;425.1;
923,26123,7496,420.57,430.3,c,9.73,11.7,26123;27438;7728;7496;,420.5;425.4;428.1;430.3;
924,7496,6463,420.57,424.7,c,4.13,5.5,7496;6463;,420.5;424.7;
925,27438,7728,420.57,422.8,c,2.23,2.9,27438;7728;,420.5;422.8;
926,7496,7728,420.57,422.8,c,2.23,2.8,7496;7728;,420.5;422.8;
927,27438,6463,420.57,429.2,c,8.63,11.2,27438;7728;7496;6463;,420.5;422.7;425.0;429.2;
928,6463,27438,420.57,431,c,10.43,11.2,6463;7496;7728;27438;,420.5;425.1;428.7;431.0;
929,26123,7728,420.57,428.1,c,7.53,8.9,26123;27438;7728;,420.5;425.4;428.1;
930,27438,7496,420.57,425,c,4.43,5.7,27438;7728;7496;,420.5;422.7;425.0;
931,6463,7496,420.57,425.1,c,4.53,5.5,6463;7496;,420.5;425.1;
932,26123,27438,420.57,425.4,c,4.83,6,26123;27438;,420.5;425.4;
933,27438,26123,420.58,425.1,c,4.52,6,27438;26123;,420.5;425.1;
934,6463,7496,420.58,425.1,c,4.52,5.5,6463;7496;,420.5;425.1;
935,7496,7728,420.58,422.8,c,2.22,2.8,7496;7728;,420.5;422.8;
936,7496,26123,420.58,429.7,c,9.12,11.7,7496;7728;27438;26123;,420.5;422.8;425.1;429.7;
937,27438,7728,420.58,422.8,c,2.22,2.9,27438;7728;,420.5;422.8;
938,7496,6463,420.58,424.7,c,4.12,5.5,7496;6463;,420.5;424.7;
939,7496,27438,420.58,425.1,c,4.52,5.7,7496;7728;27438;,420.5;422.8;425.1;
940,26123,27438,420.58,425.4,c,4.82,6,26123;27438;,420.5;425.4;
941,6463,7496,420.58,425.2,c,4.62,5.5,6463;7496;,420.5;425.2;
942,7728,7496,420.58,422.7,c,2.12,2.8,7728;7496;,420.5;422.7;
943,6463,7728,420.58,428.8,c,8.22,8.3,6463;7496;7728;,420.5;425.2;428.8;
944,26123,7496,420.58,430.3,c,9.72,11.7,26123;27438;7728;7496;,420.5;425.4;428.1;430.3;
945,7496,7728,420.58,422.8,c,2.22,2.8,7496;7728;,420.5;422.8;
946,6463,7496,420.58,425.2,c,4.62,5.5,6463;7496;,420.5;425.2;
947,27438,7496,420.58,425,c,4.42,5.7,27438;7728;7496;,420.5;422.8;425.0;
948,26123,6463,420.58,434.6,c,14.02,17.2,26123;27438;7728;7496;6463;,420.5;425.4;428.1;430.2;434.6;
949,7728,27438,420.58,422.8,c,2.22,2.9,7728;27438;,420.5;422.8;
950,26123,27438,420.58,425.4,c,4.82,6,26123;27438;,420.5;425.4;
951,27438,7728,420.58,422.8,c,2.22,2.9,27438;7728;,420.5;422.8;
952,6463,7496,420.59,425.2,c,4.61,5.5,6463;7496;,420.5;425.2;
953,7496,6463,420.59,424.7,c,4.11,5.5,7496;6463;,420.5;424.7;
954,6463,26123,420.59,435.7,c,15.11,17.2,6463;7496;7728;27438;26123;,420.5;425.2;428.8;431.1;435.7;
955,26123,7728,420.59,428.1,c,7.51,8.9,26123;27438;7728;,420.5;425.4;428.1;
956,7496,7728,420.59,422.8,c,2.21,2.8,7496;7728;,420.5;422.8;
957,6463,7496,420.59,425.2,c,4.61,5.5,6463;7496;,420.5;425.2;
958,27438,26123,420.59,425.1,c,4.51,6,27438;26123;,420.5;425.1;
959,26123,27438,420.59,425.4,c,4.81,6,26123;27438;,420.5;425.4;
960,7728,7496,420.59,422.7,c,2.11,2.8,7728;7496;,420.5;422.7;
961,7496,27438,420.59,425.1,c,4.51,5.7,7496;7728;27438;,420.5;422.7;425.1;
962,26123,7496,420.59,430.3,c,9.71,11.7,26123;27438;7728;7496;,420.5;425.4;428.1;430.3;
963,6463,27438,420.59,431.1,c,10.51,11.2,6463;7496;7728;27438;,420.5;425.2;428.8;431.1;
964,7496,7728,420.59,422.8,c,2.21,2.8,7496;7728;,420.5;422.8;
965,6463,7496,420.59,425.2,c,4.61,5.5,6463;7496;,420.5;425.2;
966,27438,7728,420.59,422.8,c,2.21,2.9,27438;7728;,420.5;422.8;
967,7496,6463,420.59,424.7,c,4.11,5.5,7496;6463;,420.5;424.7;
968,6463,7496,420.6,425.2,c,4.6,5.5,6463;7496;,420.5;425.2;
969,27438,7496,420.6,425,c,4.4,5.7,27438;7728;7496;,420.5;422.8;425.0;
970,26123,27438,420.6,425.4,c,4.8,6,26123;27438;,420.5;425.4;
971,7496,7728,420.6,422.8,c,2.2,2.8,7496;7728;,420.5;422.8;
972,6463,7728,420.6,428.8,c,8.2,8.3,6463;7496;7728;,420.5;425.2;428.8;
973,6463,7496,420.6,425.2,c,4.6,5.5,6463;7496;,420.5;425.2;
974,27438,7728,420.6,422.8,c,2.2,2.9,27438;7728;,420.6;422.8;
975,7728,6463,420.6,426.9,c,6.3,8.3,7728;7496;6463;,420.6;422.7;426.9;
976,7728,7496,420.6,422.7,c,2.1,2.8,7728;7496;,420.6;422.7;
977,26123,27438,420.6,425.4,c,4.8,6,26123;27438;,420.6;425.4;
978,26123,7728,420.6,428.1,c,7.5,8.9,26123;27438;7728;,420.6;425.4;428.1;
979,7728,27438,420.6,422.8,c,2.2,2.9,7728;27438;,420.6;422.8;
980,6463,7496,420.6,425.2,c,4.6,5.5,6463;7496;,420.6;425.2;
981,7496,6463,420.6,424.8,c,4.2,5.5,7496;6463;,420.6;424.8;
982,7496,7728,420.6,422.9,c,2.3,2.8,7496;7728;,420.6;422.9;
983,26123,7496,420.6,430.3,c,9.7,11.7,26123;27438;7728;7496;,420.6;425.4;428.1;430.3;
984,27438,26123,420.6,425.1,c,4.5,6,27438;26123;,420.6;425.1;
985,7496,27438,420.61,425.2,c,4.59,5.7,7496;7728;27438;,420.6;422.9;425.2;
986,6463,7496,420.61,425.2,c,4.59,5.5,6463;7496;,420.6;425.2;
987,26123,27438,420.61,425.4,c,4.79,6,26123;27438;,420.6;425.4;
988,27438,7496,420.61,425,c,4.39,5.7,27438;7728;7496;,420.6;422.8;425.0;
989,27438,7728,420.61,422.8,c,2.19,2.9,27438;7728;,420.6;422.8;
990,7496,7728,420.61,422.9,c,2.29,2.8,7496;7728;,420.6;422.9;
991,7496,26123,420.61,429.8,c,9.19,11.7,7496;7728;27438;26123;,420.6;422.9;425.2;429.8;
992,6463,7496,420.61,425.2,c,4.59,5.5,6463;7496;,420.6;425.2;
993,26123,6463,420.61,434.6,c,13.99,17.2,26123;27438;7728;7496;6463;,420.6;425.4;428.1;430.2;434.6;
994,7496,6463,420.61,424.8,c,4.19,5.5,7496;6463;,420.6;424.8;
995,6463,27438,420.61,431.1,c,10.49,11.2,6463;7496;7728;27438;,420.6;425.2;428.8;431.1;
996,7728,7496,420.61,422.7,c,2.09,2.8,7728;7496;,420.6;422.7;
997,6463,7496,420.61,425.2,c,4.59,5.5,6463;7496;,420.6;425.2;
998,26123,27438,420.61,425.4,c,4.79,6,26123;27438;,420.6;425.4;
999,7496,7728,420.61,422.9,c,2.29,2.8,7496;7728;,420.6;422.9;
