agent_id,from_origin_no_id,to_destination_node_id,departure_time_in_min,arrive_time_in_min,travel_time_in_min,path_node_seq_no,number_of_nodes
0,6463,7496,420.0,424.1250148561875,4.125014856187477,6463; 7496,2
1,7496,7728,420.01,422.1,2.090000000000032,7496; 7728,2
2,26123,27438,420.01,424.50000836563214,4.49000836563215,26123; 27438,2
3,6463,7496,420.01,424.125,4.115000000000009,6463; 7496,2
4,27438,7728,420.01,422.1750006802756,2.165000680275625,27438; 7728,2
5,7496,6463,420.01,424.1250000864455,4.115000086445491,7496; 6463,2
6,6463,7496,420.01,424.1250000000001,4.115000000000123,6463; 7496,2
7,7496,7728,420.01,422.1,2.090000000000032,7496; 7728,2
8,7728,7496,420.01,422.10000002241867,2.0900000224186783,7728; 7496,2
9,26123,7496,420.01,428.77500000000003,8.765000000000043,26123; 27438; 7728; 7496,4
10,26123,27438,420.01,424.5000000000001,4.490000000000123,26123; 27438,2
11,27438,7496,420.01,424.27500000000003,4.265000000000043,27438; 7728; 7496,3
12,7496,27438,420.01,424.27500004880613,4.265000048806144,7496; 7728; 27438,3
13,6463,7496,420.01,424.1250000000006,4.115000000000634,6463; 7496,2
14,27438,26123,420.01,424.50000001113614,4.490000011136146,27438; 26123,2
15,26123,7728,420.02,426.6750000000007,6.655000000000712,26123; 27438; 7728,3
16,27438,7728,420.02,422.17500000000007,2.1550000000000864,27438; 7728,2
17,7496,7728,420.02,422.1000000000003,2.080000000000325,7496; 7728,2
18,7496,6463,420.02,424.125,4.105000000000018,7496; 6463,2
19,6463,7496,420.02,424.12500000000193,4.105000000001951,6463; 7496,2
20,26123,27438,420.02,424.50000000000216,4.480000000002178,26123; 27438,2
21,7728,27438,420.02,422.175,2.1550000000000296,7728; 27438,2
22,6463,7728,420.02,426.2250000000048,6.205000000004816,6463; 7496; 7728,3
23,6463,7496,420.02,424.1250000000099,4.105000000009909,6463; 7496,2
24,6463,27438,420.02,428.4000000000184,8.380000000018413,6463; 7496; 7728; 27438,4
25,7496,7728,420.02,422.100000000001,2.0800000000010073,7496; 7728,2
26,7728,7496,420.02,422.1,2.080000000000041,7728; 7496,2
27,26123,7496,420.02,428.77500000000526,8.755000000005282,26123; 27438; 7728; 7496,4
28,26123,27438,420.02,424.5000000000108,4.480000000010818,26123; 27438,2
29,27438,7728,420.02,422.17500000000035,2.1550000000003706,27438; 7728,2
30,6463,7496,420.02,424.12500000003126,4.105000000031282,6463; 7496,2
31,27438,7496,420.02,424.27500000000106,4.2550000000010755,27438; 7728; 7496,3
32,7496,6463,420.03,424.1250000000001,4.095000000000141,7496; 6463,2
33,7496,27438,420.03,424.2750000000024,4.245000000002449,7496; 7728; 27438,3
34,7496,7728,420.03,422.100000000005,2.0700000000050522,7496; 7728,2
35,6463,7496,420.03,424.12500000005014,4.095000000050163,6463; 7496,2
36,26123,6463,420.03,432.90000000002004,12.87000000002007,26123; 27438; 7728; 7496; 6463,5
37,27438,26123,420.03,424.5,4.470000000000027,27438; 26123,2
38,26123,27438,420.03,424.5000000000341,4.470000000034133,26123; 27438,2
39,6463,26123,420.03,432.9000000000765,12.870000000076516,6463; 7496; 7728; 27438; 26123,5
40,26123,7728,420.03,426.6750000000547,6.645000000054722,26123; 27438; 7728,3
41,6463,7496,420.03,424.12500000011187,4.095000000111895,6463; 7496,2
42,27438,7728,420.03,422.1750000000025,2.1450000000025398,27438; 7728,2
43,7496,26123,420.03,428.7750000000094,8.74500000000944,7496; 7728; 27438; 26123,4
44,7496,7728,420.03,422.10000000001594,2.070000000015966,7496; 7728,2
45,7728,7496,420.03,422.1000000000001,2.070000000000107,7728; 7496,2
46,7496,6463,420.03,424.1250000000006,4.095000000000653,7496; 6463,2
47,6463,7496,420.03,424.1250000001584,4.09500000015845,6463; 7496,2
48,26123,7496,420.03,428.77500000008337,8.745000000083394,26123; 27438; 7728; 7496,4
49,26123,27438,420.04,424.500000000122,4.4600000001219655,26123; 27438,2
50,27438,7496,420.04,424.2750000000053,4.2350000000053,27438; 7728; 7496,3
51,7728,27438,420.04,422.175,2.134999999999991,7728; 27438,2
52,7496,7728,420.04,422.1000000000255,2.060000000025468,7496; 7728,2
53,6463,7496,420.04,424.12500000021817,4.085000000218145,6463; 7496,2
54,6463,7728,420.04,426.2250000002938,6.185000000293769,6463; 7496; 7728,3
55,27438,7728,420.04,422.1750000000097,2.1350000000096543,27438; 7728,2
56,7496,27438,420.04,424.27500000003926,4.235000000039236,7496; 7728; 27438,3
57,26123,27438,420.04,424.5000000001728,4.4600000001727835,26123; 27438,2
58,6463,7496,420.04,424.1250000003867,4.085000000386685,6463; 7496,2
59,6463,27438,420.04,428.4000000005017,8.360000000501657,6463; 7496; 7728; 27438,4
60,7496,6463,420.04,424.12500000000193,4.085000000001912,7496; 6463,2
61,7496,7728,420.04,422.1000000000569,2.0600000000569025,7496; 7728,2
62,27438,26123,420.04,424.5000000000001,4.460000000000093,27438; 26123,2
63,6463,7496,420.05,424.125000000638,4.075000000637999,6463; 7496,2
64,7728,7496,420.05,422.1000000000003,2.0500000000002956,7728; 7496,2
65,26123,7728,420.05,426.675000000238,6.625000000238003,26123; 27438; 7728,3
66,26123,7496,420.05,428.7750000003202,8.725000000320165,26123; 27438; 7728; 7496,4
67,26123,27438,420.05,424.5000000004219,4.4500000004218805,26123; 27438,2
68,27438,7728,420.05,422.1750000000165,2.1250000000164846,27438; 7728,2
69,27438,6463,420.05,428.40000000002675,8.35000000002674,27438; 7728; 7496; 6463,4
70,6463,7496,420.05,424.1250000008019,4.075000000801879,6463; 7496,2
71,27438,7496,420.05,424.27500000004125,4.225000000041234,27438; 7728; 7496,3
72,7496,7728,420.05,422.1000000000806,2.0500000000806153,7496; 7728,2
73,7496,6463,420.05,424.1250000000048,4.0750000000047635,7496; 6463,2
74,6463,7496,420.05,424.1250000009955,4.075000000995487,6463; 7496,2
75,26123,27438,420.05,424.50000000054615,4.45000000054614,26123; 27438,2
76,7496,27438,420.05,424.27500000011213,4.225000000112118,7496; 7728; 27438,3
77,7496,7728,420.05,422.1000000001494,2.050000000149396,7496; 7728,2
78,7728,27438,420.05,422.17500000000007,2.125000000000057,7728; 27438,2
79,27438,7728,420.06,422.17500000005896,2.1150000000589557,27438; 7728,2
80,6463,7496,420.06,424.12500000122225,4.065000001222245,6463; 7496,2
81,26123,6463,420.06,432.900000000696,12.840000000696023,26123; 27438; 7728; 7496; 6463,5
82,7728,7496,420.06,422.100000000001,2.040000000000987,7728; 7496,2
83,6463,7728,420.06,426.225000001488,6.165000001488011,6463; 7496; 7728,3
84,26123,7496,420.06,428.77500000087485,8.715000000874852,26123; 27438; 7728; 7496,4
85,6463,7496,420.06,424.12500000178943,4.0650000017894286,6463; 7496,2
86,27438,26123,420.06,424.5000000000007,4.44000000000068,27438; 26123,2
87,26123,27438,420.06,424.500000001086,4.440000001085991,26123; 27438,2
88,7496,7728,420.06,422.10000000019687,2.0400000001968692,7496; 7728,2
89,7496,6463,420.06,424.1250000000099,4.0650000000098885,7496; 6463,2
90,27438,7496,420.06,424.2750000000859,4.215000000085922,27438; 7728; 7496,3
91,6463,26123,420.06,432.90000000214314,12.840000002143142,6463; 7496; 7728; 27438; 26123,5
92,26123,7728,420.06,426.67500000133333,6.615000001333328,26123; 27438; 7728,3
93,6463,7496,420.06,424.1250000025344,4.065000002534418,6463; 7496,2
94,27438,7728,420.06,422.17500000011506,2.11500000011506,27438; 7728,2
95,6463,27438,420.06,428.4000000029943,8.340000002994316,6463; 7496; 7728; 27438,4
96,7496,26123,420.06,428.7750000002626,8.715000000262592,7496; 7728; 27438; 26123,4
97,26123,27438,420.06,424.50000000162066,4.44000000162066,26123; 27438,2
98,7496,7728,420.07,422.1000000003248,2.030000000324833,7496; 7728,2
99,6463,7496,420.07,424.1250000034908,4.055000003490818,6463; 7496,2
100,7496,27438,420.07,424.27500000041346,4.205000000413463,7496; 7728; 27438,3
101,7728,7496,420.07,422.1000000000024,2.030000000002417,7728; 7496,2
102,7496,6463,420.07,424.12500000001836,4.055000000018367,7496; 6463,2
103,6463,7496,420.07,424.12500000405964,4.05500000405965,6463; 7496,2
104,26123,7496,420.07,428.77500000195215,8.705000001952158,26123; 27438; 7728; 7496,4
105,7496,7728,420.07,422.1000000005068,2.0300000005067886,7496; 7728,2
106,26123,27438,420.07,424.500000002332,4.430000002332008,26123; 27438,2
107,27438,7728,420.07,422.17500000015474,2.105000000154746,27438; 7728,2
108,6463,7496,420.07,424.12500000469527,4.055000004695273,6463; 7496,2
109,27438,7496,420.07,424.27500000020893,4.2050000002089405,27438; 7728; 7496,3
110,7728,27438,420.07,422.17500000000035,2.1050000000003593,7728; 27438,2
111,27438,26123,420.07,424.50000000000216,4.430000000002167,27438; 26123,2
112,7496,7728,420.08,422.10000000062223,2.0200000006222467,7496; 7728,2
113,6463,7496,420.08,424.12500000540285,4.045000005402869,6463; 7496,2
114,26123,27438,420.08,424.5000000027648,4.420000002764823,26123; 27438,2
115,26123,7728,420.08,426.6750000032552,6.5950000032552225,26123; 27438; 7728,3
116,6463,7728,420.08,426.22500000620346,6.145000006203475,6463; 7496; 7728,3
117,7496,6463,420.08,424.12500000003126,4.04500000003128,7496; 6463,2
118,27438,7728,420.08,422.175000000264,2.095000000264008,27438; 7728,2
119,7728,7496,420.08,422.100000000005,2.020000000005041,7728; 7496,2
120,6463,7496,420.08,424.12500000705467,4.045000007054682,6463; 7496,2
121,7496,27438,420.08,424.275000000766,4.195000000766015,7496; 7728; 27438,3
122,26123,7496,420.08,428.77500000380815,8.695000003808161,26123; 27438; 7728; 7496,4
123,7496,7728,420.08,422.100000000911,2.0200000009110113,7496; 7728,2
124,26123,27438,420.08,424.50000000442867,4.420000004428687,26123; 27438,2
125,6463,7496,420.08,424.12500000801,4.045000008009993,6463; 7496,2
126,26123,6463,420.08,432.9000000051222,12.82000000512221,26123; 27438; 7728; 7496; 6463,5
127,6463,27438,420.08,428.40000000908714,8.320000009087153,6463; 7496; 7728; 27438,4
128,27438,7496,420.09,424.27500000034576,4.185000000345781,27438; 7728; 7496,3
129,7496,6463,420.09,424.12500000005014,4.035000000050161,7496; 6463,2
130,6463,7496,420.09,424.1250000102081,4.035000010208137,6463; 7496,2
131,27438,7728,420.09,422.1750000004228,2.0850000004228377,27438; 7728,2
132,7496,7728,420.09,422.1000000010883,2.010000001088315,7496; 7728,2
133,27438,26123,420.09,424.50000000000523,4.410000000005255,27438; 26123,2
134,26123,27438,420.09,424.500000005894,4.410000005894005,26123; 27438,2
135,7728,26123,420.09,426.67500000001183,6.58500000001186,7728; 27438; 26123,3
136,6463,7496,420.09,424.1250000114631,4.035000011463126,6463; 7496,2
137,7728,7496,420.09,422.10000000000935,2.01000000000937,7728; 7496,2
138,7728,27438,420.09,422.1750000000025,2.0850000000025375,7728; 27438,2
139,7496,7728,420.09,422.10000000129025,2.0100000012902797,7496; 7728,2
140,6463,26123,420.09,432.9000000128767,12.810000012876742,6463; 7496; 7728; 27438; 26123,5
141,26123,7728,420.09,426.67500000675,6.585000006750022,26123; 27438; 7728,3
142,26123,7496,420.09,428.77500000769606,8.68500000769609,26123; 27438; 7728; 7496,4
143,6463,7496,420.09,424.1250000143165,4.035000014316552,6463; 7496,2
144,7496,27438,420.09,424.2750000015356,4.185000001535627,7496; 7728; 27438,3
145,26123,27438,420.09,424.50000000873814,4.410000008738166,26123; 27438,2
146,7496,6463,420.09,424.1250000000764,4.035000000076423,7496; 6463,2
147,27438,7728,420.09,422.1750000005249,2.0850000005249285,27438; 7728,2
148,27438,6463,420.1,428.4000000006604,8.300000000660361,27438; 7728; 7496; 6463,4
149,7496,26123,420.1,428.77500000183767,8.675000001837645,7496; 7728; 27438; 26123,4
150,6463,7728,420.1,426.225000015985,6.125000015984995,6463; 7496; 7728,3
151,6463,7496,420.1,424.1250000176721,4.025000017672085,6463; 7496,2
152,27438,7496,420.1,424.2750000008088,4.1750000008087795,27438; 7728; 7496,3
153,7496,7728,420.1,422.10000000206674,2.000000002066713,7496; 7728,2
154,7728,6463,420.1,426.2250000001278,6.125000000127784,7728; 7496; 6463,3
155,26123,27438,420.1,424.5000000098827,4.40000000988266,26123; 27438,2
156,6463,7496,420.1,424.12500001955556,4.025000019555534,6463; 7496,2
157,7728,7496,420.1,422.1000000000255,2.000000000025466,7728; 7496,2
158,27438,7728,420.1,422.17500000094356,2.0750000009435325,27438; 7728,2
159,27438,26123,420.1,424.5000000000108,4.4000000000107775,27438; 26123,2
160,7496,7728,420.1,422.10000000239035,2.0000000023903226,7496; 7728,2
161,7496,6463,420.1,424.12500000011187,4.025000000111845,7496; 6463,2
162,6463,7496,420.1,424.12500002158566,4.02500002158564,6463; 7496,2
163,26123,7496,420.1,428.77500001113617,8.675000011136149,26123; 27438; 7728; 7496,4
164,6463,27438,420.11,428.4000000238602,8.29000002386016,6463; 7496; 7728; 27438,4
165,26123,27438,420.11,424.5000000125052,4.3900000125051974,26123; 27438,2
166,6463,7496,420.11,424.12500002611586,4.0150000261158425,6463; 7496,2
167,7496,27438,420.11,424.2750000027908,4.165000002790805,7496; 7728; 27438,3
168,26123,7728,420.11,426.6750000139968,6.56500001399678,26123; 27438; 7728,3
169,7496,7728,420.11,422.10000000315,1.9900000031499872,7496; 7728,2
170,27438,7496,420.11,424.27500000116606,4.1650000011660495,27438; 7728; 7496,3
171,7728,27438,420.11,422.17500000000524,2.0650000000052273,7728; 27438,2
172,27438,7728,420.11,422.17500000133634,2.0650000013363297,27438; 7728,2
173,6463,7496,420.11,424.1250000286313,4.0150000286312775,6463; 7496,2
174,26123,6463,420.11,432.90000001561805,12.790000015618034,26123; 27438; 7728; 7496; 6463,5
175,7496,6463,420.11,424.1250000001584,4.015000000158409,7496; 6463,2
176,26123,27438,420.11,424.5000000173761,4.39000001737611,26123; 27438,2
177,7728,7496,420.11,422.1000000000389,1.99000000003889,7728; 7496,2
178,7496,7728,420.11,422.10000000359145,1.9900000035914331,7496; 7728,2
179,6463,7496,420.11,424.1250000313242,4.015000031324178,6463; 7496,2
180,6463,7728,420.12,426.2250000343139,6.105000034313889,6463; 7496; 7728,3
181,26123,7496,420.12,428.7750000192787,8.655000019278702,26123; 27438; 7728; 7496,4
182,6463,7496,420.12,424.12500003727536,4.005000037275352,6463; 7496,2
183,27438,26123,420.12,424.50000000002,4.380000000020004,27438; 26123,2
184,26123,27438,420.12,424.50000002133334,4.3800000213333306,26123; 27438,2
185,27438,7728,420.12,422.1750000015733,2.055000001573319,27438; 7728,2
186,7496,7728,420.12,422.1000000040778,1.9800000040777945,7496; 7728,2
187,7496,6463,420.12,424.12500000021817,4.0050000002181605,7496; 6463,2
188,7496,27438,420.12,424.27500000467086,4.155000004670853,7496; 7728; 27438,3
189,6463,7496,420.12,424.1250000405504,4.005000040550385,6463; 7496,2
190,27438,7496,420.12,424.2750000018975,4.15500000189752,27438; 7728; 7496,3
191,6463,26123,420.12,432.90000004421336,12.780000044213352,6463; 7496; 7728; 27438; 26123,5
192,26123,7728,420.12,426.675000023548,6.555000023548018,26123; 27438; 7728,3
193,26123,27438,420.12,424.5000000259308,4.380000025930769,26123; 27438,2
194,6463,7496,420.12,424.1250000477431,4.005000047743067,6463; 7496,2
195,7728,7496,420.12,422.1000000000569,1.9800000000569185,7728; 7496,2
196,7496,7728,420.13,422.1000000051969,1.97000000519688,7496; 7728,2
197,27438,7728,420.13,422.1750000021405,2.0450000021405117,27438; 7728,2
198,6463,27438,420.13,428.40000005190194,8.270000051901945,6463; 7496; 7728; 27438,4
199,26123,7496,420.13,428.77500002849007,8.645000028490074,26123; 27438; 7728; 7496,4
200,7728,27438,420.13,422.1750000000097,2.0450000000096793,7728; 27438,2
201,7496,26123,420.13,428.77500000609206,8.645000006092062,7496; 7728; 27438; 26123,4
202,6463,7496,420.13,424.12500005585264,3.9950000558526426,6463; 7496,2
203,7496,6463,420.13,424.1250000002935,3.995000000293487,7496; 6463,2
204,26123,27438,420.13,424.50000003123415,4.370000031234156,26123; 27438,2
205,7496,7728,420.13,422.10000000653184,1.9700000065318477,7496; 7728,2
206,6463,7496,420.13,424.1250000602745,3.995000060274492,6463; 7496,2
207,27438,26123,420.13,424.5000000000341,4.370000000034111,27438; 26123,2
208,27438,7496,420.13,424.27500000255634,4.145000002556344,27438; 7728; 7496,3
209,27438,7728,420.13,422.1750000028488,2.0450000028487807,27438; 7728,2
210,7496,27438,420.13,424.2750000074035,4.145000007403496,7496; 7728; 27438,3
211,6463,7496,420.14,424.1250000649539,3.9850000649539083,6463; 7496,2
212,6463,7728,420.14,426.22500007015543,6.085000070155445,6463; 7496; 7728,3
213,26123,27438,420.14,424.5000000341719,4.36000003417189,26123; 27438,2
214,7496,7728,420.14,422.10000000810885,1.9600000081088638,7496; 7728,2
215,7728,7496,420.14,422.1000000000806,1.9600000000806403,7728; 7496,2
216,7496,6463,420.14,424.1250000003867,3.9850000003867194,7496; 6463,2
217,6463,7496,420.14,424.1250000751246,3.985000075124617,6463; 7496,2
218,26123,7728,420.14,426.67500003731215,6.535000037312159,26123; 27438; 7728,3
219,26123,6463,420.14,432.90000004066405,12.760000040664067,26123; 27438; 7728; 7496; 6463,5
220,26123,7496,420.14,428.77500004423683,8.635000044236847,26123; 27438; 7728; 7496,4
221,7496,7728,420.14,422.1000000089967,1.9600000089967011,7496; 7728,2
222,26123,27438,420.14,424.50000004804,4.360000048040035,26123; 27438,2
223,6463,7496,420.14,424.12500008063614,3.985000080636155,6463; 7496,2
224,27438,7728,420.14,422.1750000032625,2.035000003262496,27438; 7728,2
225,27438,6463,420.14,428.40000000383145,8.260000003831465,27438; 7728; 7496; 6463,4
226,6463,7496,420.15,424.1250000864455,3.9750000864455046,6463; 7496,2
227,27438,7496,420.15,424.2750000043728,4.1250000043728505,27438; 7728; 7496,3
228,7728,27438,420.15,422.1750000000165,2.0250000000165187,7728; 27438,2
229,7496,6463,420.15,424.1250000005006,3.9750000005006427,7496; 6463,2
230,7496,7728,420.15,422.1000000099556,1.9500000099556019,7496; 7728,2
231,27438,26123,420.15,424.5000000000547,4.350000000054706,27438; 26123,2
232,26123,27438,420.15,424.50000005208335,4.350000052083374,26123; 27438,2
233,7728,7496,420.15,422.1000000001111,1.9500000001111175,7728; 7496,2
234,7496,27438,420.15,424.2750000111438,4.125000011143811,7496; 7728; 27438,3
235,6463,27438,420.15,428.4000000929283,8.250000092928303,6463; 7496; 7728; 27438,4
236,6463,7496,420.15,424.125000099,3.975000098999999,6463; 7496,2
237,27438,7728,420.15,422.1750000047766,2.0250000047766434,27438; 7728,2
238,26123,7496,420.15,428.7750000563767,8.625000056376734,26123; 27438; 7728; 7496,4
239,7496,7728,420.15,422.100000012101,1.950000012101043,7496; 7728,2
240,6463,7496,420.15,424.12500010576684,3.975000105766867,6463; 7496,2
241,26123,27438,420.15,424.5000000609301,4.350000060930142,26123; 27438,2
242,6463,26123,420.15,432.90000011337605,12.750000113376075,6463; 7496; 7728; 27438; 26123,5
243,26123,7728,420.15,426.67500006575403,6.525000065754057,26123; 27438; 7728,3
244,6463,7728,420.15,426.2250001208419,6.075000120841935,6463; 7496; 7728,3
245,7496,6463,420.16,424.125000000638,3.9650000006379855,7496; 6463,2
246,6463,7496,420.16,424.1250001281593,3.965000128159261,6463; 7496,2
247,7496,7728,420.16,422.10000001329536,1.9400000132953323,7496; 7728,2
248,27438,7728,420.16,422.17500000538246,2.015000005382433,27438; 7728,2
249,27438,7496,420.16,424.27500000624104,4.115000006241019,27438; 7728; 7496,3
250,7728,7496,420.16,422.1000000001494,1.9400000001493822,7728; 7496,2
251,26123,27438,420.16,424.5000000708588,4.340000070858764,26123; 27438,2
252,6463,7496,420.16,424.12500013635895,3.965000136358924,6463; 7496,2
253,7496,26123,420.16,428.7750000151,8.615000015099952,7496; 7728; 27438; 26123,4
254,7496,27438,420.16,424.27500001621087,4.115000016210843,7496; 7728; 27438,3
255,27438,26123,420.16,424.50000000008333,4.340000000083307,27438; 26123,2
256,26123,7496,420.16,428.77500007625525,8.615000076255228,26123; 27438; 7728; 7496,4
257,6463,7496,420.16,424.1250001449459,3.9650001449458614,6463; 7496,2
258,7496,7728,420.16,422.10000001741236,1.9400000174123306,7496; 7728,2
259,7496,6463,420.16,424.1250000008019,3.965000000801865,7496; 6463,2
260,7728,27438,420.16,422.17500000002644,2.0150000000264185,7728; 27438,2
261,26123,27438,420.17,424.5000000819541,4.330000081954097,26123; 27438,2
262,27438,7728,420.17,422.1750000067651,2.0050000067651013,27438; 7728,2
263,6463,7496,420.17,424.12500015393215,3.955000153932133,6463; 7496,2
264,26123,6463,420.17,432.9000000879667,12.730000087966687,26123; 27438; 7728; 7496; 6463,5
265,7496,7728,420.17,422.1000000189765,1.9300000189765,7496; 7728,2
266,6463,27438,420.17,428.4000001640357,8.230000164035687,6463; 7496; 7728; 27438,4
267,6463,7496,420.17,424.1250001731516,3.955000173151575,6463; 7496,2
268,26123,7728,420.17,426.67500009430415,6.505000094304137,26123; 27438; 7728,3
269,27438,7496,420.17,424.27500000780356,4.10500000780354,27438; 7728; 7496,3
270,7728,7496,420.17,422.10000000019687,1.9300000001968556,7728; 7496,2
271,26123,27438,420.17,424.500000100978,4.330000100977998,26123; 27438,2
272,7496,6463,420.17,424.1250000009955,3.955000000995483,7496; 6463,2
273,6463,7496,420.17,424.1250001834097,3.955000183409709,6463; 7496,2
274,27438,7728,420.17,422.17500000839846,2.00500000839844,27438; 7728,2
275,6463,7728,420.17,426.22500019487336,6.055000194873344,6463; 7496; 7728,3
276,7496,7728,420.17,422.10000002064385,1.9300000206438312,7496; 7728,2
277,26123,7496,420.17,428.77500010800003,8.605000108000013,26123; 27438; 7728; 7496,4
278,7496,27438,420.17,424.2750000227551,4.105000022755064,7496; 7728; 27438,3
279,6463,7496,420.18,424.1250002052864,3.9450002052864193,6463; 7496,2
280,27438,26123,420.18,424.500000000122,4.320000000121979,27438; 26123,2
281,26123,27438,420.18,424.500000115382,4.320000115382015,26123; 27438,2
282,7728,26123,420.18,426.67500000027826,6.495000000278253,7728; 27438; 26123,3
283,7496,7728,420.18,422.10000002430553,1.9200000243055229,7496; 7728,2
284,6463,7496,420.18,424.125000216931,3.945000216931021,6463; 7496,2
285,7496,6463,420.18,424.12500000122225,3.9450000012222404,7496; 6463,2
286,7728,7496,420.18,422.10000000025485,1.920000000254845,7728; 7496,2
287,27438,7728,420.18,422.175000009318,1.9950000093180051,27438; 7728,2
288,27438,7496,420.18,424.27500001063595,4.0950000106359425,27438; 7728; 7496,3
289,7728,27438,420.18,422.17500000005896,1.9950000000589512,7728; 27438,2
290,26123,27438,420.18,424.50000012313615,4.32000012313614,26123; 27438,2
291,6463,7496,420.18,424.12500022906414,3.945000229064135,6463; 7496,2
292,7496,7728,420.18,422.1000000263091,1.9200000263090828,7496; 7728,2
293,6463,26123,420.19,432.90000024280863,12.710000242808633,6463; 7496; 7728; 27438; 26123,5
294,26123,7728,420.19,426.67500013127466,6.48500013127466,26123; 27438; 7728,3
295,26123,7496,420.19,428.7750001398102,8.585000139810177,26123; 27438; 7728; 7496,4
296,6463,7496,420.19,424.12500025484997,3.9350002548499674,6463; 7496,2
297,7496,27438,420.19,424.2750000288569,4.085000028856882,7496; 7728; 27438,3
298,26123,27438,420.19,424.5000001487552,4.3100001487551935,26123; 27438,2
299,7496,6463,420.19,424.1250000014856,3.935000001485605,7496; 6463,2
300,27438,7728,420.19,422.17500001138154,1.985000011381544,27438; 7728,2
301,7496,7728,420.19,422.1000000306852,1.9100000306851825,7496; 7728,2
302,6463,27438,420.19,428.4000002697732,8.210000269773218,6463; 7496; 7728; 27438,4
303,27438,6463,420.19,428.4000000129434,8.210000012943397,27438; 7728; 7496; 6463,4
304,6463,7496,420.19,424.1250002827539,3.93500028275389,6463; 7496,2
305,27438,26123,420.19,424.5000000001728,4.310000000172806,27438; 26123,2
306,7496,26123,420.19,428.77500003492565,8.585000034925656,7496; 7728; 27438; 26123,4
307,7728,7496,420.19,422.1000000003248,1.9100000003248283,7728; 7496,2
308,6463,7728,420.19,426.2250002988256,6.035000298825594,6463; 7496; 7728,3
309,6463,7496,420.19,424.1250003128889,3.935000312888917,6463; 7496,2
310,27438,7496,420.19,424.27500001427694,4.085000014276943,27438; 7728; 7496,3
311,26123,6463,420.19,432.90000015812285,12.710000158122853,26123; 27438; 7728; 7496; 6463,5
312,26123,27438,420.19,424.50000016792603,4.3100001679260345,26123; 27438,2
313,7496,7728,420.2,422.10000003558577,1.9000000355857765,7496; 7728,2
314,26123,7496,420.2,428.7750001781782,8.575000178178186,26123; 27438; 7728; 7496,4
315,6463,7496,420.2,424.1250003288291,3.925000328829128,6463; 7496,2
316,27438,7728,420.2,422.1750000150965,1.975000015096498,27438; 7728,2
317,7496,6463,420.2,424.12500000178943,3.925000001789442,7496; 6463,2
318,7728,6463,420.2,426.22500000294264,6.025000002942647,7728; 7496; 6463,3
319,26123,7728,420.2,426.6750001888927,6.475000188892693,26123; 27438; 7728,3
320,26123,27438,420.2,424.5000002000833,4.300000200083332,26123; 27438,2
321,7728,27438,420.2,422.1750000000835,1.9750000000835257,7728; 27438,2
322,6463,7496,420.2,424.1250003453708,3.9250003453707905,6463; 7496,2
323,7496,7728,420.2,422.10000003824524,1.9000000382452527,7496; 7728,2
324,7496,27438,420.2,424.27500004169553,4.075000041695546,7496; 7728; 27438,3
325,7728,7496,420.2,422.1000000005068,1.9000000005067932,7728; 7496,2
326,6463,7496,420.2,424.12500036252885,3.9250003625288628,6463; 7496,2
327,27438,7728,420.21,422.1750000165164,1.9650000165163988,27438; 7728,2
328,27438,26123,420.21,424.500000000238,4.290000000238024,27438; 26123,2
329,7496,7728,420.21,422.1000000440086,1.890000044008616,7496; 7728,2
330,26123,27438,420.21,424.500000211764,4.290000211764038,26123; 27438,2
331,27438,7496,420.21,424.27500001865644,4.0650000186564625,27438; 7728; 7496,3
332,7496,6463,420.21,424.12500000213765,3.915000002137674,7496; 6463,2
333,6463,7496,420.21,424.1250003803184,3.9150003803184177,6463; 7496,2
334,26123,7496,420.21,428.77500022394884,8.565000223948857,26123; 27438; 7728; 7496,4
335,6463,7496,420.21,424.12500039875476,3.915000398754785,6463; 7496,2
336,6463,27438,420.21,428.4000004195765,8.190000419576506,6463; 7496; 7728; 27438,4
337,7496,7728,420.21,422.10000004712305,1.890000047123067,7496; 7728,2
338,26123,27438,420.21,424.500000236652,4.29000023665202,26123; 27438,2
339,6463,7728,420.21,426.2250004394072,6.015000439407231,6463; 7496; 7728,3
340,27438,7728,420.21,422.17500001965425,1.9650000196542692,27438; 7728,2
341,6463,7496,420.21,424.1250004581006,3.9150004581006215,6463; 7496,2
342,7496,27438,420.22,424.2750000511833,4.055000051183299,7496; 7728; 27438,3
343,7496,6463,420.22,424.1250000025344,3.9050000025343934,7496; 6463,2
344,7728,7496,420.22,422.10000000062223,1.8800000006222035,7728; 7496,2
345,6463,26123,420.22,432.90000048178456,12.680000481784532,6463; 7496; 7728; 27438; 26123,5
346,26123,7728,420.22,426.67500024988817,6.455000249888144,26123; 27438; 7728,3
347,7496,7728,420.22,422.10000005384495,1.880000053844924,7496; 7728,2
348,6463,7496,420.22,424.1250005011875,3.9050005011874873,6463; 7496,2
349,26123,27438,420.22,424.5000002636719,4.280000263671866,26123; 27438,2
350,27438,7496,420.22,424.2750000221374,4.055000022137392,27438; 7728; 7496,3
351,7728,27438,420.22,422.17500000011506,1.9550000001150352,7728; 27438,2
352,26123,7496,420.22,428.7750002780182,8.555000278018156,26123; 27438; 7728; 7496,4
353,27438,26123,420.22,424.50000000032014,4.280000000320115,27438; 26123,2
354,27438,7728,420.22,422.17500002321935,1.955000023219327,27438; 7728,2
355,6463,7496,420.22,424.1250005238365,3.9050005238364633,6463; 7496,2
356,26123,6463,420.22,432.900000292942,12.680000292941997,26123; 27438; 7728; 7496; 6463,5
357,7496,7728,420.22,422.10000005746355,1.8800000574635192,7496; 7728,2
358,7496,6463,420.22,424.12500000298394,3.905000002983911,7496; 6463,2
359,7496,26123,420.22,428.7750000641572,8.555000064157184,7496; 7728; 27438; 26123,4
360,26123,27438,420.22,424.5000003084588,4.280000308458796,26123; 27438,2
361,6463,7496,420.23,424.1250005472446,3.8950005472445923,6463; 7496,2
362,7728,7496,420.23,422.1000000007563,1.8700000007563062,7728; 7496,2
363,7496,7728,420.23,422.1000000652447,1.8700000652447102,7496; 7728,2
364,6463,7496,420.23,424.12500057142864,3.895000571428625,6463; 7496,2
365,7496,27438,420.23,424.27500007054624,4.045000070546223,7496; 7728; 27438,3
366,27438,7728,420.23,422.17500002517363,1.9450000251736128,27438; 7728,2
367,26123,27438,420.23,424.500000324584,4.270000324583975,26123; 27438,2
368,27438,7496,420.23,424.2750000281597,4.045000028159677,27438; 7728; 7496,3
369,26123,7728,420.23,426.6750003413334,6.445000341333355,26123; 27438; 7728,3
370,6463,7728,420.23,426.2250005987958,5.995000598795798,6463; 7496; 7728,3
371,26123,7496,420.23,428.7750003587227,8.545000358722689,26123; 27438; 7728; 7496,4
372,6463,7496,420.23,424.12500062219226,3.895000622192242,6463; 7496,2
373,6463,27438,420.23,428.4000006518934,8.17000065189336,6463; 7496; 7728; 27438,4
374,7496,6463,420.23,424.1250000034908,3.895000003490793,7496; 6463,2
375,7496,7728,420.23,422.1000000737906,1.8700000737906066,7496; 7728,2
376,6463,7496,420.24,424.12500067626536,3.8850006762653493,6463; 7496,2
377,27438,26123,420.24,424.5000000004219,4.260000000421883,27438; 26123,2
378,26123,27438,420.24,424.5000003767681,4.260000376768119,26123; 27438,2
379,27438,7728,420.24,422.17500002944956,1.9350000294495544,27438; 7728,2
380,7728,27438,420.24,422.17500000015474,1.93500000015473,7728; 27438,2
381,27438,6463,420.24,428.4000000328793,8.160000032879282,27438; 7728; 7496; 6463,4
382,7728,7496,420.24,422.100000000911,1.8600000009109863,7728; 7496,2
383,6463,7496,420.24,424.1250007045868,3.885000704586787,6463; 7496,2
384,7496,7728,420.24,422.1000000783655,1.8600000783654878,7496; 7728,2
385,7496,6463,420.24,424.12500000405964,3.885000004059634,7496; 6463,2
386,26123,27438,420.24,424.500000395486,4.260000395485974,26123; 27438,2
387,7496,27438,420.24,424.2750000844861,4.035000084486114,7496; 7728; 27438,3
388,6463,7496,420.24,424.1250007337886,3.8850007337886154,6463; 7496,2
389,27438,7496,420.24,424.27500003553865,4.035000035538644,27438; 7728; 7496,3
390,26123,7496,420.24,428.7750004148928,8.535000414892806,26123; 27438; 7728; 7496,4
391,7496,7728,420.24,422.1000000881499,1.8600000881498886,7496; 7728,2
392,27438,7728,420.25,422.17500003685666,1.9250000368566589,27438; 7728,2
393,6463,7496,420.25,424.12500076388886,3.8750007638888633,6463; 7496,2
394,6463,26123,420.25,432.90000079879877,12.650000798798771,6463; 7496; 7728; 27438; 26123,5
395,26123,7728,420.25,426.67500043500524,6.425000435005245,26123; 27438; 7728,3
396,26123,27438,420.25,424.5000004558401,4.250000455840109,26123; 27438,2
397,6463,7496,420.25,424.1250008268579,3.8750008268578995,6463; 7496,2
398,7728,7496,420.25,422.1000000010883,1.85000000108829,7728; 7496,2
399,7496,6463,420.25,424.12500000469527,3.8750000046952664,7496; 6463,2
400,7496,7728,420.25,422.1000000933722,1.8500000933722163,7496; 7728,2
401,26123,6463,420.25,432.9000004774147,12.650000477414721,26123; 27438; 7728; 7496; 6463,5
402,27438,26123,420.25,424.50000000054615,4.250000000546152,27438; 26123,2
403,6463,7728,420.25,426.22500086335515,5.975000863355149,6463; 7496; 7728,3
404,27438,7728,420.25,422.1750000396112,1.9250000396111773,27438; 7728,2
405,6463,7496,420.25,424.125000893642,3.8750008936419817,6463; 7496,2
406,6463,27438,420.25,428.4000009331144,8.150000933114427,6463; 7496; 7728; 27438,4
407,26123,27438,420.25,424.50000049974614,4.250000499746136,26123; 27438,2
408,26123,7496,420.26,428.77500052285205,8.515000522852063,26123; 27438; 7728; 7496,4
409,27438,7496,420.26,424.27500004403635,4.015000044036356,27438; 7728; 7496,3
410,7496,7728,420.26,422.1000000988232,1.840000098823225,7496; 7728,2
411,7728,27438,420.26,422.1750000002039,1.9150000002039178,7728; 27438,2
412,7496,27438,420.26,424.27500010608276,4.015000106082766,7496; 7728; 27438,3
413,7496,26123,420.26,428.7750001160863,8.515000116086298,7496; 7728; 27438; 26123,4
414,6463,7496,420.26,424.12500096439214,3.865000964392152,6463; 7496,2
415,7496,6463,420.26,424.12500000540285,3.8650000054028624,7496; 6463,2
416,26123,27438,420.26,424.50000054675,4.240000546750025,26123; 27438,2
417,6463,7496,420.26,424.1250010013025,3.8650010013025167,6463; 7496,2
418,27438,7728,420.26,422.1750000455803,1.9150000455803138,27438; 7728,2
419,7496,7728,420.26,422.10000011661447,1.8400001166144762,7496; 7728,2
420,7728,7496,420.26,422.10000000129025,1.8400000012902638,7728; 7496,2
421,26123,7728,420.26,426.67500057145804,6.415000571458052,26123; 27438; 7728,3
422,6463,7496,420.26,424.12500103926243,3.865001039262438,6463; 7496,2
423,27438,26123,420.27,424.500000000696,4.230000000696009,27438; 26123,2
424,26123,27438,420.27,424.50000059699414,4.230000596994159,26123; 27438,2
425,7496,7728,420.27,422.10000012304687,1.8300001230468865,7496; 7728,2
426,6463,7496,420.27,424.1250010782915,3.8550010782915365,6463; 7496,2
427,26123,7496,420.27,428.7750006233767,8.505000623376702,26123; 27438; 7728; 7496,4
428,7728,26123,420.27,426.6750000015973,6.40500000159733,7728; 27438; 26123,3
429,7496,6463,420.27,424.1250000061875,3.855000006187538,7496; 6463,2
430,27438,7496,420.27,424.2750000505832,4.005000050583192,27438; 7728; 7496,3
431,27438,7728,420.27,422.1750000522,1.9050000522000232,27438; 7728,2
432,7496,27438,420.27,424.2750001318823,4.005000131882298,7496; 7728; 27438,3
433,6463,7496,420.27,424.1250011184097,3.8550011184097457,6463; 7496,2
434,6463,7728,420.27,426.225001164249,5.95500116424904,6463; 7496; 7728,3
435,26123,27438,420.27,424.50000065062414,4.230000650624163,26123; 27438,2
436,7496,7728,420.27,422.1000001367063,1.8300001367063032,7496; 7728,2
437,7728,7496,420.27,422.1000000015191,1.8300000015191245,7728; 7496,2
438,6463,7496,420.27,424.12500120199394,3.8550012019939572,6463; 7496,2
439,7728,27438,420.27,422.1750000003364,1.905000000336429,7728; 27438,2
440,6463,27438,420.27,428.400001251342,8.130001251342037,6463; 7496; 7728; 27438,4
441,7496,6463,420.28,424.12500000705467,3.8450000070546935,7496; 6463,2
442,27438,7728,420.28,422.17500005576795,1.89500005576798,27438; 7728,2
443,6463,7496,420.28,424.1250012901779,3.8450012901779473,6463; 7496,2
444,7496,7728,420.28,422.10000014394745,1.8200001439474818,7496; 7728,2
445,26123,27438,420.28,424.5000006787552,4.220000678755241,26123; 27438,2
446,6463,26123,420.28,432.90000134321167,12.620001343211698,6463; 7496; 7728; 27438; 26123,5
447,26123,7728,420.28,426.6750007077888,6.3950007077888245,26123; 27438; 7728,3
448,26123,6463,420.28,432.90000073774405,12.620000737744078,26123; 27438; 7728; 7496; 6463,5
449,26123,7496,420.28,428.77500076864015,8.495000768640182,26123; 27438; 7728; 7496,4
450,27438,7496,420.28,424.27500006158255,3.995000061582573,27438; 7728; 7496,3
451,27438,26123,420.28,424.5000000008748,4.2200000008748475,27438; 26123,2
452,6463,7496,420.28,424.1250013831273,3.8450013831273395,6463; 7496,2
453,7496,27438,420.28,424.27500015394827,3.995000153948297,7496; 7728; 27438,3
454,7496,7728,420.28,422.10000015928887,1.8200001592888952,7496; 7728,2
455,26123,27438,420.28,424.50000080049665,4.220000800496678,26123; 27438,2
456,7728,7496,420.28,422.1000000017771,1.8200000017771458,7728; 7496,2
457,6463,7496,420.28,424.1250014314416,3.8450014314416308,6463; 7496,2
458,7496,6463,420.28,424.12500000801,3.845000008010004,7496; 6463,2
459,27438,7728,420.28,422.17500006344943,1.8950000634494586,27438; 7728,2
460,27438,6463,420.29,428.4000000699836,8.110000069983585,27438; 7728; 7496; 6463,4
461,6463,7496,420.29,424.12500148101077,3.8350014810107496,6463; 7496,2
462,7496,7728,420.29,422.1000001674039,1.8100001674038708,7496; 7728,2
463,7496,26123,420.29,428.7750001845679,8.485000184567866,7496; 7728; 27438; 26123,4
464,26123,27438,420.29,424.50000083333333,4.210000833333311,26123; 27438,2
465,6463,7728,420.29,426.2250015383882,5.935001538388178,6463; 7496; 7728,3
466,26123,7496,420.29,428.77500086717004,8.485000867170015,26123; 27438; 7728; 7496,4
467,6463,7496,420.29,424.125001584,3.835001583999997,6463; 7496,2
468,27438,7496,420.29,424.2750000746489,3.9850000746488945,27438; 7728; 7496,3
469,7728,27438,420.29,422.1750000004228,1.8850000004227923,7728; 27438,2
470,27438,7728,420.29,422.17500007642604,1.8850000764260244,27438; 7728,2
471,7496,6463,420.29,424.12500000905914,3.835000009059115,7496; 6463,2
472,26123,7728,420.29,426.6750009020268,6.385000902026775,26123; 27438; 7728,3
473,7496,7728,420.29,422.10000018456014,1.8100001845601241,7496; 7728,2
474,6463,7496,420.29,424.1250016374637,3.8350016374636766,6463; 7496,2
475,27438,26123,420.29,424.500000001086,4.210000001085973,27438; 26123,2
476,26123,27438,420.3,424.500000937924,4.200000937924017,26123; 27438,2
477,7728,7496,420.3,422.10000000206674,1.8000000020667244,7728; 7496,2
478,7496,27438,420.3,424.27500019687915,3.9750001968791366,7496; 7728; 27438,3
479,6463,27438,420.3,428.40000170050143,8.100001700501423,6463; 7496; 7728; 27438,4
480,6463,7496,420.3,424.1250017484396,3.825001748439604,6463; 7496,2
481,7496,7728,420.3,422.1000002030024,1.800000203002412,7496; 7728,2
482,27438,7728,420.3,422.1750000811642,1.8750000811642167,27438; 7728,2
483,7728,6463,420.3,426.22500001522076,5.925000015220746,7728; 7496; 6463,3
484,26123,27438,420.3,424.50000097488214,4.20000097488213,26123; 27438,2
485,6463,7496,420.3,424.12500180599665,3.825001805996635,6463; 7496,2
486,7496,6463,420.3,424.1250000102081,3.8250000102081003,7496; 6463,2
487,26123,7496,420.3,428.7750010129219,8.475001012921894,26123; 27438; 7728; 7496,4
488,27438,7496,420.3,424.27500008926944,3.975000089269429,27438; 7728; 7496,3
489,7496,7728,420.3,422.1000002127254,1.8000002127253651,7496; 7728,2
490,6463,7496,420.31,424.1250018649631,3.815001864963108,6463; 7496,2
491,26123,6463,420.31,432.90000105206417,12.590001052064167,26123; 27438; 7728; 7496; 6463,5
492,7728,7496,420.31,422.10000000275056,1.7900000027505598,7728; 7496,2
493,26123,27438,420.31,424.50000109233,4.1900010923300215,26123; 27438,2
494,27438,7728,420.31,422.1750000912981,1.8650000912981,27438; 7728,2
495,6463,7496,420.31,424.1250019253619,3.815001925361912,6463; 7496,2
496,6463,26123,420.31,432.90000199732685,12.590001997326851,6463; 7496; 7728; 27438; 26123,5
497,26123,7728,420.31,426.6750011337408,6.365001133740805,26123; 27438; 7728,3
498,6463,7728,420.31,426.2250020595453,5.915002059545316,6463; 7496; 7728,3
499,7496,27438,420.31,424.27500022651327,3.9650002265132684,7496; 7728; 27438,3
500,27438,26123,420.31,424.5000000013333,4.190000001333317,27438; 26123,2
501,7496,7728,420.31,422.10000023321487,1.7900002332148688,7496; 7728,2
502,7496,6463,420.31,424.1250000114631,3.8150000114630984,7496; 6463,2
503,7728,27438,420.31,422.1750000005249,1.8650000005249012,7728; 27438,2
504,6463,7496,420.31,424.1250021153831,3.815002115383095,6463; 7496,2
505,26123,27438,420.31,424.500001176318,4.190001176317992,26123; 27438,2
506,26123,7496,420.31,428.77500122008337,8.465001220083366,26123; 27438; 7728; 7496,4
507,7496,7728,420.32,422.1000002439976,1.7800002439976197,7496; 7728,2
508,6463,7496,420.32,424.12500218174307,3.8050021817430775,6463; 7496,2
509,27438,7728,420.32,422.1750000967069,1.855000096706931,27438; 7728,2
510,27438,7496,420.32,424.27500010594406,3.955000105944066,27438; 7728; 7496,3
511,6463,27438,420.32,428.4000022609441,8.080002260944127,6463; 7496; 7728; 27438,4
512,7728,7496,420.32,422.10000000315,1.7800000031500076,7728; 7496,2
513,26123,27438,420.32,424.5000012650587,4.180001265058706,26123; 27438,2
514,6463,7496,420.32,424.1250023191344,3.8050023191344167,6463; 7496,2
515,7496,6463,420.32,424.1250000128304,3.805000012830419,7496; 6463,2
516,7496,26123,420.32,428.7750002692561,8.455000269256118,7496; 7728; 27438; 26123,4
517,7496,7728,420.32,422.1000002666804,1.7800002666804176,7496; 7728,2
518,6463,7496,420.32,424.12500239021387,3.805002390213872,6463; 7496,2
519,7496,27438,420.32,424.27500028337386,3.955000283373863,7496; 7728; 27438,3
520,27438,7728,420.32,422.17500010824193,1.8550001082419385,27438; 7728,2
521,26123,7728,420.32,426.67500131126616,6.3550013112661645,26123; 27438; 7728,3
522,27438,26123,420.32,424.50000000162066,4.1800000016206695,27438; 26123,2
523,26123,27438,420.32,424.500001358728,4.1800013587280205,26123; 27438,2
524,26123,7496,420.33,428.77500140746685,8.445001407466862,26123; 27438; 7728; 7496,4
525,6463,7496,420.33,424.1250024629148,3.7950024629147947,6463; 7496,2
526,7496,7728,420.33,422.1000002909091,1.7700002909091381,7496; 7728,2
527,7496,6463,420.33,424.1250000143165,3.7950000143165425,7496; 6463,2
528,27438,7496,420.33,424.2750001184596,3.9450001184596317,27438; 7728; 7496,3
529,6463,7728,420.33,426.22500254825076,5.895002548250773,6463; 7496; 7728,3
530,7728,27438,420.33,422.17500000064445,1.8450000006444611,7728; 27438,2
531,6463,7496,420.33,424.12500261327926,3.79500261327928,6463; 7496,2
532,7728,7496,420.33,422.10000000359145,1.7700000035914627,7728; 7496,2
533,26123,27438,420.33,424.5000014575052,4.170001457505236,26123; 27438,2
534,7496,7728,420.33,422.1000003036246,1.770000303624613,7496; 7728,2
535,27438,7728,420.33,422.17500012077926,1.8450001207792752,27438; 7728,2
536,6463,7496,420.33,424.12500269099235,3.795002690992362,6463; 7496,2
537,27438,6463,420.33,428.40000013210346,8.070000132103473,27438; 7728; 7496; 6463,4
538,26123,6463,420.33,432.9000015088662,12.570001508866198,26123; 27438; 7728; 7496; 6463,5
539,7496,6463,420.34,424.1250000159281,3.7850000159281194,7496; 6463,2
540,6463,7496,420.34,424.1250027704259,3.7850027704259332,6463; 7496,2
541,7496,27438,420.34,424.2750003221349,3.935000322134897,7496; 7728; 27438,3
542,26123,27438,420.34,424.5000015615727,4.160001561572699,26123; 27438,2
543,26123,7496,420.34,428.7750016156482,8.435001615648218,26123; 27438; 7728; 7496,4
544,7496,7728,420.34,422.10000033030144,1.760000330301466,7496; 7728,2
545,6463,27438,420.34,428.40000286527953,8.060002865279557,6463; 7496; 7728; 27438,4
546,27438,26123,420.34,424.5000000019521,4.160000001952142,27438; 26123,2
547,6463,26123,420.34,432.9000029510248,12.560002951024842,6463; 7496; 7728; 27438; 26123,5
548,6463,7496,420.34,424.1250030193026,3.7850030193026214,6463; 7496,2
549,26123,7728,420.34,426.67500167111604,6.335001671116061,26123; 27438; 7728,3
550,27438,7728,420.34,422.1750001343754,1.8350001343754343,27438; 7728,2
551,27438,7496,420.34,424.2750001467855,3.9350001467855122,27438; 7728; 7496,3
552,7728,7496,420.34,422.1000000040778,1.760000004077824,7728; 7496,2
553,26123,27438,420.34,424.500001728,4.1600017279999975,26123; 27438,2
554,7496,7728,420.34,422.10000034428055,1.76000034428057,7496; 7728,2
555,6463,7496,420.34,424.1250031058721,3.7850031058721356,6463; 7496,2
556,7496,6463,420.34,424.1250000176721,3.7850000176721323,7496; 6463,2
557,6463,7496,420.35,424.12500319429,3.7750031942899795,6463; 7496,2
558,7728,27438,420.35,422.1750000007833,1.825000000783291,7728; 27438,2
559,27438,7728,420.35,422.1750001490884,1.825000149088396,27438; 7728,2
560,6463,7728,420.35,426.22500329915835,5.8750032991583225,6463; 7496; 7728,3
561,7496,7728,420.35,422.1000003586987,1.750000358698685,7496; 7728,2
562,26123,7496,420.35,428.775001786324,8.425001786324003,26123; 27438; 7728; 7496,4
563,26123,27438,420.35,424.5000018461121,4.150001846112104,26123; 27438,2
564,7496,27438,420.35,424.2750003796093,3.925000379609287,7496; 7728; 27438,3
565,6463,7496,420.35,424.1250033767756,3.775003376775601,6463; 7496,2
566,7728,7496,420.35,422.1000000046119,1.750000004611877,7728; 7496,2
567,7496,26123,420.35,428.7750004096508,8.42500040965075,7496; 7728; 27438; 26123,4
568,27438,7496,420.35,424.275000162718,3.9250001627179927,27438; 7728; 7496,3
569,7496,7728,420.35,422.10000040467935,1.7500004046793265,7496; 7728,2
570,7496,6463,420.35,424.12500001955556,3.7750000195555344,7496; 6463,2
571,6463,7496,420.35,424.1250034708961,3.775003470896081,6463; 7496,2
572,27438,26123,420.35,424.500000002332,4.1500000023319785,27438; 26123,2
573,26123,27438,420.35,424.50000190738865,4.150001907388628,26123; 27438,2
574,26123,7728,420.36,426.67500197017813,6.315001970178116,26123; 27438; 7728,3
575,27438,7728,420.36,422.1750001649778,1.8150001649777892,27438; 7728,2
576,7728,26123,420.36,426.6750000053722,6.315000005372212,7728; 27438; 26123,3
577,6463,7496,420.36,424.12500356697063,3.76500356697062,6463; 7496,2
578,7496,7728,420.36,422.10000042094583,1.7400004209458189,7496; 7728,2
579,6463,27438,420.36,428.4000036831133,8.040003683113298,6463; 7496; 7728; 27438,4
580,26123,7496,420.36,428.77500203450523,8.415002034505221,26123; 27438; 7728; 7496,4
581,26123,27438,420.36,424.5000021003948,4.140002100394781,26123; 27438,2
582,6463,7496,420.36,424.12500376508916,3.7650037650891477,6463; 7496,2
583,26123,6463,420.36,432.90000216787206,12.540002167872046,26123; 27438; 7728; 7496; 6463,5
584,7496,6463,420.36,424.12500002158566,3.7650000215856494,7496; 6463,2
585,7496,27438,420.36,424.2750004452466,3.9150004452465623,7496; 7728; 27438,3
586,7728,7496,420.36,422.1000000051969,1.7400000051968618,7728; 7496,2
587,27438,7728,420.36,422.1750001733826,1.8150001733826002,27438; 7728,2
588,6463,7496,420.36,424.1250038671875,3.765003867187488,6463; 7496,2
589,7496,7728,420.36,422.100000454945,1.7400004549450045,7496; 7728,2
590,27438,7496,420.37,424.27500018863645,3.90500018863645,27438; 7728; 7496,3
591,7728,27438,420.37,422.17500000112716,1.805000001127155,7728; 27438,2
592,26123,27438,420.37,424.50000223696213,4.130002236962127,26123; 27438,2
593,6463,7728,420.37,426.2250039887607,5.8550039887607,6463; 7496; 7728,3
594,6463,7496,420.37,424.12500407759927,3.755004077599267,6463; 7496,2
595,27438,26123,420.37,424.5000000027648,4.1300000027648025,27438; 26123,2
596,7496,7728,420.37,422.1000004726969,1.7300004726968723,7496; 7728,2
597,6463,26123,420.37,432.90000420937247,12.530004209372464,6463; 7496; 7728; 27438; 26123,5
598,26123,7728,420.37,426.6750023076907,6.3050023076907,26123; 27438; 7728,3
599,7496,6463,420.37,424.12500002376987,3.755000023769867,7496; 6463,2
600,6463,7496,420.37,424.1250042964828,3.7550042964828094,6463; 7496,2
601,27438,7728,420.37,422.1750001911516,1.8050001911515778,27438; 7728,2
602,26123,7496,420.37,428.7750023800834,8.405002380083374,26123; 27438; 7728; 7496,4
603,26123,27438,420.37,424.500002454166,4.130002454166004,26123; 27438,2
604,6463,7496,420.37,424.1250044091714,3.75500440917142,6463; 7496,2
605,7728,7496,420.37,422.10000000583574,1.730000005835734,7728; 7496,2
606,7496,7728,420.38,422.1000004909633,1.7200004909632867,7496; 7728,2
607,7496,27438,420.38,424.27500051815247,3.8950005181524716,7496; 7728; 27438,3
608,27438,7496,420.38,424.27500020781997,3.895000207819976,27438; 7728; 7496,3
609,6463,7496,420.38,424.1250045240624,3.745004524062381,6463; 7496,2
610,26123,27438,420.38,424.5000025299648,4.120002529964779,26123; 27438,2
611,7496,6463,420.38,424.12500002611586,3.7450000261158607,7496; 6463,2
612,27438,7728,420.38,422.1750002102525,1.7950002102525104,27438; 7728,2
613,7496,7728,420.38,422.100000529079,1.720000529079016,7496; 7728,2
614,27438,6463,420.38,428.40000022850796,8.020000228507968,27438; 7728; 7496; 6463,4
615,6463,27438,420.38,428.40000466467677,8.020004664676776,6463; 7496; 7728; 27438,4
616,6463,7496,420.38,424.12500476056545,3.7450047605654504,6463; 7496,2
617,26123,7496,420.38,428.77500260750605,8.395002607506058,26123; 27438; 7728; 7496,4
618,27438,26123,420.38,424.5000000032552,4.1200000032552,27438; 26123,2
619,7728,27438,420.38,422.17500000133634,1.7950000013363479,7728; 27438,2
620,26123,27438,420.38,424.5000026868161,4.120002686816122,26123; 27438,2
621,7496,26123,420.38,428.7750005818144,8.395000581814429,7496; 7728; 27438; 26123,4
622,6463,7496,420.38,424.12500488223515,3.7450048822351505,6463; 7496,2
623,7496,7728,420.39,422.10000056937224,1.710000569372255,7496; 7728,2
624,26123,7728,420.39,426.6750027679219,6.285002767921924,26123; 27438; 7728,3
625,7728,7496,420.39,422.10000000653184,1.7100000065318568,7728; 7496,2
626,6463,7728,420.39,426.2250050286409,5.835005028640921,6463; 7496; 7728,3
627,27438,7728,420.39,422.1750002307504,1.785000230750427,27438; 7728,2
628,7496,6463,420.39,424.1250000286313,3.7350000286313048,7496; 6463,2
629,6463,7496,420.39,424.125005132556,3.7350051325560116,6463; 7496,2
630,27438,7496,420.39,424.27500025054064,3.8850002505406565,27438; 7728; 7496,3
631,26123,6463,420.39,432.90000285085017,12.510002850850185,26123; 27438; 7728; 7496; 6463,5
632,26123,27438,420.39,424.500002935628,4.110002935628017,26123; 27438,2
633,7496,27438,420.39,424.27500060067183,3.8850006006718445,7496; 7728; 27438,3
634,7496,7728,420.39,422.1000006119242,1.7100006119242153,7496; 7728,2
635,6463,7496,420.39,424.1250052612659,3.7350052612659397,6463; 7496,2
636,26123,7496,420.39,428.7750030222828,8.385003022282831,26123; 27438; 7728; 7496,4
637,6463,7496,420.4,424.1250053923815,3.725005392381547,6463; 7496,2
638,27438,7728,420.4,422.1750002527118,1.775000252711834,27438; 7728,2
639,26123,27438,420.4,424.500003110842,4.10000311084201,26123; 27438,2
640,7496,6463,420.4,424.1250000313242,3.725000031324214,7496; 6463,2
641,7496,7728,420.4,422.10000063407307,1.700000634073092,7496; 7728,2
642,7728,7496,420.4,422.10000000728843,1.7000000072884518,7728; 7496,2
643,27438,26123,420.4,424.5000000038081,4.100000003808134,27438; 26123,2
644,6463,7496,420.4,424.12500552593264,3.7250055259326587,6463; 7496,2
645,7728,6463,420.4,426.2250000521455,5.825000052145526,7728; 7496; 6463,3
646,6463,26123,420.4,432.90000569228204,12.500005692282059,6463; 7496; 7728; 27438; 26123,5
647,26123,27438,420.4,424.50000320133336,4.100003201333379,26123; 27438,2
648,27438,7496,420.4,424.2750002742181,3.8750002742181096,27438; 7728; 7496,3
649,26123,7728,420.4,426.6750032937847,6.275003293784721,26123; 27438; 7728,3
650,7728,27438,420.4,422.1750000015733,1.7750000015733463,7728; 27438,2
651,6463,27438,420.4,428.4000058304903,8.000005830490295,6463; 7496; 7728; 27438,4
652,6463,7496,420.4,424.1250059414997,3.7250059414997168,6463; 7496,2
653,7496,7728,420.4,422.1000006568178,1.7000006568178492,7496; 7728,2
654,27438,7728,420.4,422.1750002762047,1.7750002762047075,27438; 7728,2
655,7496,27438,420.4,424.27500069155064,3.8750006915506674,7496; 7728; 27438,3
656,7496,6463,420.41,424.1250000342028,3.715000034202774,7496; 6463,2
657,6463,7496,420.41,424.1250060850944,3.7150060850943873,6463; 7496,2
658,6463,7728,420.41,426.2250062597104,5.815006259710401,6463; 7496; 7728,3
659,26123,7496,420.41,428.77500338822415,8.365003388224125,26123; 27438; 7728; 7496,4
660,26123,27438,420.41,424.50000348468,4.090003484679983,26123; 27438,2
661,7496,7728,420.41,422.1000007041375,1.6900007041375034,7496; 7728,2
662,7728,7496,420.41,422.1000000089967,1.6900000089966625,7728; 7496,2
663,6463,7496,420.41,424.1250063800764,3.7150063800763746,6463; 7496,2
664,27438,7728,420.41,422.17500028854715,1.765000288547128,27438; 7728,2
665,6463,7496,420.41,424.1250065315256,3.715006531525603,6463; 7496,2
666,27438,26123,420.41,424.50000000442867,4.090000004428646,27438; 26123,2
667,7496,7728,420.41,422.1000007287339,1.690000728733878,7496; 7728,2
668,26123,27438,420.41,424.5000035831808,4.09000358318076,26123; 27438,2
669,27438,7496,420.41,424.2750003122878,3.865000312287748,27438; 7728; 7496,3
670,7496,6463,420.41,424.12500003727536,3.715000037275331,7496; 6463,2
671,6463,7496,420.42,424.1250066856553,3.7050066856552917,6463; 7496,2
672,7496,26123,420.42,428.77500079773654,8.355000797736523,7496; 7728; 27438; 26123,4
673,26123,7728,420.42,426.6750036837552,6.255003683755206,26123; 27438; 7728,3
674,7496,27438,420.42,424.2750007936243,3.855000793624299,7496; 7728; 27438,3
675,26123,6463,420.42,432.9000037864322,12.480003786432178,26123; 27438; 7728; 7496; 6463,5
676,26123,7496,420.42,428.7750038912407,8.355003891240699,26123; 27438; 7728; 7496,4
677,7496,7728,420.42,422.1000008064,1.6800008063999599,7496; 7728,2
678,27438,7728,420.42,422.1750003144683,1.7550003144683046,27438; 7728,2
679,26123,27438,420.42,424.5000039982101,4.080003998210088,26123; 27438,2
680,6463,7496,420.42,424.1250068424968,3.7050068424968003,6463; 7496,2
681,7728,27438,420.42,422.1750000018406,1.7550000018405854,7728; 27438,2
682,7728,7496,420.42,422.1000000099556,1.6800000099555632,7728; 7496,2
683,7496,6463,420.42,424.1250000405504,3.705000040550374,7496; 6463,2
684,6463,7496,420.42,424.1250070020819,3.7050070020818566,6463; 7496,2
685,6463,27438,420.42,428.40000719935085,7.980007199350837,6463; 7496; 7728; 27438,4
686,7496,7728,420.42,422.10000083361786,1.6800008336178394,7496; 7728,2
687,26123,27438,420.43,424.50000410737,4.070004107369982,26123; 27438,2
688,6463,7728,420.43,426.2250073626774,5.7950073626773815,6463; 7496; 7728,3
689,27438,7496,420.43,424.27500034016606,3.8450003401660524,27438; 7728; 7496,3
690,6463,7496,420.43,424.1250074976171,3.695007497617098,6463; 7496,2
691,27438,7728,420.43,422.1750003420979,1.74500034209791,27438; 7728,2
692,27438,26123,420.43,424.50000000512216,4.070000005122154,27438; 26123,2
693,27438,6463,420.43,428.40000037003006,7.97000037003005,27438; 7728; 7496; 6463,4
694,7496,7728,420.43,422.100000861519,1.6700008615189859,7496; 7728,2
695,26123,7496,420.43,428.77500421875004,8.345004218750034,26123; 27438; 7728; 7496,4
696,6463,7496,420.43,424.1250076684961,3.695007668496089,6463; 7496,2
697,7496,27438,420.43,424.2750009052112,3.8450009052111795,7496; 7728; 27438,3
698,7496,6463,420.43,424.12500004403665,3.6950000440366466,7496; 6463,2
699,26123,27438,420.43,424.50000433238,4.070004332379995,26123; 27438,2
700,7728,7496,420.43,422.10000001098905,1.6700000109890425,7728; 7496,2
701,6463,26123,420.43,432.90000788645,12.470007886449991,6463; 7496; 7728; 27438; 26123,5
702,26123,7728,420.43,426.67500444829017,6.24500444829016,26123; 27438; 7728,3
703,6463,7496,420.43,424.125008019,3.6950080189999994,6463; 7496,2
704,27438,7728,420.43,422.1750003715094,1.7450003715093771,27438; 7728,2
705,7496,7728,420.43,422.10000091941646,1.6700009194164522,7496; 7728,2
706,6463,7496,420.44,424.1250081986905,3.685008198690525,6463; 7496,2
707,26123,27438,420.44,424.50000456651065,4.060004566510656,26123; 27438,2
708,27438,7496,420.44,424.27500040148266,3.8350004014826595,27438; 7728; 7496,3
709,7728,27438,420.44,422.1750000021405,1.7350000021405094,7728; 27438,2
710,7496,6463,420.44,424.1250000477431,3.685000047743074,7496; 6463,2
711,6463,7496,420.44,424.12500838138413,3.6850083813841366,6463; 7496,2
712,7496,7728,420.44,422.10000094943575,1.660000949435755,7496; 7728,2
713,26123,7496,420.44,428.77500468707217,8.335004687072171,26123; 27438; 7728; 7496,4
714,27438,26123,420.44,424.500000005894,4.060000005893983,27438; 26123,2
715,27438,7728,420.44,422.17500040277775,1.7350004027777572,27438; 7728,2
716,26123,27438,420.44,424.5000048100052,4.060004810005182,26123; 27438,2
717,7728,7496,420.44,422.100000012101,1.6600000121010225,7728; 7496,2
718,6463,7496,420.44,424.1250085671141,3.685008567114096,6463; 7496,2
719,7496,27438,420.44,424.2750009967006,3.8350009967006145,7496; 7728; 27438,3
720,6463,27438,420.44,428.40000879954164,7.96000879954164,6463; 7496; 7728; 27438,4
721,6463,7728,420.44,426.22500898886835,5.785008988868356,6463; 7496; 7728,3
722,26123,6463,420.45,432.90000493534086,12.450004935340871,26123; 27438; 7728; 7496; 6463,5
723,7728,26123,420.45,426.67500001361185,6.2250000136118615,7728; 27438; 26123,3
724,7496,7728,420.45,422.1000010116736,1.6500010116736235,7496; 7728,2
725,6463,7496,420.45,424.1250091428579,3.6750091428579026,6463; 7496,2
726,26123,7728,420.45,426.67500506311,6.225005063110018,26123; 27438; 7728,3
727,7496,6463,420.45,424.1250000516786,3.675000051678637,7496; 6463,2
728,7496,26123,420.45,428.77500110618666,8.325001106186676,7496; 7728; 27438; 26123,4
729,26123,27438,420.45,424.5000051933441,4.050005193344134,26123; 27438,2
730,27438,7496,420.45,424.27500043507905,3.825000435079062,27438; 7728; 7496,3
731,27438,7728,420.45,422.1750004359796,1.7250004359796094,27438; 7728,2
732,6463,7496,420.45,424.1250093410698,3.675009341069824,6463; 7496,2
733,7496,7728,420.45,422.1000010769223,1.6500010769223081,7496; 7728,2
734,26123,7496,420.45,428.77500532607473,8.325005326074745,26123; 27438; 7728; 7496,4
735,6463,7496,420.45,424.1250095424873,3.6750095424873166,6463; 7496,2
736,7728,7496,420.45,422.10000001329536,1.6500000132953687,7728; 7496,2
737,26123,27438,420.45,424.50000546133333,4.050005461333342,26123; 27438,2
738,7728,27438,420.46,422.1750000028488,1.7150000028487966,7728; 27438,2
739,7496,7728,420.46,422.10000111070553,1.6400011107055548,7496; 7728,2
740,7496,6463,420.46,424.12500005585264,3.6650000558526585,7496; 6463,2
741,27438,26123,420.46,424.50000000675,4.040000006750006,27438; 26123,2
742,7496,27438,420.46,424.2750011649317,3.8150011649317435,7496; 7728; 27438,3
743,6463,7496,420.46,424.12500974714465,3.6650097471446657,6463; 7496,2
744,27438,7728,420.46,422.1750004533299,1.7150004533299352,27438; 7728,2
745,26123,27438,420.46,424.500005599152,4.040005599152039,26123; 27438,2
746,6463,7496,420.46,424.1250099550764,3.665009955076414,6463; 7496,2
747,7496,7728,420.46,422.1000011806502,1.6400011806502448,7496; 7728,2
748,27438,7496,420.46,424.2750004886054,3.815000488605392,27438; 7728; 7496,3
749,6463,26123,420.46,432.90001022149227,12.440010221492287,6463; 7496; 7728; 27438; 26123,5
750,26123,7728,420.46,426.67500573956283,6.215005739562855,26123; 27438; 7728,3
751,6463,7728,420.46,426.2250104280254,5.765010428025448,6463; 7496; 7728,3
752,26123,7496,420.46,428.77500588259807,8.315005882598086,26123; 27438; 7728; 7496,4
753,6463,7496,420.46,424.12501059886665,3.6650105988666724,6463; 7496,2
754,6463,27438,420.47,428.4000108774106,7.930010877410552,6463; 7496; 7728; 27438,4
755,7496,6463,420.47,424.1250000602745,3.6550000602744603,7496; 6463,2
756,7728,7496,420.47,422.1000000145759,1.6300000145758986,7728; 7496,2
757,27438,7728,420.47,422.1750004895789,1.7050004895788788,27438; 7728,2
758,26123,27438,420.47,424.50000602829016,4.030006028290131,26123; 27438,2
759,7496,7728,420.47,422.1000012168361,1.6300012168360922,7496; 7728,2
760,6463,7496,420.47,424.12501104507425,3.655011045074218,6463; 7496,2
761,7496,27438,420.47,424.27500127522865,3.8050012752286193,7496; 7728; 27438,3
762,6463,7496,420.47,424.1250112733886,3.6550112733885953,6463; 7496,2
763,27438,26123,420.47,424.50000000769603,4.030000007696003,27438; 26123,2
764,26123,27438,420.47,424.5000061766719,4.030006176671861,26123; 27438,2
765,26123,6463,420.47,432.90000632777617,12.430006327776141,26123; 27438; 7728; 7496; 6463,5
766,7496,7728,420.47,422.10000129169686,1.6300012916968285,7496; 7728,2
767,7496,6463,420.47,424.1250000649539,3.6550000649538674,7496; 6463,2
768,27438,7728,420.47,422.17500050849765,1.7050005084976192,27438; 7728,2
769,27438,7496,420.47,424.27500054693604,3.8050005469360144,27438; 7728; 7496,3
770,7728,27438,420.47,422.1750000032625,1.7050000032624553,7728; 27438,2
771,6463,7496,420.47,424.1250115052245,3.655011505224479,6463; 7496,2
772,27438,6463,420.48,428.40000056883673,7.920000568836713,27438; 7728; 7496; 6463,4
773,26123,7496,420.48,428.77500648163607,8.295006481636051,26123; 27438; 7728; 7496,4
774,7728,7496,420.48,422.1000000159469,1.6200000159468573,7728; 7496,2
775,26123,27438,420.48,424.5000066382848,4.0200066382847695,26123; 27438,2
776,6463,7496,420.48,424.1250117406179,3.6450117406178606,6463; 7496,2
777,7496,7728,420.48,422.1000013303967,1.6200013303966898,7496; 7728,2
778,26123,7728,420.48,426.675006797756,6.19500679775598,26123; 27438; 7728,3
779,7496,26123,420.48,428.77500144526243,8.295001445262415,7496; 7728; 27438; 26123,4
780,6463,7496,420.48,424.125011979605,3.6450119796049876,6463; 7496,2
781,27438,7728,420.48,422.1750005685537,1.6950005685536667,27438; 7728,2
782,7496,6463,420.48,424.1250000699006,3.6450000699005614,7496; 6463,2
783,6463,7728,420.48,426.22501227606716,5.745012276067143,6463; 7496; 7728,3
784,7496,7728,420.48,422.10000141039865,1.620001410398629,7496; 7728,2
785,26123,27438,420.48,424.50000696008334,4.020006960083322,26123; 27438,2
786,7496,27438,420.48,424.2750014768999,3.79500147689987,7496; 7728; 27438,3
787,6463,7496,420.49,424.1250124685061,3.6350124685060905,6463; 7496,2
788,6463,27438,420.49,428.4000127835057,7.910012783505692,6463; 7496; 7728; 27438,4
789,27438,26123,420.49,424.50000000873814,4.010000008738132,27438; 26123,2
790,27438,7496,420.49,424.2750006121256,3.7850006121256,27438; 7728; 7496,3
791,26123,7496,420.49,428.7750071253007,8.285007125300694,26123; 27438; 7728; 7496,4
792,7728,7496,420.49,422.10000001741236,1.6100000174123466,7728; 7496,2
793,6463,7496,420.49,424.12501297222116,3.6350129722211477,6463; 7496,2
794,7496,7728,420.49,422.1000014939556,1.610001493955565,7496; 7728,2
795,27438,7728,420.49,422.175000611445,1.6850006114449911,27438; 7728,2
796,26123,27438,420.49,424.50000729344214,4.010007293442129,26123; 27438,2
797,7496,6463,420.49,424.1250000751246,3.6350000751245943,7496; 6463,2
798,6463,7496,420.49,424.1250132297264,3.6350132297263826,6463; 7496,2
799,7728,27438,420.49,422.17500000371973,1.685000003719722,7728; 27438,2
800,6463,26123,420.49,432.9000135674564,12.410013567456417,6463; 7496; 7728; 27438; 26123,5
801,26123,7728,420.49,426.67500746454203,6.185007464542025,26123; 27438; 7728,3
802,7496,7728,420.49,422.1000015370995,1.6100015370994925,7496; 7728,2
803,6463,7496,420.5,424.1250137562188,3.6250137562187774,6463; 7496,2
804,26123,27438,420.5,424.5000076386348,4.000007638634827,26123; 27438,2
805,7496,27438,420.5,424.27500160842,3.7750016084199842,7496; 7728; 27438,3
806,27438,7728,420.5,422.1750006337786,1.675000633778609,27438; 7728,2
807,27438,7496,420.5,424.27500068102404,3.7750006810240393,27438; 7728; 7496,3
808,6463,7496,420.5,424.12501402528113,3.625014025281132,6463; 7496,2
809,26123,7496,420.5,428.77500781575526,8.27500781575526,26123; 27438; 7728; 7496,4
810,7728,7496,420.5,422.1000000189765,1.600000018976516,7728; 7496,2
811,7496,6463,420.5,424.12500008063614,3.6250000806361413,7496; 6463,2
812,7496,7728,420.5,422.100001626184,1.600001626183996,7496; 7728,2
813,26123,6463,420.5,432.90000799593815,12.400007995938154,26123; 27438; 7728; 7496; 6463,5
814,27438,26123,420.5,424.5000000098827,4.000000009882683,27438; 26123,2
815,7728,6463,420.5,426.2250001335186,5.72500013351862,7728; 7496; 6463,3
816,26123,27438,420.5,424.5000081792187,4.000008179218696,26123; 27438,2
817,6463,7728,420.5,426.22501436351604,5.725014363516038,6463; 7496; 7728,3
818,6463,7496,420.5,424.12501457522734,3.6250145752273397,6463; 7496,2
819,7496,7728,420.51,423.10000167215105,2.590001672151061,7496; 7728,2
820,27438,7728,420.51,423.1750006802756,2.665000680275625,27438; 7728,2
821,6463,7496,420.51,425.1250148561875,4.615014856187486,6463; 7496,2
822,6463,27438,420.51,429.40001521992724,8.89001521992725,6463; 7496; 7728; 27438,4
823,26123,27438,420.51,425.50000836563214,4.99000836563215,26123; 27438,2
824,7496,6463,420.51,425.1250000864455,4.615000086445491,7496; 6463,2
825,6463,7496,420.51,425.12501543027395,4.6150154302739566,6463; 7496,2
826,26123,7728,420.51,427.6750088565127,7.1650088565127135,26123; 27438; 7728,3
827,26123,7496,420.51,429.7750091031437,9.265009103143711,26123; 27438; 7728; 7496,4
828,27438,7496,420.51,425.27500073076993,4.765000730769941,27438; 7728; 7496,3
829,7496,7728,420.51,423.10000171908575,2.5900017190857625,7496; 7728,2
830,7728,7496,420.51,423.10000002241867,2.5900000224186783,7728; 7496,2
831,7728,27438,420.51,423.1750000042234,2.6650000042234296,7728; 27438,2
832,7496,27438,420.51,425.27500179645125,4.7650017964512585,7496; 7728; 27438,3
833,7496,26123,420.51,429.77500184902675,9.26500184902676,7496; 7728; 27438; 26123,4
834,6463,7496,420.51,425.12501572347765,4.615015723477654,6463; 7496,2
835,26123,27438,420.51,425.50000894402604,4.9900089440260444,26123; 27438,2
836,27438,7728,420.51,423.1750007292853,2.665000729285282,27438; 7728,2
837,27438,26123,420.52,425.50000001113614,4.9800000111361555,27438; 26123,2
838,6463,7496,420.52,425.1250160208401,4.605016020840139,6463; 7496,2
839,7496,7728,420.52,423.1000018658314,2.5800018658314343,7496; 7728,2
840,7496,6463,420.52,425.1250000925632,4.605000092563216,7496; 6463,2
841,26123,27438,420.52,425.50000914332816,4.980009143328175,26123; 27438,2
842,6463,7496,420.52,425.1250163224006,4.6050163224006155,6463; 7496,2
843,27438,7728,420.52,423.1750007547601,2.655000754760124,27438; 7728,2
844,6463,7728,420.52,427.22501670198903,6.705016701989052,6463; 7496; 7728,3
845,7496,7728,420.52,423.10000191677267,2.5800019167726873,7496; 7728,2
846,26123,7496,420.52,429.77500970108633,9.255009701086351,26123; 27438; 7728; 7496,4
847,7728,7496,420.52,423.10000002430553,2.580000024305548,7728; 7496,2
848,27438,7496,420.52,425.27500080933066,4.7550008093306815,27438; 7728; 7496,3
849,27438,6463,420.52,429.40000083877794,8.88000083877796,27438; 7728; 7496; 6463,4
850,6463,7496,420.52,425.125016938273,4.605016938273025,6463; 7496,2
851,7496,27438,420.52,425.2750020029984,4.755002002998424,7496; 7728; 27438,3
852,6463,26123,420.52,433.90001734203673,13.380017342036751,6463; 7496; 7728; 27438; 26123,5
853,26123,7728,420.53,427.67500985320487,7.145009853204897,26123; 27438; 7728,3
854,26123,27438,420.53,425.5000097612552,4.970009761255255,26123; 27438,2
855,7496,6463,420.53,425.125000099,4.5950000990000035,7496; 6463,2
856,6463,7496,420.53,425.1250175714116,4.595017571411631,6463; 7496,2
857,7496,7728,420.53,423.10000202177736,2.570002021777384,7496; 7728,2
858,26123,6463,420.53,433.90001032997236,13.370010329972388,26123; 27438; 7728; 7496; 6463,5
859,6463,27438,420.53,429.4000179890869,8.870017989086932,6463; 7496; 7728; 27438,4
860,7728,27438,420.53,423.1750000047766,2.645000004776648,7728; 27438,2
861,27438,7728,420.53,423.1750008352,2.645000835200051,27438; 7728,2
862,6463,7496,420.53,425.1250182221362,4.595018222136218,6463; 7496,2
863,27438,26123,420.53,425.5000000125052,4.970000012505238,27438; 26123,2
864,26123,27438,420.53,425.500010190258,4.970010190258051,26123; 27438,2
865,7496,7728,420.53,423.1000020758687,2.5700020758687288,7496; 7728,2
866,6463,7496,420.53,425.1250185541939,4.595018554193928,6463; 7496,2
867,7728,7496,420.53,423.1000000263091,2.570000026309117,7728; 7496,2
868,26123,7496,420.53,429.7750107651298,9.245010765129848,26123; 27438; 7728; 7496,4
869,7728,26123,420.53,427.67500002893047,7.145000028930497,7728; 27438; 26123,3
870,7496,6463,420.53,425.12500010576684,4.5950001057668715,7496; 6463,2
871,27438,7496,420.54,425.27500089645736,4.735000896457336,27438; 7728; 7496,3
872,6463,7496,420.54,425.12501889076935,4.585018890769334,6463; 7496,2
873,26123,27438,420.54,425.5000106332487,4.9600106332486575,26123; 27438,2
874,27438,7728,420.54,423.1750008922875,2.6350008922875077,27438; 7728,2
875,7496,27438,420.54,425.27500216789497,4.735002167894947,7496; 7728; 27438,3
876,7496,7728,420.54,423.10000218730033,2.560002187300313,7496; 7728,2
877,26123,7728,420.54,427.67501116138203,7.13501116138201,26123; 27438; 7728,3
878,6463,7496,420.54,425.1250192319033,4.5850192319032885,6463; 7496,2
879,6463,7728,420.54,427.2250196657866,6.6850196657865695,6463; 7496; 7728,3
880,7496,6463,420.54,425.1250001128748,4.585000112874752,7496; 6463,2
881,26123,27438,420.54,425.500011090528,4.960011090527985,26123; 27438,2
882,7496,7728,420.54,423.1000022446691,2.5600022446690787,7496; 7728,2
883,6463,7496,420.54,425.1250199280108,4.585019928010752,6463; 7496,2
884,7496,26123,420.54,429.77500234553503,9.235002345535008,7496; 7728; 27438; 26123,4
885,7728,7496,420.55,423.10000002843407,2.550000028434056,7728; 7496,2
886,27438,7728,420.55,423.17500092190454,2.6250009219045296,27438; 7728,2
887,27438,26123,420.55,425.5000000139968,4.950000013996771,27438; 26123,2
888,26123,7496,420.55,429.7750116797645,9.225011679764464,26123; 27438; 7728; 7496,4
889,27438,7496,420.55,425.27500098783855,4.725000987838541,27438; 7728; 7496,3
890,6463,7496,420.55,425.1250202830668,4.575020283066806,6463; 7496,2
891,7728,27438,420.55,423.1750000060442,2.6250000060441607,7728; 27438,2
892,26123,27438,420.55,425.5000115624,4.950011562399993,26123; 27438,2
893,7496,7728,420.55,423.10000236278466,2.550002362784653,7496; 7728,2
894,6463,27438,420.55,429.40002074875184,8.850020748751831,6463; 7496; 7728; 27438,4
895,6463,7496,420.55,425.1250210073912,4.575021007391172,6463; 7496,2
896,7496,27438,420.55,425.2750024660778,4.725002466077797,7496; 7728; 27438,3
897,7496,6463,420.55,425.12500012033513,4.575000120335119,7496; 6463,2
898,27438,7728,420.55,423.1750009833442,2.6250009833441936,27438; 7728,2
899,6463,7496,420.55,425.12502137674306,4.575021376743052,6463; 7496,2
900,7496,7728,420.55,423.10000248550153,2.5500024855015226,7496; 7728,2
901,26123,27438,420.56,425.50001180390416,4.940011803904156,26123; 27438,2
902,6463,26123,420.56,433.9000218646235,13.340021864623509,6463; 7496; 7728; 27438; 26123,5
903,26123,7728,420.56,427.6750123504706,7.115012350470579,26123; 27438; 7728,3
904,26123,6463,420.56,433.9000126541877,13.340012654187717,26123; 27438; 7728; 7496; 6463,5
905,7728,7496,420.56,423.1000000306852,2.540000030685178,7728; 7496,2
906,26123,7496,420.56,429.77501290629766,9.215012906297659,26123; 27438; 7728; 7496,4
907,6463,7496,420.56,425.1250221300366,4.565022130036596,6463; 7496,2
908,27438,7496,420.56,425.2750010534361,4.715001053436083,27438; 7728; 7496,3
909,7496,7728,420.56,423.10000254862223,2.540002548622226,7496; 7728,2
910,27438,26123,420.56,425.500000015618,4.940000015618011,27438; 26123,2
911,7496,6463,420.56,425.1250001281593,4.565000128159284,7496; 6463,2
912,6463,7728,420.56,427.22502261857244,6.665022618572436,6463; 7496; 7728,3
913,26123,27438,420.56,425.5000128079468,4.9400128079468,26123; 27438,2
914,27438,7728,420.56,423.1750010478048,2.6150010478048102,27438; 7728,2
915,6463,7496,420.56,425.1250229030659,4.565022903065881,6463; 7496,2
916,6463,7496,420.57,425.1250232970881,4.555023297088098,6463; 7496,2
917,7496,27438,420.57,425.2750026585179,4.7050026585179126,7496; 7728; 27438,3
918,7496,7728,420.57,423.10000267846266,2.5300026784626652,7496; 7728,2
919,7728,27438,420.57,423.1750000067651,2.605000006765124,7728; 27438,2
920,26123,27438,420.57,425.50001306866,4.930013068660003,26123; 27438,2
921,7728,7496,420.57,423.10000003306743,2.530000033067438,7728; 7496,2
922,6463,7496,420.57,425.1250236961726,4.555023696172611,6463; 7496,2
923,26123,7496,420.57,429.77501368847703,9.205013688477038,26123; 27438; 7728; 7496,4
924,7496,6463,420.57,425.12500013635895,4.555000136358956,7496; 6463,2
925,27438,7728,420.57,423.1750010811984,2.6050010811983952,27438; 7728,2
926,7496,7728,420.57,423.1000027452124,2.530002745212414,7496; 7728,2
927,27438,6463,420.57,429.40000115693556,8.830001156935566,27438; 7728; 7496; 6463,4
928,6463,27438,420.57,429.4000242258967,8.830024225896693,6463; 7496; 7728; 27438,4
929,26123,7728,420.57,427.6750139033054,7.105013903305405,26123; 27438; 7728,3
930,27438,7496,420.57,425.2750011943822,4.705001194382191,27438; 7728; 7496,3
931,6463,7496,420.57,425.12502450970146,4.555024509701468,6463; 7496,2
932,26123,27438,420.57,425.50001387472014,4.930013874720146,26123; 27438,2
933,27438,26123,420.58,425.5000000173761,4.92000001737614,27438; 26123,2
934,6463,7496,420.58,425.12502492423266,4.545024924232678,6463; 7496,2
935,7496,7728,420.58,423.1000028132021,2.5200028132020975,7496; 7728,2
936,7496,26123,420.58,429.7750029363751,9.19500293637509,7496; 7728; 27438; 26123,4
937,27438,7728,420.58,423.1750011861802,2.595001186180241,27438; 7728,2
938,7496,6463,420.58,425.1250001449459,4.545000144945902,7496; 6463,2
939,7496,27438,420.58,425.2750030051622,4.695003005162221,7496; 7728; 27438,3
940,26123,27438,420.58,425.500014151514,4.92001415151401,26123; 27438,2
941,6463,7496,420.58,425.125025344,4.54502534400001,6463; 7496,2
942,7728,7496,420.58,423.10000003558577,2.520000035585781,7728; 7496,2
943,6463,7728,420.58,427.2250258856618,6.645025885661823,6463; 7496; 7728,3
944,26123,7496,420.58,429.7750147875725,9.195014787572518,26123; 27438; 7728; 7496,4
945,7496,7728,420.58,423.10000302476345,2.5200030247634686,7496; 7728,2
946,6463,7496,420.58,425.1250261994188,4.545026199418828,6463; 7496,2
947,27438,7496,420.58,425.27500126993937,4.695001269939382,27438; 7728; 7496,3
948,26123,6463,420.58,433.9000150734508,13.320015073450804,26123; 27438; 7728; 7496; 6463,5
949,7728,27438,420.58,423.1750000075487,2.5950000075487196,7728; 27438,2
950,26123,27438,420.58,425.5000150067841,4.920015006784126,26123; 27438,2
951,27438,7728,420.58,423.17500126029455,2.5950012602945662,27438; 7728,2
952,6463,7496,420.59,425.12502663515863,4.535026635158658,6463; 7496,2
953,7496,6463,420.59,425.12500015393215,4.535000153932174,7496; 6463,2
954,6463,26123,420.59,433.9000272174952,13.310027217495247,6463; 7496; 7728; 27438; 26123,5
955,26123,7728,420.59,427.6750156016054,7.085015601605448,26123; 27438; 7728,3
956,7496,7728,420.59,423.10000309786625,2.5100030978662744,7496; 7728,2
957,6463,7496,420.59,425.1250275229214,4.535027522921439,6463; 7496,2
958,27438,26123,420.59,425.5000000192787,4.910000019278698,27438; 26123,2
959,26123,27438,420.59,425.50001559811415,4.910015598114171,26123; 27438,2
960,7728,7496,420.59,423.10000003824524,2.5100000382452663,7728; 7496,2
961,7496,27438,420.59,425.2750032280541,4.685003228054143,7496; 7728; 27438,3
962,26123,7496,420.59,429.7750162553917,9.185016255391702,26123; 27438; 7728; 7496,4
963,6463,27438,420.59,429.4000281228099,8.81002812280991,6463; 7496; 7728; 27438,4
964,7496,7728,420.59,423.1000032480389,2.510003248038913,7496; 7728,2
965,6463,7496,420.59,425.1250284326937,4.535028432693707,6463; 7496,2
966,27438,7728,420.59,423.1750012986278,2.5850012986278443,27438; 7728,2
967,7496,6463,420.59,425.12500016332996,4.535000163329983,7496; 6463,2
968,6463,7496,420.6,425.12502889594595,4.525028895945923,6463; 7496,2
969,27438,7496,420.6,425.27500138822893,4.675001388228907,27438; 7728; 7496,3
970,26123,27438,420.6,425.50001620675,4.900016206749967,26123; 27438,2
971,7496,7728,420.6,423.10000332514034,2.5000033251403124,7496; 7728,2
972,6463,7728,420.6,427.2250295015424,6.625029501542372,6463; 7496; 7728,3
973,6463,7496,420.6,425.1250298394097,4.525029839409683,6463; 7496,2
974,27438,7728,420.6,423.1750013779109,2.575001377910894,27438; 7728,2
975,7728,6463,420.6,427.22500027011523,6.625000270115208,7728; 7496; 6463,3
976,7728,7496,420.6,423.1000000440086,2.500000044008573,7728; 7496,2
977,26123,27438,420.6,425.500016517662,4.900016517661982,26123; 27438,2
978,26123,7728,420.6,427.67501713432483,7.07501713432481,26123; 27438; 7728,3
979,7728,27438,420.6,423.17500000839846,2.5750000083984332,7728; 27438,2
980,6463,7496,420.6,425.1250303197125,4.525030319712471,6463; 7496,2
981,7496,6463,420.6,425.1250001731516,4.525000173151568,7496; 6463,2
982,7496,7728,420.6,423.1000034036063,2.5000034036062857,7496; 7728,2
983,26123,7496,420.6,429.7750175080283,9.175017508028304,26123; 27438; 7728; 7496,4
984,27438,26123,420.6,425.50000002133334,4.900000021333312,27438; 26123,2
985,7496,27438,420.61,425.27500354296876,4.665003542968748,7496; 7728; 27438,3
986,6463,7496,420.61,425.1250308057904,4.5150308057903885,6463; 7496,2
987,26123,27438,420.61,425.50001747728015,4.890017477280139,26123; 27438,2
988,27438,7496,420.61,425.27500147273184,4.665001472731831,27438; 7728; 7496,3
989,27438,7728,420.61,423.17500146077003,2.56500146077002,27438; 7728,2
990,7496,7728,420.61,423.10000356469624,2.4900035646962237,7496; 7728,2
991,7496,26123,420.61,429.7750037184979,9.165003718497871,7496; 7728; 27438; 26123,4
992,6463,7496,420.61,425.12503129768953,4.515031297689518,6463; 7496,2
993,26123,6463,420.61,433.90001816220075,13.290018162200738,26123; 27438; 7728; 7496; 6463,5
994,7496,6463,420.61,425.1250001834097,4.515000183409711,7496; 6463,2
995,6463,27438,420.61,429.4000319590578,8.790031959057785,6463; 7496; 7728; 27438,4
996,7728,7496,420.61,423.10000004712305,2.490000047123033,7728; 7496,2
997,6463,7496,420.61,425.1250322991367,4.515032299136692,6463; 7496,2
998,26123,27438,420.61,425.5000181398528,4.890018139852771,26123; 27438,2
999,7496,7728,420.61,423.1000037314378,2.4900037314378096,7496; 7728,2
