link_id,from_node_id,to_node_id,time_period,speed,density,volume,volume_per_lane,travel time
1,1,2,0000_0005,68.4,5.333333333,121.6,30.4,0.016447368
1,1,2,0005_0010,69.2,4.543352601,104.8,26.2,0.016257225
1,1,2,0010_0015,68.2,5.841642229,132.8,33.2,0.016495601
1,1,2,0015_0020,68,4.835294118,109.6,27.4,0.016544118
1,1,2,0020_0025,69.8,4.435530086,103.2,25.8,0.016117479
1,1,2,0025_0030,68.2,4.715542522,107.2,26.8,0.016495601
1,1,2,0030_0035,68,4.447058824,100.8,25.2,0.016544118
1,1,2,0035_0040,67.4,3.667655786,82.4,20.6,0.016691395
1,1,2,0040_0045,69.4,5.463976945,126.4,31.6,0.016210375
1,1,2,0045_0050,68.8,4.674418605,107.2,26.8,0.016351744
1,1,2,0050_0055,67.2,3.607142857,80.8,20.2,0.016741071
1,1,2,0055_0100,68.6,3.533527697,80.8,20.2,0.016399417
1,1,2,0100_0105,69.2,3.74566474,86.4,21.6,0.016257225
1,1,2,0105_0110,68,3.670588235,83.2,20.8,0.016544118
1,1,2,0110_0115,68.6,3.56851312,81.6,20.4,0.016399417
1,1,2,0115_0120,66.2,3.262839879,72,18,0.016993958
1,1,2,0120_0125,65.2,4.306748466,93.6,23.4,0.017254601
1,1,2,0125_0130,68.8,2.476744186,56.8,14.2,0.016351744
1,1,2,0130_0135,68.6,3.078717201,70.4,17.6,0.016399417
1,1,2,0135_0140,68.6,3.043731778,69.6,17.4,0.016399417
1,1,2,0140_0145,66.8,2.982035928,66.4,16.6,0.016841317
1,1,2,0145_0150,68.2,3.237536657,73.6,18.4,0.016495601
1,1,2,0150_0155,67.8,2.513274336,56.8,14.2,0.01659292
1,1,2,0155_0200,68.4,2.666666667,60.8,15.2,0.016447368
1,1,2,0200_0205,70.2,2.905982906,68,17,0.016025641
1,1,2,0205_0210,68.8,3,68.8,17.2,0.016351744
1,1,2,0210_0215,68.6,2.973760933,68,17,0.016399417
1,1,2,0215_0220,67.8,2.371681416,53.6,13.4,0.01659292
1,1,2,0220_0225,67.8,2.442477876,55.2,13.8,0.01659292
1,1,2,0225_0230,69.8,2.200573066,51.2,12.8,0.016117479
1,1,2,0230_0235,68.6,2.798833819,64,16,0.016399417
1,1,2,0235_0240,67.8,3.433628319,77.6,19.4,0.01659292
1,1,2,0240_0245,69.8,3.335243553,77.6,19.4,0.016117479
1,1,2,0245_0250,69.2,2.670520231,61.6,15.4,0.016257225
1,1,2,0250_0255,70.4,2.215909091,52,13,0.015980114
1,1,2,0255_0300,67.2,1.892857143,42.4,10.6,0.016741071
1,1,2,0300_0305,68,2.788235294,63.2,15.8,0.016544118
1,1,2,0305_0310,69.8,2.269340974,52.8,13.2,0.016117479
1,1,2,0310_0315,68.8,2.755813953,63.2,15.8,0.016351744
1,1,2,0315_0320,67.4,2.136498516,48,12,0.016691395
1,1,2,0320_0325,67.8,2.336283186,52.8,13.2,0.01659292
1,1,2,0325_0330,71.8,2.573816156,61.6,15.4,0.015668524
1,1,2,0330_0335,69.8,2.819484241,65.6,16.4,0.016117479
1,1,2,0335_0340,68.6,3.078717201,70.4,17.6,0.016399417
1,1,2,0340_0345,70.2,3.213675214,75.2,18.8,0.016025641
1,1,2,0345_0350,71.6,3.05027933,72.8,18.2,0.015712291
1,1,2,0350_0355,69.4,3.008645533,69.6,17.4,0.016210375
1,1,2,0355_0400,70,2.742857143,64,16,0.016071429
1,1,2,0400_0405,68,3.035294118,68.8,17.2,0.016544118
1,1,2,0405_0410,68.6,3.183673469,72.8,18.2,0.016399417
1,1,2,0410_0415,69.2,3.572254335,82.4,20.6,0.016257225
1,1,2,0415_0420,71,3.684507042,87.2,21.8,0.01584507
1,1,2,0420_0425,69.4,4.530259366,104.8,26.2,0.016210375
1,1,2,0425_0430,69.2,4.924855491,113.6,28.4,0.016257225
1,1,2,0430_0435,70.4,5.693181818,133.6,33.4,0.015980114
1,1,2,0435_0440,70.4,6.272727273,147.2,36.8,0.015980114
1,1,2,0440_0445,69,7.095652174,163.2,40.8,0.016304348
1,1,2,0445_0450,70.8,7.084745763,167.2,41.8,0.015889831
1,1,2,0450_0455,70.6,6.458923513,152,38,0.015934844
1,1,2,0455_0500,70.8,6.406779661,151.2,37.8,0.015889831
1,1,2,0500_0505,71,5.645070423,133.6,33.4,0.01584507
1,1,2,0505_0510,71.2,7.348314607,174.4,43.6,0.015800562
1,1,2,0510_0515,69.8,7.908309456,184,46,0.016117479
1,1,2,0515_0520,68.4,8,182.4,45.6,0.016447368
1,1,2,0520_0525,70,9.36,218.4,54.6,0.016071429
1,1,2,0525_0530,70.4,11.04545455,259.2,64.8,0.015980114
1,1,2,0530_0535,69.4,11.06628242,256,64,0.016210375
1,1,2,0535_0540,68.6,11.02040816,252,63,0.016399417
1,1,2,0540_0545,68.8,17.12790698,392.8,98.2,0.016351744
1,1,2,0545_0550,69.4,16.18443804,374.4,93.6,0.016210375
1,1,2,0550_0555,69,10.88695652,250.4,62.6,0.016304348
1,1,2,0555_0600,67.8,17.94690265,405.6,101.4,0.01659292
1,1,2,0600_0605,67,15.68955224,350.4,87.6,0.016791045
1,1,2,0605_0610,66.6,18.30630631,406.4,101.6,0.016891892
1,1,2,0610_0615,65,19.34769231,419.2,104.8,0.017307692
1,1,2,0615_0620,66.6,20.75675676,460.8,115.2,0.016891892
1,1,2,0620_0625,63.4,23.96214511,506.4,126.6,0.017744479
1,1,2,0625_0630,62.6,25.34185304,528.8,132.2,0.017971246
1,1,2,0630_0635,62,26.12903226,540,135,0.018145161
1,1,2,0635_0640,59.2,28.45945946,561.6,140.4,0.019003378
1,1,2,0640_0645,60,27.88,557.6,139.4,0.01875
1,1,2,0645_0650,60.2,25.83388704,518.4,129.6,0.018687708
1,1,2,0650_0655,57.2,27.35664336,521.6,130.4,0.019667832
1,1,2,0655_0700,56.6,27.68904594,522.4,130.6,0.019876325
1,1,2,0700_0705,57.6,24.29166667,466.4,116.6,0.01953125
1,1,2,0705_0710,57.4,25.71428571,492,123,0.019599303
1,1,2,0710_0715,58,25.77931034,498.4,124.6,0.019396552
1,1,2,0715_0720,59.6,26.13422819,519.2,129.8,0.018875839
1,1,2,0720_0725,58.8,26.97959184,528.8,132.2,0.019132653
1,1,2,0725_0730,54.8,28.16058394,514.4,128.6,0.020529197
1,1,2,0730_0735,56.8,29.07042254,550.4,137.6,0.019806338
1,1,2,0735_0740,56.8,29.15492958,552,138,0.019806338
1,1,2,0740_0745,54.2,32.50184502,587.2,146.8,0.020756458
1,1,2,0745_0750,56.4,30.29787234,569.6,142.4,0.019946809
1,1,2,0750_0755,57.8,30.26989619,583.2,145.8,0.019463668
1,1,2,0755_0800,55.6,30.43165468,564,141,0.020233813
1,1,2,0800_0805,57.2,28.32167832,540,135,0.019667832
1,1,2,0805_0810,56.6,27.90106007,526.4,131.6,0.019876325
1,1,2,0810_0815,57,27.41052632,520.8,130.2,0.019736842
1,1,2,0815_0820,55.6,30.47482014,564.8,141.2,0.020233813
1,1,2,0820_0825,59,27.90508475,548.8,137.2,0.019067797
1,1,2,0825_0830,61,25.33770492,515.2,128.8,0.018442623
1,1,2,0830_0835,60.4,26.10596026,525.6,131.4,0.018625828
1,1,2,0835_0840,60.2,27.22923588,546.4,136.6,0.018687708
1,1,2,0840_0845,56.8,31.09859155,588.8,147.2,0.019806338
1,1,2,0845_0850,58.4,28.2739726,550.4,137.6,0.019263699
1,1,2,0850_0855,57,30.10526316,572,143,0.019736842
1,1,2,0855_0900,62,25.74193548,532,133,0.018145161
1,1,2,0900_0905,61.8,24.89320388,512.8,128.2,0.018203883
1,1,2,0905_0910,61.4,25.60260586,524,131,0.018322476
1,1,2,0910_0915,62.8,23.61783439,494.4,123.6,0.017914013
1,1,2,0915_0920,61,24.27540984,493.6,123.4,0.018442623
1,1,2,0920_0925,64.4,22.43478261,481.6,120.4,0.017468944
1,1,2,0925_0930,65.8,20.49848024,449.6,112.4,0.017097264
1,1,2,0930_0935,63.8,22.8338558,485.6,121.4,0.017633229
1,1,2,0935_0940,64,21.7125,463.2,115.8,0.017578125
1,1,2,0940_0945,63.8,23.51097179,500,125,0.017633229
1,1,2,0945_0950,62.4,23.84615385,496,124,0.018028846
1,1,2,0950_0955,65,22.67076923,491.2,122.8,0.017307692
1,1,2,0955_1000,66.6,18.91891892,420,105,0.016891892
1,1,2,1000_1005,67.2,18.21428571,408,102,0.016741071
1,1,2,1005_1010,66.4,18.72289157,414.4,103.6,0.016942771
1,1,2,1010_1015,64.8,21.66666667,468,117,0.017361111
1,1,2,1015_1020,66.2,18.67069486,412,103,0.016993958
1,1,2,1020_1025,66.4,18.97590361,420,105,0.016942771
1,1,2,1025_1030,65,19.08923077,413.6,103.4,0.017307692
1,1,2,1030_1035,66.2,19.64954683,433.6,108.4,0.016993958
1,1,2,1035_1040,65,21.19384615,459.2,114.8,0.017307692
1,1,2,1040_1045,65.4,18.86238532,411.2,102.8,0.017201835
1,1,2,1045_1050,64,20.4,435.2,108.8,0.017578125
1,1,2,1050_1055,56.8,25.69014085,486.4,121.6,0.019806338
1,1,2,1055_1100,59.2,23.51351351,464,116,0.019003378
1,1,2,1100_1105,61.2,21.33333333,435.2,108.8,0.018382353
1,1,2,1105_1110,63.6,21.43396226,454.4,113.6,0.017688679
1,1,2,1110_1115,63.8,20.42633229,434.4,108.6,0.017633229
1,1,2,1115_1120,63.8,22.57053292,480,120,0.017633229
1,1,2,1120_1125,65.6,21.14634146,462.4,115.6,0.01714939
1,1,2,1125_1130,66.8,19.32934132,430.4,107.6,0.016841317
1,1,2,1130_1135,65,20.45538462,443.2,110.8,0.017307692
1,1,2,1135_1140,65.4,19.66972477,428.8,107.2,0.017201835
1,1,2,1140_1145,65.2,19.6196319,426.4,106.6,0.017254601
1,1,2,1145_1150,63.2,20.3164557,428,107,0.017800633
1,1,2,1150_1155,63.2,21.37974684,450.4,112.6,0.017800633
1,1,2,1155_1200,63.4,21.69085174,458.4,114.6,0.017744479
1,1,2,1200_1205,65,18.42461538,399.2,99.8,0.017307692
1,1,2,1205_1210,65.2,19.73006135,428.8,107.2,0.017254601
1,1,2,1210_1215,63.8,20.35109718,432.8,108.2,0.017633229
1,1,2,1215_1220,56.8,22.77464789,431.2,107.8,0.019806338
1,1,2,1220_1225,54,24.88888889,448,112,0.020833333
1,1,2,1225_1230,55.8,22.49462366,418.4,104.6,0.02016129
1,1,2,1230_1235,34,38.04705882,431.2,107.8,0.033088235
1,1,2,1235_1240,37.8,37.01587302,466.4,116.6,0.029761905
1,1,2,1240_1245,58.4,24.12328767,469.6,117.4,0.019263699
1,1,2,1245_1250,62.2,22.22508039,460.8,115.2,0.018086817
1,1,2,1250_1255,62.4,21.92307692,456,114,0.018028846
1,1,2,1255_1300,62.8,21.43949045,448.8,112.2,0.017914013
1,1,2,1300_1305,62.4,20.11538462,418.4,104.6,0.018028846
1,1,2,1305_1310,47.2,26.79661017,421.6,105.4,0.023834746
1,1,2,1310_1315,26,41.90769231,363.2,90.8,0.043269231
1,1,2,1315_1320,24.6,49.17073171,403.2,100.8,0.045731707
1,1,2,1320_1325,24.6,49.75609756,408,102,0.045731707
1,1,2,1325_1330,24.2,52.95867769,427.2,106.8,0.046487603
1,1,2,1330_1335,20.6,59.41747573,408,102,0.05461165
1,1,2,1335_1340,20.6,62.67961165,430.4,107.6,0.05461165
1,1,2,1340_1345,19.2,62.5,400,100,0.05859375
1,1,2,1345_1350,21.6,55.22222222,397.6,99.4,0.052083333
1,1,2,1350_1355,22.6,56.28318584,424,106,0.049778761
1,1,2,1355_1400,26.6,48.18045113,427.2,106.8,0.042293233
1,1,2,1400_1405,23.8,53.8487395,427.2,106.8,0.047268908
1,1,2,1405_1410,28.2,49.27659574,463.2,115.8,0.039893617
1,1,2,1410_1415,33,43.27272727,476,119,0.034090909
1,1,2,1415_1420,31.8,47.09433962,499.2,124.8,0.035377358
1,1,2,1420_1425,37,41.25405405,508.8,127.2,0.030405405
1,1,2,1425_1430,36.6,39.27868852,479.2,119.8,0.030737705
1,1,2,1430_1435,37,40.08648649,494.4,123.6,0.030405405
1,1,2,1435_1440,43.6,33.90825688,492.8,123.2,0.025802752
1,1,2,1440_1445,22.6,55.85840708,420.8,105.2,0.049778761
1,1,2,1445_1450,19.6,66,431.2,107.8,0.057397959
1,1,2,1450_1455,27.6,53.65217391,493.6,123.4,0.04076087
1,1,2,1455_1500,24.2,55.23966942,445.6,111.4,0.046487603
1,1,2,1500_1505,25.2,52.47619048,440.8,110.2,0.044642857
1,1,2,1505_1510,31,42.19354839,436,109,0.036290323
1,1,2,1510_1515,24.4,51.93442623,422.4,105.6,0.046106557
1,1,2,1515_1520,30.6,43.76470588,446.4,111.6,0.036764706
1,1,2,1520_1525,18.6,67.61290323,419.2,104.8,0.060483871
1,1,2,1525_1530,16,72.45,386.4,96.6,0.0703125
1,1,2,1530_1535,18.4,65.73913043,403.2,100.8,0.061141304
1,1,2,1535_1540,17.2,65.72093023,376.8,94.2,0.065406977
1,1,2,1540_1545,18,60.53333333,363.2,90.8,0.0625
1,1,2,1545_1550,14,66.68571429,311.2,77.8,0.080357143
1,1,2,1550_1555,10.2,74.58823529,253.6,63.4,0.110294118
1,1,2,1555_1600,8.4,90.85714286,254.4,63.6,0.133928571
1,1,2,1600_1605,14.4,75,360,90,0.078125
1,1,2,1605_1610,13.4,73.25373134,327.2,81.8,0.083955224
1,1,2,1610_1615,10.2,75.29411765,256,64,0.110294118
1,1,2,1615_1620,13,76.98461538,333.6,83.4,0.086538462
1,1,2,1620_1625,9.6,81.75,261.6,65.4,0.1171875
1,1,2,1625_1630,11.2,73.92857143,276,69,0.100446429
1,1,2,1630_1635,11.4,82.94736842,315.2,78.8,0.098684211
1,1,2,1635_1640,8.8,90,264,66,0.127840909
1,1,2,1640_1645,7.2,75,180,45,0.15625
1,1,2,1645_1650,10,69.36,231.2,57.8,0.1125
1,1,2,1650_1655,12,72,288,72,0.09375
1,1,2,1655_1700,11,82.90909091,304,76,0.102272727
1,1,2,1700_1705,12.2,72,292.8,73.2,0.092213115
1,1,2,1705_1710,12.8,65.8125,280.8,70.2,0.087890625
1,1,2,1710_1715,9.4,68.68085106,215.2,53.8,0.119680851
1,1,2,1715_1720,9.4,81.19148936,254.4,63.6,0.119680851
1,1,2,1720_1725,8.8,74.72727273,219.2,54.8,0.127840909
1,1,2,1725_1730,9.2,78.26086957,240,60,0.122282609
1,1,2,1730_1735,8.4,75.42857143,211.2,52.8,0.133928571
1,1,2,1735_1740,9.8,80.81632653,264,66,0.114795918
1,1,2,1740_1745,9.8,84,274.4,68.6,0.114795918
1,1,2,1745_1750,12.2,72,292.8,73.2,0.092213115
1,1,2,1750_1755,9.6,70.5,225.6,56.4,0.1171875
1,1,2,1755_1800,10.8,68.66666667,247.2,61.8,0.104166667
1,1,2,1800_1805,13.2,68.72727273,302.4,75.6,0.085227273
1,1,2,1805_1810,11.2,75,280,70,0.100446429
1,1,2,1810_1815,13.4,62.14925373,277.6,69.4,0.083955224
1,1,2,1815_1820,8.2,69.65853659,190.4,47.6,0.137195122
1,1,2,1820_1825,15.2,66.15789474,335.2,83.8,0.074013158
1,1,2,1825_1830,15.2,59.52631579,301.6,75.4,0.074013158
1,1,2,1830_1835,15.6,69.53846154,361.6,90.4,0.072115385
1,1,2,1835_1840,18,62.93333333,377.6,94.4,0.0625
1,1,2,1840_1845,18.2,60.26373626,365.6,91.4,0.061813187
1,1,2,1845_1850,22.2,52.54054054,388.8,97.2,0.050675676
1,1,2,1850_1855,33.8,34.08284024,384,96,0.033284024
1,1,2,1855_1900,55,17.80363636,326.4,81.6,0.020454545
1,1,2,1900_1905,63.8,14.7460815,313.6,78.4,0.017633229
1,1,2,1905_1910,63.8,13.50470219,287.2,71.8,0.017633229
1,1,2,1910_1915,63.4,14.87697161,314.4,78.6,0.017744479
1,1,2,1915_1920,62.8,17.96178344,376,94,0.017914013
1,1,2,1920_1925,64.6,15.00928793,323.2,80.8,0.017414861
1,1,2,1925_1930,63.4,15.93690852,336.8,84.2,0.017744479
1,1,2,1930_1935,64.4,15.65217391,336,84,0.017468944
1,1,2,1935_1940,64.8,14.7037037,317.6,79.4,0.017361111
1,1,2,1940_1945,66.8,13.11377246,292,73,0.016841317
1,1,2,1945_1950,65.6,13.68292683,299.2,74.8,0.01714939
1,1,2,1950_1955,66.2,11.89123867,262.4,65.6,0.016993958
1,1,2,1955_2000,66.8,11.89221557,264.8,66.2,0.016841317
1,1,2,2000_2005,65.8,13.05775076,286.4,71.6,0.017097264
1,1,2,2005_2010,65.6,11.52439024,252,63,0.01714939
1,1,2,2010_2015,67,13.50447761,301.6,75.4,0.016791045
1,1,2,2015_2020,65.6,13.46341463,294.4,73.6,0.01714939
1,1,2,2020_2025,64.8,13.51851852,292,73,0.017361111
1,1,2,2025_2030,67.2,11.71428571,262.4,65.6,0.016741071
1,1,2,2030_2035,66.6,13.00900901,288.8,72.2,0.016891892
1,1,2,2035_2040,66.4,11.74698795,260,65,0.016942771
1,1,2,2040_2045,67.2,11.85714286,265.6,66.4,0.016741071
1,1,2,2045_2050,64.8,12.18518519,263.2,65.8,0.017361111
1,1,2,2050_2055,67,11.35522388,253.6,63.4,0.016791045
1,1,2,2055_2100,66.6,11.35135135,252,63,0.016891892
1,1,2,2100_2105,67.2,10.64285714,238.4,59.6,0.016741071
1,1,2,2105_2110,66.8,12.14371257,270.4,67.6,0.016841317
1,1,2,2110_2115,67,12.0358209,268.8,67.2,0.016791045
1,1,2,2115_2120,65.4,13.17431193,287.2,71.8,0.017201835
1,1,2,2120_2125,65,12.62769231,273.6,68.4,0.017307692
1,1,2,2125_2130,66.8,11.60479042,258.4,64.6,0.016841317
1,1,2,2130_2135,66,11.2,246.4,61.6,0.017045455
1,1,2,2135_2140,65,11.37230769,246.4,61.6,0.017307692
1,1,2,2140_2145,65.6,10.79268293,236,59,0.01714939
1,1,2,2145_2150,66.4,10.98795181,243.2,60.8,0.016942771
1,1,2,2150_2155,65.6,11.30487805,247.2,61.8,0.01714939
1,1,2,2155_2200,65.8,12.07294833,264.8,66.2,0.017097264
1,1,2,2200_2205,66.8,10.74251497,239.2,59.8,0.016841317
1,1,2,2205_2210,65.8,11.34346505,248.8,62.2,0.017097264
1,1,2,2210_2215,64.4,12.81987578,275.2,68.8,0.017468944
1,1,2,2215_2220,64.4,12.40993789,266.4,66.6,0.017468944
1,1,2,2220_2225,62,10.60645161,219.2,54.8,0.018145161
1,1,2,2225_2230,62.6,10.08306709,210.4,52.6,0.017971246
1,1,2,2230_2235,62.4,8.884615385,184.8,46.2,0.018028846
1,1,2,2235_2240,64,8.3625,178.4,44.6,0.017578125
1,1,2,2240_2245,64,9.825,209.6,52.4,0.017578125
1,1,2,2245_2250,65.2,7.288343558,158.4,39.6,0.017254601
1,1,2,2250_2255,64,9.1875,196,49,0.017578125
1,1,2,2255_2300,65,7.68,166.4,41.6,0.017307692
1,1,2,2300_2305,63.4,8.668769716,183.2,45.8,0.017744479
1,1,2,2305_2310,66,8.181818182,180,45,0.017045455
1,1,2,2310_2315,65.6,7.902439024,172.8,43.2,0.01714939
1,1,2,2315_2320,65,8.861538462,192,48,0.017307692
1,1,2,2320_2325,64.4,7.97515528,171.2,42.8,0.017468944
1,1,2,2325_2330,64,8.1,172.8,43.2,0.017578125
1,1,2,2330_2335,64.4,6.931677019,148.8,37.2,0.017468944
1,1,2,2335_2340,65.8,6.455927052,141.6,35.4,0.017097264
1,1,2,2340_2345,65.4,6.422018349,140,35,0.017201835
1,1,2,2345_2350,68.4,5.719298246,130.4,32.6,0.016447368
1,1,2,2350_2355,68.8,4.813953488,110.4,27.6,0.016351744
1,1,2,2355_2400,67.4,5.163204748,116,29,0.016691395
3,2,3,0000_0005,66.75,6.606741573,147,36.75,0.016329588
3,2,3,0005_0010,67.5,5.422222222,122,30.5,0.016148148
3,2,3,0010_0015,67.25,7.271375465,163,40.75,0.016208178
3,2,3,0015_0020,67,5.731343284,128,32,0.016268657
3,2,3,0020_0025,67.5,6.177777778,139,34.75,0.016148148
3,2,3,0025_0030,68,5.955882353,135,33.75,0.016029412
3,2,3,0030_0035,69,4.782608696,110,27.5,0.015797101
3,2,3,0035_0040,67.25,5.665427509,127,31.75,0.016208178
3,2,3,0040_0045,67.25,5.977695167,134,33.5,0.016208178
3,2,3,0045_0050,67.5,6.4,144,36,0.016148148
3,2,3,0050_0055,66.25,4.347169811,96,24,0.01645283
3,2,3,0055_0100,68.25,4.131868132,94,23.5,0.015970696
3,2,3,0100_0105,68.5,4.379562044,100,25,0.015912409
3,2,3,0105_0110,69.25,4.462093863,103,25.75,0.015740072
3,2,3,0110_0115,68.5,4.423357664,101,25.25,0.015912409
3,2,3,0115_0120,68.25,3.868131868,88,22,0.015970696
3,2,3,0120_0125,67.25,4.951672862,111,27.75,0.016208178
3,2,3,0125_0130,68.75,3.970909091,91,22.75,0.015854545
3,2,3,0130_0135,68.75,3.578181818,82,20.5,0.015854545
3,2,3,0135_0140,69.25,3.63898917,84,21,0.015740072
3,2,3,0140_0145,66.75,3.146067416,70,17.5,0.016329588
3,2,3,0145_0150,68.25,4.395604396,100,25,0.015970696
3,2,3,0150_0155,68,3.044117647,69,17.25,0.016029412
3,2,3,0155_0200,67,3.268656716,73,18.25,0.016268657
3,2,3,0200_0205,69,3.826086957,88,22,0.015797101
3,2,3,0205_0210,66.25,3.758490566,83,20.75,0.01645283
3,2,3,0210_0215,69.75,4.086021505,95,23.75,0.01562724
3,2,3,0215_0220,68.75,3.316363636,76,19,0.015854545
3,2,3,0220_0225,69.25,2.642599278,61,15.25,0.015740072
3,2,3,0225_0230,68.75,3.272727273,75,18.75,0.015854545
3,2,3,0230_0235,68.5,3.153284672,72,18,0.015912409
3,2,3,0235_0240,67.75,4.162361624,94,23.5,0.016088561
3,2,3,0240_0245,67.75,4.339483395,98,24.5,0.016088561
3,2,3,0245_0250,68.75,3.665454545,84,21,0.015854545
3,2,3,0250_0255,68.25,2.681318681,61,15.25,0.015970696
3,2,3,0255_0300,67,2.686567164,60,15,0.016268657
3,2,3,0300_0305,68,2.955882353,67,16.75,0.016029412
3,2,3,0305_0310,68.25,3.076923077,70,17.5,0.015970696
3,2,3,0310_0315,68.5,3.153284672,72,18,0.015912409
3,2,3,0315_0320,68.5,2.759124088,63,15.75,0.015912409
3,2,3,0320_0325,68.75,2.749090909,63,15.75,0.015854545
3,2,3,0325_0330,67.25,3.925650558,88,22,0.016208178
3,2,3,0330_0335,68.75,3.36,77,19.25,0.015854545
3,2,3,0335_0340,67.75,3.896678967,88,22,0.016088561
3,2,3,0340_0345,70,3.514285714,82,20.5,0.015571429
3,2,3,0345_0350,70.75,3.519434629,83,20.75,0.01540636
3,2,3,0350_0355,69,4,92,23,0.015797101
3,2,3,0355_0400,69,3.304347826,76,19,0.015797101
3,2,3,0400_0405,65.75,3.558935361,78,19.5,0.016577947
3,2,3,0405_0410,67.75,3.498154982,79,19.75,0.016088561
3,2,3,0410_0415,69,4.565217391,105,26.25,0.015797101
3,2,3,0415_0420,68.75,4.407272727,101,25.25,0.015854545
3,2,3,0420_0425,68.5,5.299270073,121,30.25,0.015912409
3,2,3,0425_0430,68.5,5.649635036,129,32.25,0.015912409
3,2,3,0430_0435,69.25,6.671480144,154,38.5,0.015740072
3,2,3,0435_0440,68.5,7.751824818,177,44.25,0.015912409
3,2,3,0440_0445,68.25,8.967032967,204,51,0.015970696
3,2,3,0445_0450,69.75,8.258064516,192,48,0.01562724
3,2,3,0450_0455,70,7.285714286,170,42.5,0.015571429
3,2,3,0455_0500,70.25,6.533807829,153,38.25,0.015516014
3,2,3,0500_0505,70.25,7.558718861,177,44.25,0.015516014
3,2,3,0505_0510,69.25,8.231046931,190,47.5,0.015740072
3,2,3,0510_0515,68.75,9.294545455,213,53.25,0.015854545
3,2,3,0515_0520,69.25,9.140794224,211,52.75,0.015740072
3,2,3,0520_0525,68.75,10.77818182,247,61.75,0.015854545
3,2,3,0525_0530,68.75,13.09090909,300,75,0.015854545
3,2,3,0530_0535,69.5,11.61151079,269,67.25,0.015683453
3,2,3,0535_0540,69.25,13.12635379,303,75.75,0.015740072
3,2,3,0540_0545,68.25,18.32967033,417,104.25,0.015970696
3,2,3,0545_0550,69,17.13043478,394,98.5,0.015797101
3,2,3,0550_0555,67.75,13.32841328,301,75.25,0.016088561
3,2,3,0555_0600,69,19.34782609,445,111.25,0.015797101
3,2,3,0600_0605,67.75,15.49815498,350,87.5,0.016088561
3,2,3,0605_0610,65.5,20.01526718,437,109.25,0.016641221
3,2,3,0610_0615,65.5,21.16030534,462,115.5,0.016641221
3,2,3,0615_0620,66.25,21.23773585,469,117.25,0.01645283
3,2,3,0620_0625,65.5,24,524,131,0.016641221
3,2,3,0625_0630,64,24.984375,533,133.25,0.01703125
3,2,3,0630_0635,64.5,26.51162791,570,142.5,0.016899225
3,2,3,0635_0640,64,26.71875,570,142.5,0.01703125
3,2,3,0640_0645,63.5,27.49606299,582,145.5,0.017165354
3,2,3,0645_0650,63,25.57142857,537,134.25,0.017301587
3,2,3,0650_0655,60,27.65,553,138.25,0.018166667
3,2,3,0655_0700,62.5,24.864,518,129.5,0.01744
3,2,3,0700_0705,62.75,22.37450199,468,117,0.017370518
3,2,3,0705_0710,62.25,22.79518072,473,118.25,0.01751004
3,2,3,0710_0715,63,23.38095238,491,122.75,0.017301587
3,2,3,0715_0720,62.5,24.672,514,128.5,0.01744
3,2,3,0720_0725,63.5,24.94488189,528,132,0.017165354
3,2,3,0725_0730,63.25,25.13833992,530,132.5,0.017233202
3,2,3,0730_0735,62.25,27.13253012,563,140.75,0.01751004
3,2,3,0735_0740,61.75,28.03238866,577,144.25,0.017651822
3,2,3,0740_0745,62.75,26.67729084,558,139.5,0.017370518
3,2,3,0745_0750,63,27.42857143,576,144,0.017301587
3,2,3,0750_0755,63.5,26.78740157,567,141.75,0.017165354
3,2,3,0755_0800,63.25,25.23320158,532,133,0.017233202
3,2,3,0800_0805,64.75,23.90733591,516,129,0.016833977
3,2,3,0805_0810,65.25,22.20689655,483,120.75,0.016704981
3,2,3,0810_0815,65.75,22.03802281,483,120.75,0.016577947
3,2,3,0815_0820,63.5,24.8976378,527,131.75,0.017165354
3,2,3,0820_0825,64.5,23.6744186,509,127.25,0.016899225
3,2,3,0825_0830,66,22.04545455,485,121.25,0.016515152
3,2,3,0830_0835,64.25,21.94552529,470,117.5,0.016964981
3,2,3,0835_0840,64.5,24.65116279,530,132.5,0.016899225
3,2,3,0840_0845,63.5,25.41732283,538,134.5,0.017165354
3,2,3,0845_0850,65,24.04615385,521,130.25,0.016769231
3,2,3,0850_0855,63.75,26.82352941,570,142.5,0.017098039
3,2,3,0855_0900,64.75,21.54440154,465,116.25,0.016833977
3,2,3,0900_0905,64.5,22.65116279,487,121.75,0.016899225
3,2,3,0905_0910,64,24.328125,519,129.75,0.01703125
3,2,3,0910_0915,63.5,24.28346457,514,128.5,0.017165354
3,2,3,0915_0920,63.75,24.18823529,514,128.5,0.017098039
3,2,3,0920_0925,65.25,23.03448276,501,125.25,0.016704981
3,2,3,0925_0930,65.75,22.08365019,484,121,0.016577947
3,2,3,0930_0935,65.5,21.84732824,477,119.25,0.016641221
3,2,3,0935_0940,64.5,24.09302326,518,129.5,0.016899225
3,2,3,0940_0945,65,23.90769231,518,129.5,0.016769231
3,2,3,0945_0950,64.25,24.23346304,519,129.75,0.016964981
3,2,3,0950_0955,65.5,22.25954198,486,121.5,0.016641221
3,2,3,0955_1000,66.75,20.04494382,446,111.5,0.016329588
3,2,3,1000_1005,67,18.85074627,421,105.25,0.016268657
3,2,3,1005_1010,67.5,18.8,423,105.75,0.016148148
3,2,3,1010_1015,64.5,24,516,129,0.016899225
3,2,3,1015_1020,66.5,21.51879699,477,119.25,0.016390977
3,2,3,1020_1025,67,20.59701493,460,115,0.016268657
3,2,3,1025_1030,65.5,20.5648855,449,112.25,0.016641221
3,2,3,1030_1035,66.5,21.11278195,468,117,0.016390977
3,2,3,1035_1040,65,23.53846154,510,127.5,0.016769231
3,2,3,1040_1045,66.25,21.41886792,473,118.25,0.01645283
3,2,3,1045_1050,64.25,21.85214008,468,117,0.016964981
3,2,3,1050_1055,61.25,25.56734694,522,130.5,0.017795918
3,2,3,1055_1100,61.25,24.04897959,491,122.75,0.017795918
3,2,3,1100_1105,61,24.14754098,491,122.75,0.017868852
3,2,3,1105_1110,61.25,23.85306122,487,121.75,0.017795918
3,2,3,1110_1115,65.75,21.39923954,469,117.25,0.016577947
3,2,3,1115_1120,64,23.8125,508,127,0.01703125
3,2,3,1120_1125,64,24.46875,522,130.5,0.01703125
3,2,3,1125_1130,65.25,21.37931034,465,116.25,0.016704981
3,2,3,1130_1135,65.5,21.29770992,465,116.25,0.016641221
3,2,3,1135_1140,64.25,21.9922179,471,117.75,0.016964981
3,2,3,1140_1145,65,22.47692308,487,121.75,0.016769231
3,2,3,1145_1150,64.25,21.43190661,459,114.75,0.016964981
3,2,3,1150_1155,65,23.67692308,513,128.25,0.016769231
3,2,3,1155_1200,65.25,21.51724138,468,117,0.016704981
3,2,3,1200_1205,66.5,19.39849624,430,107.5,0.016390977
3,2,3,1205_1210,61.5,23.65853659,485,121.25,0.017723577
3,2,3,1210_1215,27.5,41.78181818,383,95.75,0.039636364
3,2,3,1215_1220,36.75,36.73469388,450,112.5,0.029659864
3,2,3,1220_1225,32.5,39.96923077,433,108.25,0.033538462
3,2,3,1225_1230,32.5,36.36923077,394,98.5,0.033538462
3,2,3,1230_1235,55.5,22.27027027,412,103,0.01963964
3,2,3,1235_1240,55.5,25.78378378,477,119.25,0.01963964
3,2,3,1240_1245,51.5,28.7184466,493,123.25,0.021165049
3,2,3,1245_1250,61,26.50819672,539,134.75,0.017868852
3,2,3,1250_1255,52.75,26.72985782,470,117.5,0.020663507
3,2,3,1255_1300,23.25,48.25806452,374,93.5,0.04688172
3,2,3,1300_1305,12.25,63.42857143,259,64.75,0.088979592
3,2,3,1305_1310,7.25,84.82758621,205,51.25,0.150344828
3,2,3,1310_1315,13.75,66.10909091,303,75.75,0.079272727
3,2,3,1315_1320,11.5,70.69565217,271,67.75,0.094782609
3,2,3,1320_1325,9.75,80,260,65,0.111794872
3,2,3,1325_1330,11.25,81.06666667,304,76,0.096888889
3,2,3,1330_1335,9.5,89.36842105,283,70.75,0.114736842
3,2,3,1335_1340,10.75,80.93023256,290,72.5,0.101395349
3,2,3,1340_1345,13,77.53846154,336,84,0.083846154
3,2,3,1345_1350,12.25,80.57142857,329,82.25,0.088979592
3,2,3,1350_1355,15,69.6,348,87,0.072666667
3,2,3,1355_1400,15.25,74.75409836,380,95,0.07147541
3,2,3,1400_1405,20.5,55.75609756,381,95.25,0.053170732
3,2,3,1405_1410,35,40.8,476,119,0.031142857
3,2,3,1410_1415,44.25,33.3559322,492,123,0.024632768
3,2,3,1415_1420,48,34.125,546,136.5,0.022708333
3,2,3,1420_1425,34.25,48.96350365,559,139.75,0.031824818
3,2,3,1425_1430,35.25,42.80851064,503,125.75,0.030921986
3,2,3,1430_1435,33.25,48.09022556,533,133.25,0.032781955
3,2,3,1435_1440,23.5,54.76595745,429,107.25,0.046382979
3,2,3,1440_1445,19.5,62.92307692,409,102.25,0.055897436
3,2,3,1445_1450,32.75,45.4351145,496,124,0.033282443
3,2,3,1450_1455,25,57.36,478,119.5,0.0436
3,2,3,1455_1500,16.75,72.89552239,407,101.75,0.065074627
3,2,3,1500_1505,20,67.05,447,111.75,0.0545
3,2,3,1505_1510,21.25,60.56470588,429,107.25,0.051294118
3,2,3,1510_1515,25.25,52.63366337,443,110.75,0.043168317
3,2,3,1515_1520,20,62.25,415,103.75,0.0545
3,2,3,1520_1525,19,58.57894737,371,92.75,0.057368421
3,2,3,1525_1530,21,59.85714286,419,104.75,0.051904762
3,2,3,1530_1535,17,67.05882353,380,95,0.064117647
3,2,3,1535_1540,18.25,56.05479452,341,85.25,0.059726027
3,2,3,1540_1545,11.5,75.13043478,288,72,0.094782609
3,2,3,1545_1550,6.75,100,225,56.25,0.161481481
3,2,3,1550_1555,8.5,80.11764706,227,56.75,0.128235294
3,2,3,1555_1600,11.75,79.40425532,311,77.75,0.092765957
3,2,3,1600_1605,10.25,85.46341463,292,73,0.106341463
3,2,3,1605_1610,7.5,100.4,251,62.75,0.145333333
3,2,3,1610_1615,10.25,91.90243902,314,78.5,0.106341463
3,2,3,1615_1620,7,94.71428571,221,55.25,0.155714286
3,2,3,1620_1625,10,80.7,269,67.25,0.109
3,2,3,1625_1630,9.25,83.35135135,257,64.25,0.117837838
3,2,3,1630_1635,6,102,204,51,0.181666667
3,2,3,1635_1640,4.25,114.3529412,162,40.5,0.256470588
3,2,3,1640_1645,6,109,218,54.5,0.181666667
3,2,3,1645_1650,9,83,249,62.25,0.121111111
3,2,3,1650_1655,8.5,91.41176471,259,64.75,0.128235294
3,2,3,1655_1700,10,81.3,271,67.75,0.109
3,2,3,1700_1705,9.5,79.57894737,252,63,0.114736842
3,2,3,1705_1710,6.25,106.56,222,55.5,0.1744
3,2,3,1710_1715,7.75,89.80645161,232,58,0.140645161
3,2,3,1715_1720,5.75,106.9565217,205,51.25,0.189565217
3,2,3,1720_1725,5.25,103.4285714,181,45.25,0.207619048
3,2,3,1725_1730,5.25,97.14285714,170,42.5,0.207619048
3,2,3,1730_1735,5.5,106.3636364,195,48.75,0.198181818
3,2,3,1735_1740,6.5,107.0769231,232,58,0.167692308
3,2,3,1740_1745,11,73.63636364,270,67.5,0.099090909
3,2,3,1745_1750,6.5,96,208,52,0.167692308
3,2,3,1750_1755,7.25,92.27586207,223,55.75,0.150344828
3,2,3,1755_1800,13.75,66.10909091,303,75.75,0.079272727
3,2,3,1800_1805,14.25,61.68421053,293,73.25,0.076491228
3,2,3,1805_1810,10.5,66,231,57.75,0.103809524
3,2,3,1810_1815,3.75,104.8,131,32.75,0.290666667
3,2,3,1815_1820,18,53.33333333,320,80,0.060555556
3,2,3,1820_1825,11,69,253,63.25,0.099090909
3,2,3,1825_1830,14.75,69.76271186,343,85.75,0.073898305
3,2,3,1830_1835,19.75,51.03797468,336,84,0.055189873
3,2,3,1835_1840,15.75,64.38095238,338,84.5,0.069206349
3,2,3,1840_1845,20.25,58.51851852,395,98.75,0.05382716
3,2,3,1845_1850,18.75,60.96,381,95.25,0.058133333
3,2,3,1850_1855,18.75,60.48,378,94.5,0.058133333
3,2,3,1855_1900,20,59.55,397,99.25,0.0545
3,2,3,1900_1905,34.75,38.24460432,443,110.75,0.031366906
3,2,3,1905_1910,63.25,16.41106719,346,86.5,0.017233202
3,2,3,1910_1915,64.75,17.6988417,382,95.5,0.016833977
3,2,3,1915_1920,62.5,20.4,425,106.25,0.01744
3,2,3,1920_1925,63.75,18.58823529,395,98.75,0.017098039
3,2,3,1925_1930,65.25,18.48275862,402,100.5,0.016704981
3,2,3,1930_1935,64.25,19.56420233,419,104.75,0.016964981
3,2,3,1935_1940,64.75,16.81853282,363,90.75,0.016833977
3,2,3,1940_1945,65.25,17.56321839,382,95.5,0.016704981
3,2,3,1945_1950,66.25,15.98490566,353,88.25,0.01645283
3,2,3,1950_1955,65.75,14.96577947,328,82,0.016577947
3,2,3,1955_2000,65.25,15.31034483,333,83.25,0.016704981
3,2,3,2000_2005,66.5,14.16541353,314,78.5,0.016390977
3,2,3,2005_2010,66.25,15.1245283,334,83.5,0.01645283
3,2,3,2010_2015,65.75,16.01520913,351,87.75,0.016577947
3,2,3,2015_2020,66,16.13636364,355,88.75,0.016515152
3,2,3,2020_2025,65.25,16.09195402,350,87.5,0.016704981
3,2,3,2025_2030,66.5,15.20300752,337,84.25,0.016390977
3,2,3,2030_2035,65.75,15.14828897,332,83,0.016577947
3,2,3,2035_2040,65.75,14.96577947,328,82,0.016577947
3,2,3,2040_2045,65.5,14.79389313,323,80.75,0.016641221
3,2,3,2045_2050,65.5,13.8778626,303,75.75,0.016641221
3,2,3,2050_2055,66.25,14.76226415,326,81.5,0.01645283
3,2,3,2055_2100,66.25,13.35849057,295,73.75,0.01645283
3,2,3,2100_2105,65.5,13.28244275,290,72.5,0.016641221
3,2,3,2105_2110,65.75,14.55513308,319,79.75,0.016577947
3,2,3,2110_2115,66.5,13.98496241,310,77.5,0.016390977
3,2,3,2115_2120,65.25,17.10344828,372,93,0.016704981
3,2,3,2120_2125,64.25,15.40856031,330,82.5,0.016964981
3,2,3,2125_2130,65.25,14.06896552,306,76.5,0.016704981
3,2,3,2130_2135,67,12.53731343,280,70,0.016268657
3,2,3,2135_2140,64.75,14.54826255,314,78.5,0.016833977
3,2,3,2140_2145,66,13.36363636,294,73.5,0.016515152
3,2,3,2145_2150,66,12.86363636,283,70.75,0.016515152
3,2,3,2150_2155,65.5,13.8778626,303,75.75,0.016641221
3,2,3,2155_2200,66,14.13636364,311,77.75,0.016515152
3,2,3,2200_2205,66.25,12.54339623,277,69.25,0.01645283
3,2,3,2205_2210,65,13.89230769,301,75.25,0.016769231
3,2,3,2210_2215,65,15.46153846,335,83.75,0.016769231
3,2,3,2215_2220,62.75,14.91633466,312,78,0.017370518
3,2,3,2220_2225,61,12.68852459,258,64.5,0.017868852
3,2,3,2225_2230,63.5,11.52755906,244,61,0.017165354
3,2,3,2230_2235,61.75,11.36842105,234,58.5,0.017651822
3,2,3,2235_2240,64.5,10,215,53.75,0.016899225
3,2,3,2240_2245,64.75,11.02702703,238,59.5,0.016833977
3,2,3,2245_2250,65.5,9.34351145,204,51,0.016641221
3,2,3,2250_2255,64.75,10.14671815,219,54.75,0.016833977
3,2,3,2255_2300,65.5,9.664122137,211,52.75,0.016641221
3,2,3,2300_2305,65,9.092307692,197,49.25,0.016769231
3,2,3,2305_2310,66,9.181818182,202,50.5,0.016515152
3,2,3,2310_2315,64.75,11.25868726,243,60.75,0.016833977
3,2,3,2315_2320,64.5,10.13953488,218,54.5,0.016899225
3,2,3,2320_2325,64.25,8.918287938,191,47.75,0.016964981
3,2,3,2325_2330,64,10.359375,221,55.25,0.01703125
3,2,3,2330_2335,65,7.8,169,42.25,0.016769231
3,2,3,2335_2340,65.5,8.106870229,177,44.25,0.016641221
3,2,3,2340_2345,65.75,8.076045627,177,44.25,0.016577947
3,2,3,2345_2350,66.75,7.191011236,160,40,0.016329588
3,2,3,2350_2355,68,5.955882353,135,33.75,0.016029412
3,2,3,2355_2400,67,6.268656716,140,35,0.016268657
5,3,4,0000_0005,61.5,6.780487805,139,34.75,0.016910569
5,3,4,0005_0010,63,5.619047619,118,29.5,0.016507937
5,3,4,0010_0015,64.5,7.441860465,160,40,0.016124031
5,3,4,0015_0020,62.5,6.528,136,34,0.01664
5,3,4,0020_0025,64,6,128,32,0.01625
5,3,4,0025_0030,63,6.857142857,144,36,0.016507937
5,3,4,0030_0035,65,5.030769231,109,27.25,0.016
5,3,4,0035_0040,63.75,6.4,136,34,0.016313725
5,3,4,0040_0045,65,4.938461538,107,26.75,0.016
5,3,4,0045_0050,62.5,7.056,147,36.75,0.01664
5,3,4,0050_0055,59.75,5.372384937,107,26.75,0.017405858
5,3,4,0055_0100,62,4.016129032,83,20.75,0.016774194
5,3,4,0100_0105,64.5,6.186046512,133,33.25,0.016124031
5,3,4,0105_0110,61.5,4.926829268,101,25.25,0.016910569
5,3,4,0110_0115,63.5,4.535433071,96,24,0.016377953
5,3,4,0115_0120,63.25,4.458498024,94,23.5,0.016442688
5,3,4,0120_0125,63,5.238095238,110,27.5,0.016507937
5,3,4,0125_0130,62.5,4.992,104,26,0.01664
5,3,4,0130_0135,63.25,4.173913043,88,22,0.016442688
5,3,4,0135_0140,64,4.546875,97,24.25,0.01625
5,3,4,0140_0145,62.25,4.048192771,84,21,0.016706827
5,3,4,0145_0150,62.75,4.15936255,87,21.75,0.016573705
5,3,4,0150_0155,61.5,4.097560976,84,21,0.016910569
5,3,4,0155_0200,62.25,3.469879518,72,18,0.016706827
5,3,4,0200_0205,64,4.3125,92,23,0.01625
5,3,4,0205_0210,65.75,3.376425856,74,18.5,0.01581749
5,3,4,0210_0215,65.75,3.741444867,82,20.5,0.01581749
5,3,4,0215_0220,62.75,3.87250996,81,20.25,0.016573705
5,3,4,0220_0225,65.75,3.467680608,76,19,0.01581749
5,3,4,0225_0230,63.25,3.320158103,70,17.5,0.016442688
5,3,4,0230_0235,61.5,3.609756098,74,18.5,0.016910569
5,3,4,0235_0240,61.25,4.751020408,97,24.25,0.016979592
5,3,4,0240_0245,62.25,4.819277108,100,25,0.016706827
5,3,4,0245_0250,62,4.258064516,88,22,0.016774194
5,3,4,0250_0255,63,3.571428571,75,18.75,0.016507937
5,3,4,0255_0300,64.5,3.209302326,69,17.25,0.016124031
5,3,4,0300_0305,64.75,4.401544402,95,23.75,0.016061776
5,3,4,0305_0310,66.5,3.789473684,84,21,0.015639098
5,3,4,0310_0315,65.5,4.122137405,90,22.5,0.015877863
5,3,4,0315_0320,63.5,3.070866142,65,16.25,0.016377953
5,3,4,0320_0325,64,4.6875,100,25,0.01625
5,3,4,0325_0330,62.25,4.240963855,88,22,0.016706827
5,3,4,0330_0335,65,4.615384615,100,25,0.016
5,3,4,0335_0340,65.75,3.878326996,85,21.25,0.01581749
5,3,4,0340_0345,65,4.938461538,107,26.75,0.016
5,3,4,0345_0350,65.25,5.24137931,114,28.5,0.015938697
5,3,4,0350_0355,64.75,3.891891892,84,21,0.016061776
5,3,4,0355_0400,65,4.523076923,98,24.5,0.016
5,3,4,0400_0405,64.5,3.813953488,82,20.5,0.016124031
5,3,4,0405_0410,62,4.016129032,83,20.75,0.016774194
5,3,4,0410_0415,64.75,4.911196911,106,26.5,0.016061776
5,3,4,0415_0420,64,4.359375,93,23.25,0.01625
5,3,4,0420_0425,63.5,6.330708661,134,33.5,0.016377953
5,3,4,0425_0430,65,6.461538462,140,35,0.016
5,3,4,0430_0435,66,6.590909091,145,36.25,0.015757576
5,3,4,0435_0440,66,7.5,165,41.25,0.015757576
5,3,4,0440_0445,66.5,9.067669173,201,50.25,0.015639098
5,3,4,0445_0450,65.25,8.275862069,180,45,0.015938697
5,3,4,0450_0455,66,8.590909091,189,47.25,0.015757576
5,3,4,0455_0500,66.5,7.443609023,165,41.25,0.015639098
5,3,4,0500_0505,65,7.615384615,165,41.25,0.016
5,3,4,0505_0510,66.25,8.01509434,177,44.25,0.015698113
5,3,4,0510_0515,64.75,9.127413127,197,49.25,0.016061776
5,3,4,0515_0520,65,9.969230769,216,54,0.016
5,3,4,0520_0525,65.75,10.67680608,234,58.5,0.01581749
5,3,4,0525_0530,65.5,12.09160305,264,66,0.015877863
5,3,4,0530_0535,67.75,10.53874539,238,59.5,0.015350554
5,3,4,0535_0540,66.5,13.17293233,292,73,0.015639098
5,3,4,0540_0545,66.25,17.38867925,384,96,0.015698113
5,3,4,0545_0550,65.25,16.55172414,360,90,0.015938697
5,3,4,0550_0555,65.5,11.54198473,252,63,0.015877863
5,3,4,0555_0600,63.5,20.64566929,437,109.25,0.016377953
5,3,4,0600_0605,63.25,15.36758893,324,81,0.016442688
5,3,4,0605_0610,61.75,17.39271255,358,89.5,0.016842105
5,3,4,0610_0615,61.75,20.50202429,422,105.5,0.016842105
5,3,4,0615_0620,62.25,19.03614458,395,98.75,0.016706827
5,3,4,0620_0625,62.25,21.4939759,446,111.5,0.016706827
5,3,4,0625_0630,64.75,21.12741313,456,114,0.016061776
5,3,4,0630_0635,64.75,23.16602317,500,125,0.016061776
5,3,4,0635_0640,64,23.4375,500,125,0.01625
5,3,4,0640_0645,63,24.66666667,518,129.5,0.016507937
5,3,4,0645_0650,59,26.08474576,513,128.25,0.017627119
5,3,4,0650_0655,62.5,22.128,461,115.25,0.01664
5,3,4,0655_0700,63,22.76190476,478,119.5,0.016507937
5,3,4,0700_0705,62.25,20.14457831,418,104.5,0.016706827
5,3,4,0705_0710,62,20.66129032,427,106.75,0.016774194
5,3,4,0710_0715,63,20.9047619,439,109.75,0.016507937
5,3,4,0715_0720,64,20.859375,445,111.25,0.01625
5,3,4,0720_0725,63.5,22.72440945,481,120.25,0.016377953
5,3,4,0725_0730,65.5,20.7480916,453,113.25,0.015877863
5,3,4,0730_0735,63,22.33333333,469,117.25,0.016507937
5,3,4,0735_0740,61,25.18032787,512,128,0.01704918
5,3,4,0740_0745,65,21.36923077,463,115.75,0.016
5,3,4,0745_0750,65.25,22.62068966,492,123,0.015938697
5,3,4,0750_0755,63.25,23.47826087,495,123.75,0.016442688
5,3,4,0755_0800,64,21.46875,458,114.5,0.01625
5,3,4,0800_0805,64.5,21.20930233,456,114,0.016124031
5,3,4,0805_0810,65.75,18.02281369,395,98.75,0.01581749
5,3,4,0810_0815,64.75,17.93050193,387,96.75,0.016061776
5,3,4,0815_0820,65.75,19.30038023,423,105.75,0.01581749
5,3,4,0820_0825,65.5,19.74045802,431,107.75,0.015877863
5,3,4,0825_0830,65.75,19.02661597,417,104.25,0.01581749
5,3,4,0830_0835,66.25,17.47924528,386,96.5,0.015698113
5,3,4,0835_0840,64.5,20.46511628,440,110,0.016124031
5,3,4,0840_0845,64.75,20.8030888,449,112.25,0.016061776
5,3,4,0845_0850,63.5,20.88188976,442,110.5,0.016377953
5,3,4,0850_0855,63.5,21.82677165,462,115.5,0.016377953
5,3,4,0855_0900,65.25,17.93103448,390,97.5,0.015938697
5,3,4,0900_0905,65.5,18,393,98.25,0.015877863
5,3,4,0905_0910,66,20.09090909,442,110.5,0.015757576
5,3,4,0910_0915,64,20.90625,446,111.5,0.01625
5,3,4,0915_0920,64,20.71875,442,110.5,0.01625
5,3,4,0920_0925,64.5,21.76744186,468,117,0.016124031
5,3,4,0925_0930,66.25,19.33584906,427,106.75,0.015698113
5,3,4,0930_0935,66.5,18.94736842,420,105,0.015639098
5,3,4,0935_0940,65,20.58461538,446,111.5,0.016
5,3,4,0940_0945,65.5,20.42748092,446,111.5,0.015877863
5,3,4,0945_0950,64.25,19.79766537,424,106,0.01618677
5,3,4,0950_0955,64.75,20.75675676,448,112,0.016061776
5,3,4,0955_1000,65.5,18,393,98.25,0.015877863
5,3,4,1000_1005,64.25,17.13618677,367,91.75,0.01618677
5,3,4,1005_1010,65.25,19.03448276,414,103.5,0.015938697
5,3,4,1010_1015,65,19.2,416,104,0.016
5,3,4,1015_1020,64.75,21.86872587,472,118,0.016061776
5,3,4,1020_1025,65.25,20.04597701,436,109,0.015938697
5,3,4,1025_1030,65.5,19.46564885,425,106.25,0.015877863
5,3,4,1030_1035,64.75,19.08880309,412,103,0.016061776
5,3,4,1035_1040,63.75,20.65882353,439,109.75,0.016313725
5,3,4,1040_1045,64,21.515625,459,114.75,0.01625
5,3,4,1045_1050,62.75,19.84063745,415,103.75,0.016573705
5,3,4,1050_1055,63.75,21.08235294,448,112,0.016313725
5,3,4,1055_1100,54.75,24.16438356,441,110.25,0.018995434
5,3,4,1100_1105,57.75,21.66233766,417,104.25,0.018008658
5,3,4,1105_1110,54.5,22.8440367,415,103.75,0.019082569
5,3,4,1110_1115,55,23.4,429,107.25,0.018909091
5,3,4,1115_1120,57.75,23.32467532,449,112.25,0.018008658
5,3,4,1120_1125,62.25,21.8313253,453,113.25,0.016706827
5,3,4,1125_1130,59.5,20.11764706,399,99.75,0.017478992
5,3,4,1130_1135,49.75,22.31155779,370,92.5,0.020904523
5,3,4,1135_1140,46,24.7826087,380,95,0.022608696
5,3,4,1140_1145,42.25,27.55029586,388,97,0.024615385
5,3,4,1145_1150,40.75,26.57668712,361,90.25,0.025521472
5,3,4,1150_1155,39,29.46153846,383,95.75,0.026666667
5,3,4,1155_1200,35.5,34.47887324,408,102,0.029295775
5,3,4,1200_1205,33.75,27.11111111,305,76.25,0.030814815
5,3,4,1205_1210,21.75,44.13793103,320,80,0.047816092
5,3,4,1210_1215,28.5,42.42105263,403,100.75,0.036491228
5,3,4,1215_1220,33.75,32.53333333,366,91.5,0.030814815
5,3,4,1220_1225,30.25,37.19008264,375,93.75,0.034380165
5,3,4,1225_1230,32.25,38.69767442,416,104,0.032248062
5,3,4,1230_1235,30.25,39.37190083,397,99.25,0.034380165
5,3,4,1235_1240,24,48.125,385,96.25,0.043333333
5,3,4,1240_1245,25.5,50.23529412,427,106.75,0.040784314
5,3,4,1245_1250,41.75,39.16167665,545,136.25,0.02491018
5,3,4,1250_1255,56.25,21.81333333,409,102.25,0.018488889
5,3,4,1255_1300,64.5,16.3255814,351,87.75,0.016124031
5,3,4,1300_1305,64.75,12.6023166,272,68,0.016061776
5,3,4,1305_1310,65.75,12.31939163,270,67.5,0.01581749
5,3,4,1310_1315,65,13.61538462,295,73.75,0.016
5,3,4,1315_1320,64.5,14.18604651,305,76.25,0.016124031
5,3,4,1320_1325,64.5,13.86046512,298,74.5,0.016124031
5,3,4,1325_1330,65.25,15.03448276,327,81.75,0.015938697
5,3,4,1330_1335,65,15.78461538,342,85.5,0.016
5,3,4,1335_1340,63.75,14.82352941,315,78.75,0.016313725
5,3,4,1340_1345,63.75,17.74117647,377,94.25,0.016313725
5,3,4,1345_1350,64.25,17.36964981,372,93,0.01618677
5,3,4,1350_1355,63.75,17.17647059,365,91.25,0.016313725
5,3,4,1355_1400,63.5,19.18110236,406,101.5,0.016377953
5,3,4,1400_1405,63.25,19.7312253,416,104,0.016442688
5,3,4,1405_1410,60,23.5,470,117.5,0.017333333
5,3,4,1410_1415,49.75,27.67839196,459,114.75,0.020904523
5,3,4,1415_1420,39.25,33.55414013,439,109.75,0.026496815
5,3,4,1420_1425,44.25,32.54237288,480,120,0.023502825
5,3,4,1425_1430,46,31.76086957,487,121.75,0.022608696
5,3,4,1430_1435,42,32.28571429,452,113,0.024761905
5,3,4,1435_1440,33,35,385,96.25,0.031515152
5,3,4,1440_1445,36.25,38.97931034,471,117.75,0.028689655
5,3,4,1445_1450,34.5,37.2173913,428,107,0.030144928
5,3,4,1450_1455,25.5,52.35294118,445,111.25,0.040784314
5,3,4,1455_1500,26,50.30769231,436,109,0.04
5,3,4,1500_1505,33,40.27272727,443,110.75,0.031515152
5,3,4,1505_1510,32,41.34375,441,110.25,0.0325
5,3,4,1510_1515,34.75,39.10791367,453,113.25,0.029928058
5,3,4,1515_1520,26.75,42.95327103,383,95.75,0.038878505
5,3,4,1520_1525,30.75,42.04878049,431,107.75,0.033821138
5,3,4,1525_1530,25.75,45.2038835,388,97,0.04038835
5,3,4,1530_1535,18.75,60.96,381,95.25,0.055466667
5,3,4,1535_1540,14.5,70.96551724,343,85.75,0.071724138
5,3,4,1540_1545,10.75,79.53488372,285,71.25,0.096744186
5,3,4,1545_1550,6.75,117.7777778,265,66.25,0.154074074
5,3,4,1550_1555,11.5,85.04347826,326,81.5,0.090434783
5,3,4,1555_1600,11.5,89.47826087,343,85.75,0.090434783
5,3,4,1600_1605,7.75,121.9354839,315,78.75,0.134193548
5,3,4,1605_1610,13,82.38461538,357,89.25,0.08
5,3,4,1610_1615,8.25,96,264,66,0.126060606
5,3,4,1615_1620,10,93.9,313,78.25,0.104
5,3,4,1620_1625,8.75,98.05714286,286,71.5,0.118857143
5,3,4,1625_1630,7,101.5714286,237,59.25,0.148571429
5,3,4,1630_1635,7.5,104,260,65,0.138666667
5,3,4,1635_1640,5.5,146.7272727,269,67.25,0.189090909
5,3,4,1640_1645,6,165.5,331,82.75,0.173333333
5,3,4,1645_1650,6.5,125.0769231,271,67.75,0.16
5,3,4,1650_1655,6.25,146.88,306,76.5,0.1664
5,3,4,1655_1700,5.25,150.8571429,264,66,0.198095238
5,3,4,1700_1705,6.25,137.76,287,71.75,0.1664
5,3,4,1705_1710,8.75,104.2285714,304,76,0.118857143
5,3,4,1710_1715,5.75,133.5652174,256,64,0.180869565
5,3,4,1715_1720,6.75,113.3333333,255,63.75,0.154074074
5,3,4,1720_1725,4.25,184.2352941,261,65.25,0.244705882
5,3,4,1725_1730,5.25,148,259,64.75,0.198095238
5,3,4,1730_1735,4.75,172.4210526,273,68.25,0.218947368
5,3,4,1735_1740,6,143.5,287,71.75,0.173333333
5,3,4,1740_1745,7,109.2857143,255,63.75,0.148571429
5,3,4,1745_1750,5.25,160.5714286,281,70.25,0.198095238
5,3,4,1750_1755,9.75,115.6923077,376,94,0.106666667
5,3,4,1755_1800,8.75,99.77142857,291,72.75,0.118857143
5,3,4,1800_1805,7.5,94,235,58.75,0.138666667
5,3,4,1805_1810,5,124.8,208,52,0.208
5,3,4,1810_1815,9.75,101.5384615,330,82.5,0.106666667
5,3,4,1815_1820,11.5,73.04347826,280,70,0.090434783
5,3,4,1820_1825,17.75,59.83098592,354,88.5,0.058591549
5,3,4,1825_1830,21.75,51.31034483,372,93,0.047816092
5,3,4,1830_1835,27,39.11111111,352,88,0.038518519
5,3,4,1835_1840,22,52.90909091,388,97,0.047272727
5,3,4,1840_1845,27.25,41.94495413,381,95.25,0.038165138
5,3,4,1845_1850,40,28.5,380,95,0.026
5,3,4,1850_1855,39.75,29.96226415,397,99.25,0.026163522
5,3,4,1855_1900,42.75,27.78947368,396,99,0.024327485
5,3,4,1900_1905,44.5,28.11235955,417,104.25,0.023370787
5,3,4,1905_1910,43.5,31.03448276,450,112.5,0.023908046
5,3,4,1910_1915,54,22.27777778,401,100.25,0.019259259
5,3,4,1915_1920,62.75,17.21115538,360,90,0.016573705
5,3,4,1920_1925,63.25,19.39920949,409,102.25,0.016442688
5,3,4,1925_1930,63,18.85714286,396,99,0.016507937
5,3,4,1930_1935,64.5,18.41860465,396,99,0.016124031
5,3,4,1935_1940,64.75,17.74517375,383,95.75,0.016061776
5,3,4,1940_1945,63.75,17.27058824,367,91.75,0.016313725
5,3,4,1945_1950,62.75,15.96812749,334,83.5,0.016573705
5,3,4,1950_1955,63.5,14.74015748,312,78,0.016377953
5,3,4,1955_2000,63.5,14.83464567,314,78.5,0.016377953
5,3,4,2000_2005,64.25,15.45525292,331,82.75,0.01618677
5,3,4,2005_2010,64,15.75,336,84,0.01625
5,3,4,2010_2015,63.25,15.69960474,331,82.75,0.016442688
5,3,4,2015_2020,63,17.19047619,361,90.25,0.016507937
5,3,4,2020_2025,63.75,16.47058824,350,87.5,0.016313725
5,3,4,2025_2030,64.25,15.03501946,322,80.5,0.01618677
5,3,4,2030_2035,65.25,14.62068966,318,79.5,0.015938697
5,3,4,2035_2040,63.5,14.88188976,315,78.75,0.016377953
5,3,4,2040_2045,65,14.07692308,305,76.25,0.016
5,3,4,2045_2050,62.75,14.62948207,306,76.5,0.016573705
5,3,4,2050_2055,64.25,14.38132296,308,77,0.01618677
5,3,4,2055_2100,64,15.046875,321,80.25,0.01625
5,3,4,2100_2105,65.25,12,261,65.25,0.015938697
5,3,4,2105_2110,65.25,14.3908046,313,78.25,0.015938697
5,3,4,2110_2115,64.75,15.52123552,335,83.75,0.016061776
5,3,4,2115_2120,64.75,16.21621622,350,87.5,0.016061776
5,3,4,2120_2125,62.5,15.6,325,81.25,0.01664
5,3,4,2125_2130,65.25,13.83908046,301,75.25,0.015938697
5,3,4,2130_2135,65,14.03076923,304,76,0.016
5,3,4,2135_2140,64.5,12.51162791,269,67.25,0.016124031
5,3,4,2140_2145,65.75,12.86692015,282,70.5,0.01581749
5,3,4,2145_2150,64,13.640625,291,72.75,0.01625
5,3,4,2150_2155,65.75,12.45627376,273,68.25,0.01581749
5,3,4,2155_2200,64.75,13.34362934,288,72,0.016061776
5,3,4,2200_2205,65,13.33846154,289,72.25,0.016
5,3,4,2205_2210,65.25,14.06896552,306,76.5,0.015938697
5,3,4,2210_2215,65.75,13.32319392,292,73,0.01581749
5,3,4,2215_2220,61.25,15.03673469,307,76.75,0.016979592
5,3,4,2220_2225,57.5,16.85217391,323,80.75,0.018086957
5,3,4,2225_2230,60.5,16.0661157,324,81,0.017190083
5,3,4,2230_2235,61.25,13.91020408,284,71,0.016979592
5,3,4,2235_2240,61.75,15.06072874,310,77.5,0.016842105
5,3,4,2240_2245,60.5,14.38016529,290,72.5,0.017190083
5,3,4,2245_2250,63.25,12.09486166,255,63.75,0.016442688
5,3,4,2250_2255,63.5,9.874015748,209,52.25,0.016377953
5,3,4,2255_2300,61.5,10.68292683,219,54.75,0.016910569
5,3,4,2300_2305,63.5,10.15748031,215,53.75,0.016377953
5,3,4,2305_2310,62.75,10.42231076,218,54.5,0.016573705
5,3,4,2310_2315,62.5,10.944,228,57,0.01664
5,3,4,2315_2320,62.5,12.096,252,63,0.01664
5,3,4,2320_2325,61.75,10.44534413,215,53.75,0.016842105
5,3,4,2325_2330,63.75,10.77647059,229,57.25,0.016313725
5,3,4,2330_2335,63.5,9.354330709,198,49.5,0.016377953
5,3,4,2335_2340,62.5,8.88,185,46.25,0.01664
5,3,4,2340_2345,63,9.571428571,201,50.25,0.016507937
5,3,4,2345_2350,63.5,7.700787402,163,40.75,0.016377953
5,3,4,2350_2355,63,7.19047619,151,37.75,0.016507937
5,3,4,2355_2400,63.5,7.795275591,165,41.25,0.016377953
7,4,5,0000_0005,53,6.41509434,84.99999999,28.33333333,0.024528302
7,4,5,0005_0010,52,6.153846154,80.00000001,26.66666667,0.025
7,4,5,0010_0015,52,7.384615385,96,32,0.025
7,4,5,0015_0020,52.33333333,6.72611465,87.99999999,29.33333333,0.024840764
7,4,5,0020_0025,53,5.811320755,77.00000001,25.66666667,0.024528302
7,4,5,0025_0030,56.33333333,6.035502959,84.99999999,28.33333333,0.023076923
7,4,5,0030_0035,56.66666667,5.505882353,78,26,0.022941176
7,4,5,0035_0040,55,6.618181818,90.99999999,30.33333333,0.023636364
7,4,5,0040_0045,55,6.109090909,84,28,0.023636364
7,4,5,0045_0050,52,6.461538462,84,28,0.025
7,4,5,0050_0055,50.66666667,5.289473684,66.99999999,22.33333333,0.025657895
7,4,5,0055_0100,52.33333333,4.968152866,65.00000001,21.66666667,0.024840764
7,4,5,0100_0105,53.33333333,4.65,62.00000001,20.66666667,0.024375
7,4,5,0105_0110,53.33333333,5.4,72,24,0.024375
7,4,5,0110_0115,54,5.777777778,78,26,0.024074074
7,4,5,0115_0120,54.66666667,4.024390244,54.99999999,18.33333333,0.023780488
7,4,5,0120_0125,55,5.527272727,75.99999999,25.33333333,0.023636364
7,4,5,0125_0130,51.33333333,4.987012987,63.99999999,21.33333333,0.025324675
7,4,5,0130_0135,54,4.074074074,54.99999999,18.33333333,0.024074074
7,4,5,0135_0140,54.33333333,4.417177914,60,20,0.02392638
7,4,5,0140_0145,56,3.214285714,45,15,0.023214286
7,4,5,0145_0150,55.33333333,4.048192771,56.00000001,18.66666667,0.023493976
7,4,5,0150_0155,54.66666667,4.756097561,65.00000001,21.66666667,0.023780488
7,4,5,0155_0200,51,4.470588235,57,19,0.025490196
7,4,5,0200_0205,55,4.290909091,59.00000001,19.66666667,0.023636364
7,4,5,0205_0210,52,4.538461538,59.00000001,19.66666667,0.025
7,4,5,0210_0215,55,4.218181818,57.99999999,19.33333333,0.023636364
7,4,5,0215_0220,58,3.862068966,56.00000001,18.66666667,0.022413793
7,4,5,0220_0225,59.33333333,3.573033708,53.00000001,17.66666667,0.021910112
7,4,5,0225_0230,55.66666667,3.520958084,48.99999999,16.33333333,0.023353293
7,4,5,0230_0235,55.66666667,3.233532934,45,15,0.023353293
7,4,5,0235_0240,56.66666667,4.588235294,65.00000001,21.66666667,0.022941176
7,4,5,0240_0245,60,4.733333333,71.00000001,23.66666667,0.021666667
7,4,5,0245_0250,58.33333333,4.251428571,62.00000001,20.66666667,0.022285714
7,4,5,0250_0255,56,3.714285714,51.99999999,17.33333333,0.023214286
7,4,5,0255_0300,54.66666667,3.658536585,50.00000001,16.66666667,0.023780488
7,4,5,0300_0305,54.66666667,3.731707317,51,17,0.023780488
7,4,5,0305_0310,56,4.142857143,57.99999999,19.33333333,0.023214286
7,4,5,0310_0315,60.66666667,4.021978022,60.99999999,20.33333333,0.021428571
7,4,5,0315_0320,58.66666667,4.022727273,59.00000001,19.66666667,0.022159091
7,4,5,0320_0325,56.66666667,3.247058824,45.99999999,15.33333333,0.022941176
7,4,5,0325_0330,55.66666667,3.017964072,42,14,0.023353293
7,4,5,0330_0335,55,5.381818182,74.00000001,24.66666667,0.023636364
7,4,5,0335_0340,57.66666667,3.468208092,50.00000001,16.66666667,0.022543353
7,4,5,0340_0345,60.66666667,4.549450549,69,23,0.021428571
7,4,5,0345_0350,61,4.196721311,63.99999999,21.33333333,0.021311475
7,4,5,0350_0355,58,4.068965517,59.00000001,19.66666667,0.022413793
7,4,5,0355_0400,55.33333333,4.554216867,63,21,0.023493976
7,4,5,0400_0405,57,3.157894737,45,15,0.022807018
7,4,5,0405_0410,56.66666667,4.447058824,63,21,0.022941176
7,4,5,0410_0415,59.66666667,4.491620112,66.99999999,22.33333333,0.021787709
7,4,5,0415_0420,59,4.338983051,63.99999999,21.33333333,0.022033898
7,4,5,0420_0425,59.33333333,5.460674157,81,27,0.021910112
7,4,5,0425_0430,60.33333333,6.629834254,99.99999999,33.33333333,0.021546961
7,4,5,0430_0435,62.33333333,6.160427807,96,32,0.020855615
7,4,5,0435_0440,60.33333333,7.425414365,112,37.33333333,0.021546961
7,4,5,0440_0445,60.33333333,8.35359116,126,42,0.021546961
7,4,5,0445_0450,59.66666667,8.715083799,130,43.33333333,0.021787709
7,4,5,0450_0455,63,7.365079365,116,38.66666667,0.020634921
7,4,5,0455_0500,61,6.426229508,98.00000001,32.66666667,0.021311475
7,4,5,0500_0505,60,6.666666667,99.99999999,33.33333333,0.021666667
7,4,5,0505_0510,62,8.516129032,132,44,0.020967742
7,4,5,0510_0515,61.33333333,7.956521739,122,40.66666667,0.021195652
7,4,5,0515_0520,59.66666667,8.916201117,133,44.33333333,0.021787709
7,4,5,0520_0525,60,9.2,138,46,0.021666667
7,4,5,0525_0530,61.33333333,10.5,161,53.66666667,0.021195652
7,4,5,0530_0535,61.33333333,9.52173913,146,48.66666667,0.021195652
7,4,5,0535_0540,62.33333333,11.10160428,173,57.66666667,0.020855615
7,4,5,0540_0545,63.66666667,13.57068063,216,72,0.020418848
7,4,5,0545_0550,64,12.25,196,65.33333333,0.0203125
7,4,5,0550_0555,64.33333333,8.207253886,132,44,0.020207254
7,4,5,0555_0600,62.33333333,16.81283422,262,87.33333333,0.020855615
7,4,5,0600_0605,62,12.51612903,194,64.66666667,0.020967742
7,4,5,0605_0610,62,12.96774194,201,67,0.020967742
7,4,5,0610_0615,61.66666667,16.41081081,253,84.33333333,0.021081081
7,4,5,0615_0620,61.66666667,16.54054054,255,85,0.021081081
7,4,5,0620_0625,62.66666667,18,282,94,0.020744681
7,4,5,0625_0630,60,17,255,85,0.021666667
7,4,5,0630_0635,61.33333333,16.76086957,257,85.66666667,0.021195652
7,4,5,0635_0640,63.33333333,17.93684211,284,94.66666667,0.020526316
7,4,5,0640_0645,63.66666667,20.48167539,326.0000001,108.6666667,0.020418848
7,4,5,0645_0650,62.66666667,18.06382979,283,94.33333333,0.020744681
7,4,5,0650_0655,62.33333333,18.35294118,286,95.33333333,0.020855615
7,4,5,0655_0700,60.33333333,19.55801105,295,98.33333333,0.021546961
7,4,5,0700_0705,62.66666667,16.08510638,252,84,0.020744681
7,4,5,0705_0710,60.33333333,16.44198895,248,82.66666667,0.021546961
7,4,5,0710_0715,62.33333333,17.39037433,271,90.33333333,0.020855615
7,4,5,0715_0720,60,17.6,264,88,0.021666667
7,4,5,0720_0725,62.66666667,18.95744681,297,99,0.020744681
7,4,5,0725_0730,61.66666667,15.95675676,246,82,0.021081081
7,4,5,0730_0735,61,17.7704918,271,90.33333333,0.021311475
7,4,5,0735_0740,62,16.96774194,263,87.66666667,0.020967742
7,4,5,0740_0745,65,17.47692308,284,94.66666667,0.02
7,4,5,0745_0750,63.33333333,16.67368421,264,88,0.020526316
7,4,5,0750_0755,63.33333333,18.75789474,297,99,0.020526316
7,4,5,0755_0800,65.33333333,13.89795918,227,75.66666667,0.019897959
7,4,5,0800_0805,63.33333333,16.48421053,261,87,0.020526316
7,4,5,0805_0810,62,16.19354839,251,83.66666667,0.020967742
7,4,5,0810_0815,63,14.22222222,224,74.66666667,0.020634921
7,4,5,0815_0820,64,15.25,244,81.33333333,0.0203125
7,4,5,0820_0825,60.66666667,16.74725275,254,84.66666667,0.021428571
7,4,5,0825_0830,61,16.85245902,257,85.66666667,0.021311475
7,4,5,0830_0835,61,13.7704918,210,70,0.021311475
7,4,5,0835_0840,62.66666667,15.44680851,242,80.66666667,0.020744681
7,4,5,0840_0845,63,16.44444444,259,86.33333333,0.020634921
7,4,5,0845_0850,63,17.01587302,268,89.33333333,0.020634921
7,4,5,0850_0855,62,15.35483871,238,79.33333333,0.020967742
7,4,5,0855_0900,64,15.125,242,80.66666667,0.0203125
7,4,5,0900_0905,63,14.34920635,226,75.33333333,0.020634921
7,4,5,0905_0910,63.33333333,15.03157895,238,79.33333333,0.020526316
7,4,5,0910_0915,62.33333333,14.63101604,228,76,0.020855615
7,4,5,0915_0920,62.66666667,16.85106383,264,88,0.020744681
7,4,5,0920_0925,63.66666667,15.95811518,254,84.66666667,0.020418848
7,4,5,0925_0930,63.66666667,15.14136126,241,80.33333333,0.020418848
7,4,5,0930_0935,61.33333333,16.30434783,250,83.33333333,0.021195652
7,4,5,0935_0940,63.66666667,15.45549738,246,82,0.020418848
7,4,5,0940_0945,62.33333333,17.13368984,267,89,0.020855615
7,4,5,0945_0950,63.33333333,15.47368421,245,81.66666667,0.020526316
7,4,5,0950_0955,62.66666667,16.46808511,258,86,0.020744681
7,4,5,0955_1000,61.66666667,14.52972973,224,74.66666667,0.021081081
7,4,5,1000_1005,62,13.35483871,207,69,0.020967742
7,4,5,1005_1010,62.66666667,14.4893617,227,75.66666667,0.020744681
7,4,5,1010_1015,62.33333333,15.65775401,244,81.33333333,0.020855615
7,4,5,1015_1020,63.33333333,17.11578947,271,90.33333333,0.020526316
7,4,5,1020_1025,63.66666667,16.02094241,255,85,0.020418848
7,4,5,1025_1030,64.33333333,15.10880829,243,81,0.020207254
7,4,5,1030_1035,62.66666667,14.10638298,221,73.66666667,0.020744681
7,4,5,1035_1040,61.66666667,16.28108108,251,83.66666667,0.021081081
7,4,5,1040_1045,62,15.74193548,244,81.33333333,0.020967742
7,4,5,1045_1050,63,15.49206349,244,81.33333333,0.020634921
7,4,5,1050_1055,60.66666667,17.07692308,259,86.33333333,0.021428571
7,4,5,1055_1100,62,16.06451613,249,83,0.020967742
7,4,5,1100_1105,60.66666667,15.89010989,241,80.33333333,0.021428571
7,4,5,1105_1110,59.66666667,15.55307263,232,77.33333333,0.021787709
7,4,5,1110_1115,60.66666667,17.20879121,261,87,0.021428571
7,4,5,1115_1120,58.66666667,17.31818182,254,84.66666667,0.022159091
7,4,5,1120_1125,55.33333333,19.6626506,272,90.66666667,0.023493976
7,4,5,1125_1130,54.66666667,18.51219512,253,84.33333333,0.023780488
7,4,5,1130_1135,55.33333333,18,249,83,0.023493976
7,4,5,1135_1140,56.66666667,19.12941176,271,90.33333333,0.022941176
7,4,5,1140_1145,55.66666667,18.75449102,261,87,0.023353293
7,4,5,1145_1150,54.66666667,21.58536585,295,98.33333333,0.023780488
7,4,5,1150_1155,57.66666667,16.99421965,245,81.66666667,0.022543353
7,4,5,1155_1200,54.33333333,21.93865031,298,99.33333333,0.02392638
7,4,5,1200_1205,55.66666667,19.18562874,267,89,0.023353293
7,4,5,1205_1210,58.33333333,9.805714286,143,47.66666667,0.022285714
7,4,5,1210_1215,56.33333333,16.89940828,238,79.33333333,0.023076923
7,4,5,1215_1220,56.33333333,19.59763314,276,92,0.023076923
7,4,5,1220_1225,56.33333333,19.4556213,274,91.33333333,0.023076923
7,4,5,1225_1230,54.66666667,20.19512195,276,92,0.023780488
7,4,5,1230_1235,56.33333333,17.46745562,246,82,0.023076923
7,4,5,1235_1240,54.33333333,19.21472393,261,87,0.02392638
7,4,5,1240_1245,54.66666667,21.87804878,299,99.66666667,0.023780488
7,4,5,1245_1250,60,19.06666667,286,95.33333333,0.021666667
7,4,5,1250_1255,62.33333333,16.55614973,258,86,0.020855615
7,4,5,1255_1300,63,14.22222222,224,74.66666667,0.020634921
7,4,5,1300_1305,62.66666667,12.19148936,191,63.66666667,0.020744681
7,4,5,1305_1310,63,11.61904762,183,61,0.020634921
7,4,5,1310_1315,62.66666667,13.59574468,213,71,0.020744681
7,4,5,1315_1320,61.66666667,14.27027027,220,73.33333333,0.021081081
7,4,5,1320_1325,61.66666667,14.78918919,228,76,0.021081081
7,4,5,1325_1330,62.33333333,15.14438503,236,78.66666667,0.020855615
7,4,5,1330_1335,62.33333333,15.72192513,245,81.66666667,0.020855615
7,4,5,1335_1340,63.66666667,14.45026178,230,76.66666667,0.020418848
7,4,5,1340_1345,61.66666667,15.5027027,239,79.66666667,0.021081081
7,4,5,1345_1350,64.33333333,14.79792746,238,79.33333333,0.020207254
7,4,5,1350_1355,63,16.63492063,262,87.33333333,0.020634921
7,4,5,1355_1400,63.66666667,16.08376963,256,85.33333333,0.020418848
7,4,5,1400_1405,63,17.3968254,274,91.33333333,0.020634921
7,4,5,1405_1410,61.33333333,19.36956522,297,99,0.021195652
7,4,5,1410_1415,56.33333333,20.16568047,284,94.66666667,0.023076923
7,4,5,1415_1420,58.66666667,20.79545455,305.0000001,101.6666667,0.022159091
7,4,5,1420_1425,61.33333333,19.95652174,306,102,0.021195652
7,4,5,1425_1430,52.33333333,15.97452229,209,69.66666667,0.024840764
7,4,5,1430_1435,26.66666667,25.35,169,56.33333333,0.04875
7,4,5,1435_1440,36.33333333,39.85321101,362.0000001,120.6666667,0.035779817
7,4,5,1440_1445,30.66666667,43.43478261,333,111,0.042391304
7,4,5,1445_1450,15.66666667,62.04255319,243,81,0.082978723
7,4,5,1450_1455,12.33333333,91.45945946,282,94,0.105405405
7,4,5,1455_1500,27,53.18518519,359.0000001,119.6666667,0.048148148
7,4,5,1500_1505,27.33333333,51.2195122,350.0000001,116.6666667,0.047560976
7,4,5,1505_1510,20,65.4,327,109,0.065
7,4,5,1510_1515,20,59.8,299,99.66666667,0.065
7,4,5,1515_1520,28.33333333,44.89411765,318,106,0.045882353
7,4,5,1520_1525,21,52.57142857,276,92,0.061904762
7,4,5,1525_1530,27.33333333,33.36585366,228,76,0.047560976
7,4,5,1530_1535,11.66666667,77.82857143,227,75.66666667,0.111428571
7,4,5,1535_1540,8.333333333,58.08,121,40.33333333,0.156
7,4,5,1540_1545,9.666666667,71.17241379,172,57.33333333,0.134482759
7,4,5,1545_1550,14.33333333,72,258,86,0.090697674
7,4,5,1550_1555,13.33333333,63,210,70,0.0975
7,4,5,1555_1600,8.333333333,81.6,170,56.66666667,0.156
7,4,5,1600_1605,13.66666667,67.90243902,232,77.33333333,0.095121951
7,4,5,1605_1610,8.666666667,79.84615385,173,57.66666667,0.15
7,4,5,1610_1615,8.333333333,93.12,194,64.66666667,0.156
7,4,5,1615_1620,11.33333333,79.05882353,224,74.66666667,0.114705882
7,4,5,1620_1625,6.666666667,60,99.99999999,33.33333333,0.195
7,4,5,1625_1630,3,149.3333333,112,37.33333333,0.433333333
7,4,5,1630_1635,6,108,162,54,0.216666667
7,4,5,1635_1640,7.333333333,99.27272727,182,60.66666667,0.177272727
7,4,5,1640_1645,6.333333333,117.4736842,186,62,0.205263158
7,4,5,1645_1650,7.666666667,103.826087,199,66.33333333,0.169565217
7,4,5,1650_1655,5.666666667,102.3529412,145,48.33333333,0.229411765
7,4,5,1655_1700,11,68.36363636,188,62.66666667,0.118181818
7,4,5,1700_1705,8,81.5,163,54.33333333,0.1625
7,4,5,1705_1710,8.666666667,58.15384615,126,42,0.15
7,4,5,1710_1715,8,54.5,109,36.33333333,0.1625
7,4,5,1715_1720,5.666666667,86.11764706,122,40.66666667,0.229411765
7,4,5,1720_1725,4.666666667,113.1428571,132,44,0.278571429
7,4,5,1725_1730,8.666666667,67.38461538,146,48.66666667,0.15
7,4,5,1730_1735,7,77.71428571,136,45.33333333,0.185714286
7,4,5,1735_1740,4.333333333,98.76923077,107,35.66666667,0.3
7,4,5,1740_1745,8.333333333,82.08,171,57,0.156
7,4,5,1745_1750,13.33333333,48.6,162,54,0.0975
7,4,5,1750_1755,8.666666667,95.07692308,206,68.66666667,0.15
7,4,5,1755_1800,5,72.8,90.99999999,30.33333333,0.26
7,4,5,1800_1805,5.333333333,99.75,133,44.33333333,0.24375
7,4,5,1805_1810,7.333333333,115.6363636,212,70.66666667,0.177272727
7,4,5,1810_1815,4.333333333,159.6923077,173,57.66666667,0.3
7,4,5,1815_1820,8.666666667,110.3076923,239,79.66666667,0.15
7,4,5,1820_1825,8.333333333,128.64,268,89.33333333,0.156
7,4,5,1825_1830,6.666666667,128.4,214,71.33333333,0.195
7,4,5,1830_1835,9.666666667,118.3448276,286,95.33333333,0.134482759
7,4,5,1835_1840,7.333333333,148.3636364,272,90.66666667,0.177272727
7,4,5,1840_1845,11.33333333,83.64705882,237,79,0.114705882
7,4,5,1845_1850,10.66666667,100.5,268,89.33333333,0.121875
7,4,5,1850_1855,15,79.46666667,298,99.33333333,0.086666667
7,4,5,1855_1900,39.66666667,32.77310924,324.9999999,108.3333333,0.032773109
7,4,5,1900_1905,48.66666667,22.76712329,277,92.33333333,0.026712329
7,4,5,1905_1910,58.66666667,19.77272727,290,96.66666667,0.022159091
7,4,5,1910_1915,59.66666667,16.22346369,242,80.66666667,0.021787709
7,4,5,1915_1920,60.33333333,16.77348066,253,84.33333333,0.021546961
7,4,5,1920_1925,63.33333333,16.86315789,267,89,0.020526316
7,4,5,1925_1930,61,15.93442623,243,81,0.021311475
7,4,5,1930_1935,62.66666667,16.21276596,254,84.66666667,0.020744681
7,4,5,1935_1940,61.66666667,14.78918919,228,76,0.021081081
7,4,5,1940_1945,61,15.73770492,240,80,0.021311475
7,4,5,1945_1950,61.66666667,14.72432432,227,75.66666667,0.021081081
7,4,5,1950_1955,61,13.63934426,208,69.33333333,0.021311475
7,4,5,1955_2000,60.33333333,12.59668508,190,63.33333333,0.021546961
7,4,5,2000_2005,60,13.73333333,206,68.66666667,0.021666667
7,4,5,2005_2010,63,13.33333333,210,70,0.020634921
7,4,5,2010_2015,62,12.90322581,200,66.66666667,0.020967742
7,4,5,2015_2020,60.33333333,14.98342541,226,75.33333333,0.021546961
7,4,5,2020_2025,62,14.64516129,227,75.66666667,0.020967742
7,4,5,2025_2030,62.33333333,12.8342246,200,66.66666667,0.020855615
7,4,5,2030_2035,64,12.3125,197,65.66666667,0.0203125
7,4,5,2035_2040,61.66666667,12.84324324,198,66,0.021081081
7,4,5,2040_2045,61,11.93442623,182,60.66666667,0.021311475
7,4,5,2045_2050,62,12.58064516,195,65,0.020967742
7,4,5,2050_2055,63,13.58730159,214,71.33333333,0.020634921
7,4,5,2055_2100,61.33333333,12.32608696,189,63,0.021195652
7,4,5,2100_2105,61,11.47540984,175,58.33333333,0.021311475
7,4,5,2105_2110,62.33333333,12.25668449,191,63.66666667,0.020855615
7,4,5,2110_2115,62,13.35483871,207,69,0.020967742
7,4,5,2115_2120,59.33333333,13.48314607,200,66.66666667,0.021910112
7,4,5,2120_2125,59.33333333,13.41573034,199,66.33333333,0.021910112
7,4,5,2125_2130,60.66666667,13.78021978,209,69.66666667,0.021428571
7,4,5,2130_2135,60,12.06666667,181,60.33333333,0.021666667
7,4,5,2135_2140,58.66666667,11.18181818,164,54.66666667,0.022159091
7,4,5,2140_2145,57.66666667,12.34682081,178,59.33333333,0.022543353
7,4,5,2145_2150,58,11.5862069,168,56,0.022413793
7,4,5,2150_2155,57.33333333,11.86046512,170,56.66666667,0.022674419
7,4,5,2155_2200,58.66666667,11.04545455,162,54,0.022159091
7,4,5,2200_2205,59,11.25423729,166,55.33333333,0.022033898
7,4,5,2205_2210,60.33333333,10.93922652,165,55,0.021546961
7,4,5,2210_2215,57,12.63157895,180,60,0.022807018
7,4,5,2215_2220,53,13.50943396,179,59.66666667,0.024528302
7,4,5,2220_2225,57,11.36842105,162,54,0.022807018
7,4,5,2225_2230,57,10.59649123,151,50.33333333,0.022807018
7,4,5,2230_2235,59,11.25423729,166,55.33333333,0.022033898
7,4,5,2235_2240,59.66666667,9.117318436,136,45.33333333,0.021787709
7,4,5,2240_2245,58.33333333,9.737142857,142,47.33333333,0.022285714
7,4,5,2245_2250,56.33333333,10.15384615,143,47.66666667,0.023076923
7,4,5,2250_2255,59,8.881355932,131,43.66666667,0.022033898
7,4,5,2255_2300,57.33333333,9.627906977,138,46,0.022674419
7,4,5,2300_2305,59.33333333,8.359550562,124,41.33333333,0.021910112
7,4,5,2305_2310,59,8.203389831,121,40.33333333,0.022033898
7,4,5,2310_2315,55.66666667,10.05988024,140,46.66666667,0.023353293
7,4,5,2315_2320,57,8.912280702,127,42.33333333,0.022807018
7,4,5,2320_2325,55.66666667,9.19760479,128,42.66666667,0.023353293
7,4,5,2325_2330,56.33333333,9.656804734,136,45.33333333,0.023076923
7,4,5,2330_2335,56.33333333,7.24260355,102,34,0.023076923
7,4,5,2335_2340,57.66666667,7.213872832,104,34.66666667,0.022543353
7,4,5,2340_2345,56.66666667,7.623529412,108,36,0.022941176
7,4,5,2345_2350,57,6.877192982,98.00000001,32.66666667,0.022807018
7,4,5,2350_2355,55.66666667,6.898203593,96,32,0.023353293
7,4,5,2355_2400,58,6.482758621,93.99999999,31.33333333,0.022413793
