agent_id,o_zone_id,d_zone_id,path_id,o_node_id,d_node_id,agent_type,demand_period,volume,toll,travel_time,distance,node_sequence,link_sequence,time_sequence,time_decimal_sequence,link_travel_time_sequence,
1,1,2,0,1,2,p,AM,100.00,0.0,6.0004,6.0000,1;2;,1;,0730:00;0736:00;,450.00;456.00;,6.00;
2,1,3,0,1,3,p,AM,100.00,0.0,4.0026,4.0000,1;3;,2;,0730:00;0734:00;,450.00;454.00;,4.00;
3,1,4,0,1,4,p,AM,500.00,0.0,8.0784,8.0000,1;3;4;,2;6;,0730:00;0734:00;0738:04;,450.00;454.00;458.08;,4.00;4.08;
4,1,5,0,1,5,p,AM,200.00,0.0,10.1840,10.0000,1;3;4;5;,2;6;9;,0730:00;0734:00;0738:04;0740:11;,450.00;454.00;458.08;460.18;,4.00;4.08;2.11;
5,1,6,0,1,6,p,AM,300.00,0.0,13.3552,11.0000,1;2;6;,1;4;,0730:00;0736:00;0743:21;,450.00;456.00;463.36;,6.00;7.35;
6,1,7,0,1,7,p,AM,500.00,0.0,60.3452,16.0000,1;2;6;8;7;,1;4;16;20;,0730:00;0736:00;0743:21;0826:51;0830:20;,450.00;456.00;463.36;506.86;510.35;,6.00;7.35;43.50;3.49;
7,1,8,0,1,8,p,AM,800.00,0.0,56.8577,13.0000,1;2;6;8;,1;4;16;,0730:00;0736:00;0743:21;0826:51;,450.00;456.00;463.36;506.86;,6.00;7.35;43.50;
8,1,9,0,1,9,p,AM,500.00,0.0,15.3641,15.0000,1;3;4;5;9;,2;6;9;13;,0730:00;0734:00;0738:04;0740:11;0745:21;,450.00;454.00;458.08;460.18;465.36;,4.00;4.08;2.11;5.18;
9,1,10,0,1,10,p,AM,1300.00,0.0,19.3664,18.0000,1;3;4;5;9;10;,2;6;9;13;25;,0730:00;0734:00;0738:04;0740:11;0745:21;0749:21;,450.00;454.00;458.08;460.18;465.36;469.37;,4.00;4.08;2.11;5.18;4.00;
10,1,11,0,1,11,p,AM,500.00,0.0,17.2018,14.0000,1;3;4;11;,2;6;10;,0730:00;0734:00;0738:04;0747:12;,450.00;454.00;458.08;467.20;,4.00;4.08;9.12;
11,1,12,0,1,12,p,AM,200.00,0.0,8.0069,8.0000,1;3;12;,2;7;,0730:00;0734:00;0738:00;,450.00;454.00;458.01;,4.00;4.00;
12,1,13,0,1,13,p,AM,500.00,0.0,11.0276,11.0000,1;3;12;13;,2;7;37;,0730:00;0734:00;0738:00;0741:01;,450.00;454.00;458.01;461.03;,4.00;4.00;3.02;
13,1,14,0,1,14,p,AM,300.00,0.0,120.7120,18.0000,1;3;4;11;14;,2;6;10;34;,0730:00;0734:00;0738:04;0747:12;0930:42;,450.00;454.00;458.08;467.20;570.71;,4.00;4.08;9.12;103.51;
14,1,15,0,1,15,p,AM,500.00,0.0,144.0372,23.0000,1;3;4;11;14;15;,2;6;10;34;41;,0730:00;0734:00;0738:04;0747:12;0930:42;0954:02;,450.00;454.00;458.08;467.20;570.71;594.04;,4.00;4.08;9.12;103.51;23.33;
15,1,16,0,1,16,p,AM,500.00,0.0,128.6399,18.0000,1;2;6;8;16;,1;4;16;22;,0730:00;0736:00;0743:21;0826:51;0938:38;,450.00;456.00;463.36;506.86;578.64;,6.00;7.35;43.50;71.78;
16,1,17,0,1,17,p,AM,400.00,0.0,334.4329,20.0000,1;2;6;8;16;17;,1;4;16;22;49;,0730:00;0736:00;0743:21;0826:51;0938:38;1304:25;,450.00;456.00;463.36;506.86;578.64;784.43;,6.00;7.35;43.50;71.78;205.79;
17,1,18,0,1,18,p,AM,100.00,0.0,62.3746,18.0000,1;2;6;8;7;18;,1;4;16;20;18;,0730:00;0736:00;0743:21;0826:51;0830:20;0832:22;,450.00;456.00;463.36;506.86;510.35;512.37;,6.00;7.35;43.50;3.49;2.03;
18,1,19,0,1,19,p,AM,300.00,0.0,463.8672,22.0000,1;2;6;8;16;17;19;,1;4;16;22;49;53;,0730:00;0736:00;0743:21;0826:51;0938:38;1304:25;1513:52;,450.00;456.00;463.36;506.86;578.64;784.43;913.87;,6.00;7.35;43.50;71.78;205.79;129.43;
19,1,20,0,1,20,p,AM,300.00,0.0,66.4096,22.0000,1;2;6;8;7;18;20;,1;4;16;20;18;56;,0730:00;0736:00;0743:21;0826:51;0830:20;0832:22;0836:24;,450.00;456.00;463.36;506.86;510.35;512.37;516.41;,6.00;7.35;43.50;3.49;2.03;4.03;
20,1,21,0,1,21,p,AM,100.00,0.0,50.7282,18.0000,1;3;12;13;24;21;,2;7;37;39;75;,0730:00;0734:00;0738:00;0741:01;0757:10;0820:43;,450.00;454.00;458.01;461.03;477.18;500.73;,4.00;4.00;3.02;16.15;23.55;
21,1,22,0,1,22,p,AM,400.00,0.0,64.1812,20.0000,1;3;12;13;24;21;22;,2;7;37;39;75;65;,0730:00;0734:00;0738:00;0741:01;0757:10;0820:43;0834:10;,450.00;454.00;458.01;461.03;477.18;500.73;514.18;,4.00;4.00;3.02;16.15;23.55;13.45;
22,1,23,0,1,23,p,AM,300.00,0.0,29.6528,17.0000,1;3;12;13;24;23;,2;7;37;39;76;,0730:00;0734:00;0738:00;0741:01;0757:10;0759:39;,450.00;454.00;458.01;461.03;477.18;479.65;,4.00;4.00;3.02;16.15;2.48;
23,1,24,0,1,24,p,AM,100.00,0.0,27.1768,15.0000,1;3;12;13;24;,2;7;37;39;,0730:00;0734:00;0738:00;0741:01;0757:10;,450.00;454.00;458.01;461.03;477.18;,4.00;4.00;3.02;16.15;
24,2,1,0,2,1,p,AM,100.00,0.0,6.0004,6.0000,2;1;,3;,0730:00;0736:00;,450.00;456.00;,6.00;
25,2,3,0,2,3,p,AM,100.00,0.0,10.0030,10.0000,2;1;3;,3;2;,0730:00;0736:00;0740:00;,450.00;456.00;460.00;,6.00;4.00;
26,2,4,0,2,4,p,AM,200.00,0.0,24.2956,11.0000,2;6;5;4;,4;15;11;,0730:00;0737:21;0752:11;0754:17;,450.00;457.35;472.19;474.30;,7.35;14.84;2.11;
27,2,5,0,2,5,p,AM,100.00,0.0,22.1899,9.0000,2;6;5;,4;15;,0730:00;0737:21;0752:11;,450.00;457.35;472.19;,7.35;14.84;
28,2,6,0,2,6,p,AM,400.00,0.0,7.3548,5.0000,2;6;,4;,0730:00;0737:21;,450.00;457.35;,7.35;
29,2,7,0,2,7,p,AM,200.00,0.0,54.3448,10.0000,2;6;8;7;,4;16;20;,0730:00;0737:21;0820:51;0824:20;,450.00;457.35;500.86;504.34;,7.35;43.50;3.49;
30,2,8,0,2,8,p,AM,400.00,0.0,50.8573,7.0000,2;6;8;,4;16;,0730:00;0737:21;0820:51;,450.00;457.35;500.86;,7.35;43.50;
31,2,9,0,2,9,p,AM,200.00,0.0,27.3700,14.0000,2;6;5;9;,4;15;13;,0730:00;0737:21;0752:11;0757:22;,450.00;457.35;472.19;477.37;,7.35;14.84;5.18;
32,2,10,0,2,10,p,AM,600.00,0.0,880.0214,16.0000,2;6;8;16;10;,4;16;22;48;,0730:00;0737:21;0820:51;0932:38;2210:01;,450.00;457.35;500.86;572.64;1330.02;,7.35;43.50;71.78;757.38;
33,2,11,0,2,11,p,AM,200.00,0.0,33.4190,17.0000,2;6;5;4;11;,4;15;11;10;,0730:00;0737:21;0752:11;0754:17;0803:25;,450.00;457.35;472.19;474.30;483.42;,7.35;14.84;2.11;9.12;
34,2,12,0,2,12,p,AM,100.00,0.0,14.0073,14.0000,2;1;3;12;,3;2;7;,0730:00;0736:00;0740:00;0744:00;,450.00;456.00;460.00;464.01;,6.00;4.00;4.00;
35,2,13,0,2,13,p,AM,300.00,0.0,17.0280,17.0000,2;1;3;12;13;,3;2;7;37;,0730:00;0736:00;0740:00;0744:00;0747:01;,450.00;456.00;460.00;464.01;467.03;,6.00;4.00;4.00;3.02;
36,2,14,0,2,14,p,AM,100.00,0.0,136.9292,21.0000,2;6;5;4;11;14;,4;15;11;10;34;,0730:00;0737:21;0752:11;0754:17;0803:25;0946:55;,450.00;457.35;472.19;474.30;483.42;586.93;,7.35;14.84;2.11;9.12;103.51;
37,2,15,0,2,15,p,AM,100.00,0.0,462.0130,19.0000,2;6;8;16;17;19;15;,4;16;22;49;53;57;,0730:00;0737:21;0820:51;0932:38;1258:25;1507:52;1512:00;,450.00;457.35;500.86;572.64;778.43;907.87;912.01;,7.35;43.50;71.78;205.79;129.43;4.15;
38,2,16,0,2,16,p,AM,400.00,0.0,122.6394,12.0000,2;6;8;16;,4;16;22;,0730:00;0737:21;0820:51;0932:38;,450.00;457.35;500.86;572.64;,7.35;43.50;71.78;
39,2,17,0,2,17,p,AM,200.00,0.0,328.4325,14.0000,2;6;8;16;17;,4;16;22;49;,0730:00;0737:21;0820:51;0932:38;1258:25;,450.00;457.35;500.86;572.64;778.43;,7.35;43.50;71.78;205.79;
40,2,19,0,2,19,p,AM,100.00,0.0,457.8668,16.0000,2;6;8;16;17;19;,4;16;22;49;53;,0730:00;0737:21;0820:51;0932:38;1258:25;1507:52;,450.00;457.35;500.86;572.64;778.43;907.87;,7.35;43.50;71.78;205.79;129.43;
41,2,20,0,2,20,p,AM,100.00,0.0,60.4092,16.0000,2;6;8;7;18;20;,4;16;20;18;56;,0730:00;0737:21;0820:51;0824:20;0826:22;0830:24;,450.00;457.35;500.86;504.34;506.37;510.41;,7.35;43.50;3.49;2.03;4.03;
42,2,22,0,2,22,p,AM,100.00,0.0,66.3008,21.0000,2;6;8;7;18;20;22;,4;16;20;18;56;63;,0730:00;0737:21;0820:51;0824:20;0826:22;0830:24;0836:18;,450.00;457.35;500.86;504.34;506.37;510.41;516.30;,7.35;43.50;3.49;2.03;4.03;5.89;
43,3,1,0,3,1,p,AM,100.00,0.0,4.0026,4.0000,3;1;,5;,0730:00;0734:00;,450.00;454.00;,4.00;
44,3,2,0,3,2,p,AM,100.00,0.0,10.0030,10.0000,3;1;2;,5;1;,0730:00;0734:00;0740:00;,450.00;454.00;460.00;,4.00;6.00;
45,3,4,0,3,4,p,AM,200.00,0.0,4.0758,4.0000,3;4;,6;,0730:00;0734:04;,450.00;454.08;,4.08;
46,3,5,0,3,5,p,AM,100.00,0.0,6.1815,6.0000,3;4;5;,6;9;,0730:00;0734:04;0736:10;,450.00;454.08;456.18;,4.08;2.11;
47,3,6,0,3,6,p,AM,300.00,0.0,21.0166,10.0000,3;4;5;6;,6;9;12;,0730:00;0734:04;0736:10;0751:00;,450.00;454.08;456.18;471.02;,4.08;2.11;14.84;
48,3,7,0,3,7,p,AM,100.00,0.0,68.0066,15.0000,3;4;5;6;8;7;,6;9;12;16;20;,0730:00;0734:04;0736:10;0751:00;0834:31;0838:00;,450.00;454.08;456.18;471.02;514.52;518.01;,4.08;2.11;14.84;43.50;3.49;
49,3,8,0,3,8,p,AM,200.00,0.0,64.5192,12.0000,3;4;5;6;8;,6;9;12;16;,0730:00;0734:04;0736:10;0751:00;0834:31;,450.00;454.08;456.18;471.02;514.52;,4.08;2.11;14.84;43.50;
50,3,9,0,3,9,p,AM,100.00,0.0,11.3615,11.0000,3;4;5;9;,6;9;13;,0730:00;0734:04;0736:10;0741:21;,450.00;454.08;456.18;461.36;,4.08;2.11;5.18;
51,3,10,0,3,10,p,AM,300.00,0.0,15.3638,14.0000,3;4;5;9;10;,6;9;13;25;,0730:00;0734:04;0736:10;0741:21;0745:21;,450.00;454.08;456.18;461.36;465.36;,4.08;2.11;5.18;4.00;
52,3,11,0,3,11,p,AM,300.00,0.0,13.1992,10.0000,3;4;11;,6;10;,0730:00;0734:04;0743:11;,450.00;454.08;463.20;,4.08;9.12;
53,3,12,0,3,12,p,AM,200.00,0.0,4.0043,4.0000,3;12;,7;,0730:00;0734:00;,450.00;454.00;,4.00;
54,3,13,0,3,13,p,AM,100.00,0.0,7.0250,7.0000,3;12;13;,7;37;,0730:00;0734:00;0737:01;,450.00;454.00;457.02;,4.00;3.02;
55,3,14,0,3,14,p,AM,100.00,0.0,116.7094,14.0000,3;4;11;14;,6;10;34;,0730:00;0734:04;0743:11;0926:42;,450.00;454.08;463.20;566.71;,4.08;9.12;103.51;
56,3,15,0,3,15,p,AM,100.00,0.0,140.0346,19.0000,3;4;11;14;15;,6;10;34;41;,0730:00;0734:04;0743:11;0926:42;0950:02;,450.00;454.08;463.20;566.71;590.03;,4.08;9.12;103.51;23.33;
57,3,16,0,3,16,p,AM,200.00,0.0,136.3013,17.0000,3;4;5;6;8;16;,6;9;12;16;22;,0730:00;0734:04;0736:10;0751:00;0834:31;0946:18;,450.00;454.08;456.18;471.02;514.52;586.30;,4.08;2.11;14.84;43.50;71.78;
58,3,17,0,3,17,p,AM,100.00,0.0,342.0944,19.0000,3;4;5;6;8;16;17;,6;9;12;16;22;49;,0730:00;0734:04;0736:10;0751:00;0834:31;0946:18;1312:05;,450.00;454.08;456.18;471.02;514.52;586.30;792.09;,4.08;2.11;14.84;43.50;71.78;205.79;
59,3,22,0,3,22,p,AM,100.00,0.0,60.1786,16.0000,3;12;13;24;21;22;,7;37;39;75;65;,0730:00;0734:00;0737:01;0753:10;0816:43;0830:10;,450.00;454.00;457.02;473.17;496.73;510.18;,4.00;3.02;16.15;23.55;13.45;
60,3,23,0,3,23,p,AM,100.00,0.0,25.6503,13.0000,3;12;13;24;23;,7;37;39;76;,0730:00;0734:00;0737:01;0753:10;0755:39;,450.00;454.00;457.02;473.17;475.65;,4.00;3.02;16.15;2.48;
61,4,1,0,4,1,p,AM,500.00,0.0,8.0784,8.0000,4;3;1;,8;5;,0730:00;0734:04;0738:04;,450.00;454.08;458.08;,4.08;4.00;
62,4,2,0,4,2,p,AM,200.00,0.0,24.2956,11.0000,4;5;6;2;,9;12;14;,0730:00;0732:06;0746:56;0754:17;,450.00;452.11;466.94;474.30;,2.11;14.84;7.35;
63,4,3,0,4,3,p,AM,200.00,0.0,4.0758,4.0000,4;3;,8;,0730:00;0734:04;,450.00;454.08;,4.08;
64,4,5,0,4,5,p,AM,500.00,0.0,2.1057,2.0000,4;5;,9;,0730:00;0732:06;,450.00;452.11;,2.11;
65,4,6,0,4,6,p,AM,400.00,0.0,16.9408,6.0000,4;5;6;,9;12;,0730:00;0732:06;0746:56;,450.00;452.11;466.94;,2.11;14.84;
66,4,7,0,4,7,p,AM,400.00,0.0,63.9308,11.0000,4;5;6;8;7;,9;12;16;20;,0730:00;0732:06;0746:56;0830:26;0833:55;,450.00;452.11;466.94;510.44;513.93;,2.11;14.84;43.50;3.49;
67,4,8,0,4,8,p,AM,700.00,0.0,60.4434,8.0000,4;5;6;8;,9;12;16;,0730:00;0732:06;0746:56;0830:26;,450.00;452.11;466.94;510.44;,2.11;14.84;43.50;
68,4,9,0,4,9,p,AM,700.00,0.0,7.2858,7.0000,4;5;9;,9;13;,0730:00;0732:06;0737:17;,450.00;452.11;457.29;,2.11;5.18;
69,4,10,0,4,10,p,AM,1200.00,0.0,11.2880,10.0000,4;5;9;10;,9;13;25;,0730:00;0732:06;0737:17;0741:17;,450.00;452.11;457.29;461.29;,2.11;5.18;4.00;
70,4,11,0,4,11,p,AM,1400.00,0.0,9.1234,6.0000,4;11;,10;,0730:00;0739:07;,450.00;459.12;,9.12;
71,4,12,0,4,12,p,AM,600.00,0.0,8.0800,8.0000,4;3;12;,8;7;,0730:00;0734:04;0738:04;,450.00;454.08;458.08;,4.08;4.00;
72,4,13,0,4,13,p,AM,600.00,0.0,11.1008,11.0000,4;3;12;13;,8;7;37;,0730:00;0734:04;0738:04;0741:06;,450.00;454.08;458.08;461.10;,4.08;4.00;3.02;
73,4,14,0,4,14,p,AM,500.00,0.0,112.6336,10.0000,4;11;14;,10;34;,0730:00;0739:07;0922:38;,450.00;459.12;562.63;,9.12;103.51;
74,4,15,0,4,15,p,AM,500.00,0.0,135.9588,15.0000,4;11;14;15;,10;34;41;,0730:00;0739:07;0922:38;0945:57;,450.00;459.12;562.63;585.96;,9.12;103.51;23.33;
75,4,16,0,4,16,p,AM,800.00,0.0,132.2255,13.0000,4;5;6;8;16;,9;12;16;22;,0730:00;0732:06;0746:56;0830:26;0942:13;,450.00;452.11;466.94;510.44;582.23;,2.11;14.84;43.50;71.78;
76,4,17,0,4,17,p,AM,500.00,0.0,338.0186,15.0000,4;5;6;8;16;17;,9;12;16;22;49;,0730:00;0732:06;0746:56;0830:26;0942:13;1308:01;,450.00;452.11;466.94;510.44;582.23;788.02;,2.11;14.84;43.50;71.78;205.79;
77,4,18,0,4,18,p,AM,100.00,0.0,65.9603,13.0000,4;5;6;8;7;18;,9;12;16;20;18;,0730:00;0732:06;0746:56;0830:26;0833:55;0835:57;,450.00;452.11;466.94;510.44;513.93;515.96;,2.11;14.84;43.50;3.49;2.03;
78,4,19,0,4,19,p,AM,200.00,0.0,467.4528,17.0000,4;5;6;8;16;17;19;,9;12;16;22;49;53;,0730:00;0732:06;0746:56;0830:26;0942:13;1308:01;1517:27;,450.00;452.11;466.94;510.44;582.23;788.02;917.45;,2.11;14.84;43.50;71.78;205.79;129.43;
79,4,20,0,4,20,p,AM,300.00,0.0,69.9952,17.0000,4;5;6;8;7;18;20;,9;12;16;20;18;56;,0730:00;0732:06;0746:56;0830:26;0833:55;0835:57;0839:59;,450.00;452.11;466.94;510.44;513.93;515.96;520.00;,2.11;14.84;43.50;3.49;2.03;4.03;
80,4,21,0,4,21,p,AM,200.00,0.0,50.8014,18.0000,4;3;12;13;24;21;,8;7;37;39;75;,0730:00;0734:04;0738:04;0741:06;0757:14;0820:48;,450.00;454.08;458.08;461.10;477.25;500.80;,4.08;4.00;3.02;16.15;23.55;
81,4,22,0,4,22,p,AM,400.00,0.0,153.5342,18.0000,4;11;14;15;22;,10;34;41;46;,0730:00;0739:07;0922:38;0945:57;1003:32;,450.00;459.12;562.63;585.96;603.53;,9.12;103.51;23.33;17.58;
82,4,23,0,4,23,p,AM,500.00,0.0,120.4092,14.0000,4;11;14;23;,10;34;42;,0730:00;0739:07;0922:38;0930:24;,450.00;459.12;562.63;570.41;,9.12;103.51;7.78;
83,4,24,0,4,24,p,AM,200.00,0.0,27.2499,15.0000,4;3;12;13;24;,8;7;37;39;,0730:00;0734:04;0738:04;0741:06;0757:14;,450.00;454.08;458.08;461.10;477.25;,4.08;4.00;3.02;16.15;
84,5,1,0,5,1,p,AM,200.00,0.0,10.1840,10.0000,5;4;3;1;,11;8;5;,0730:00;0732:06;0736:10;0740:11;,450.00;452.11;456.18;460.18;,2.11;4.08;4.00;
85,5,2,0,5,2,p,AM,100.00,0.0,22.1899,9.0000,5;6;2;,12;14;,0730:00;0744:50;0752:11;,450.00;464.84;472.19;,14.84;7.35;
86,5,3,0,5,3,p,AM,100.00,0.0,6.1815,6.0000,5;4;3;,11;8;,0730:00;0732:06;0736:10;,450.00;452.11;456.18;,2.11;4.08;
87,5,4,0,5,4,p,AM,500.00,0.0,2.1057,2.0000,5;4;,11;,0730:00;0732:06;,450.00;452.11;,2.11;
88,5,6,0,5,6,p,AM,200.00,0.0,14.8351,4.0000,5;6;,12;,0730:00;0744:50;,450.00;464.84;,14.84;
89,5,7,0,5,7,p,AM,200.00,0.0,61.8251,9.0000,5;6;8;7;,12;16;20;,0730:00;0744:50;0828:20;0831:49;,450.00;464.84;508.34;511.83;,14.84;43.50;3.49;
90,5,8,0,5,8,p,AM,500.00,0.0,58.3377,6.0000,5;6;8;,12;16;,0730:00;0744:50;0828:20;,450.00;464.84;508.34;,14.84;43.50;
91,5,9,0,5,9,p,AM,800.00,0.0,5.1801,5.0000,5;9;,13;,0730:00;0735:10;,450.00;455.18;,5.18;
92,5,10,0,5,10,p,AM,1000.00,0.0,9.1823,8.0000,5;9;10;,13;25;,0730:00;0735:10;0739:10;,450.00;455.18;459.18;,5.18;4.00;
93,5,11,0,5,11,p,AM,500.00,0.0,11.2291,8.0000,5;4;11;,11;10;,0730:00;0732:06;0741:13;,450.00;452.11;461.23;,2.11;9.12;
94,5,12,0,5,12,p,AM,200.00,0.0,10.1857,10.0000,5;4;3;12;,11;8;7;,0730:00;0732:06;0736:10;0740:11;,450.00;452.11;456.18;460.19;,2.11;4.08;4.00;
95,5,13,0,5,13,p,AM,200.00,0.0,13.2065,13.0000,5;4;3;12;13;,11;8;7;37;,0730:00;0732:06;0736:10;0740:11;0743:12;,450.00;452.11;456.18;460.19;463.21;,2.11;4.08;4.00;3.02;
96,5,14,0,5,14,p,AM,100.00,0.0,114.7393,12.0000,5;4;11;14;,11;10;34;,0730:00;0732:06;0741:13;0924:44;,450.00;452.11;461.23;564.74;,2.11;9.12;103.51;
97,5,15,0,5,15,p,AM,200.00,0.0,15.6072,14.0000,5;9;10;15;,13;25;28;,0730:00;0735:10;0739:10;0745:36;,450.00;455.18;459.18;465.61;,5.18;4.00;6.42;
98,5,16,0,5,16,p,AM,500.00,0.0,130.1198,11.0000,5;6;8;16;,12;16;22;,0730:00;0744:50;0828:20;0940:07;,450.00;464.84;508.34;580.12;,14.84;43.50;71.78;
99,5,17,0,5,17,p,AM,200.00,0.0,335.9129,13.0000,5;6;8;16;17;,12;16;22;49;,0730:00;0744:50;0828:20;0940:07;1305:54;,450.00;464.84;508.34;580.12;785.91;,14.84;43.50;71.78;205.79;
100,5,19,0,5,19,p,AM,100.00,0.0,465.3472,15.0000,5;6;8;16;17;19;,12;16;22;49;53;,0730:00;0744:50;0828:20;0940:07;1305:54;1515:20;,450.00;464.84;508.34;580.12;785.91;915.35;,14.84;43.50;71.78;205.79;129.43;
101,5,20,0,5,20,p,AM,100.00,0.0,67.8896,15.0000,5;6;8;7;18;20;,12;16;20;18;56;,0730:00;0744:50;0828:20;0831:49;0833:51;0837:53;,450.00;464.84;508.34;511.83;513.85;517.89;,14.84;43.50;3.49;2.03;4.03;
102,5,21,0,5,21,p,AM,100.00,0.0,46.6354,19.0000,5;9;10;15;22;21;,13;25;28;46;69;,0730:00;0735:10;0739:10;0745:36;0803:10;0816:38;,450.00;455.18;459.18;465.61;483.18;496.64;,5.18;4.00;6.42;17.58;13.45;
103,5,22,0,5,22,p,AM,200.00,0.0,33.1825,17.0000,5;9;10;15;22;,13;25;28;46;,0730:00;0735:10;0739:10;0745:36;0803:10;,450.00;455.18;459.18;465.61;483.18;,5.18;4.00;6.42;17.58;
104,5,23,0,5,23,p,AM,100.00,0.0,122.5148,16.0000,5;4;11;14;23;,11;10;34;42;,0730:00;0732:06;0741:13;0924:44;0932:30;,450.00;452.11;461.23;564.74;572.51;,2.11;9.12;103.51;7.78;
105,6,1,0,6,1,p,AM,300.00,0.0,13.3552,11.0000,6;2;1;,14;3;,0730:00;0737:21;0743:21;,450.00;457.35;463.36;,7.35;6.00;
106,6,2,0,6,2,p,AM,400.00,0.0,7.3548,5.0000,6;2;,14;,0730:00;0737:21;,450.00;457.35;,7.35;
107,6,3,0,6,3,p,AM,300.00,0.0,21.0166,10.0000,6;5;4;3;,15;11;8;,0730:00;0744:50;0746:56;0751:00;,450.00;464.84;466.94;471.02;,14.84;2.11;4.08;
108,6,4,0,6,4,p,AM,400.00,0.0,16.9408,6.0000,6;5;4;,15;11;,0730:00;0744:50;0746:56;,450.00;464.84;466.94;,14.84;2.11;
109,6,5,0,6,5,p,AM,200.00,0.0,14.8351,4.0000,6;5;,15;,0730:00;0744:50;,450.00;464.84;,14.84;
110,6,7,0,6,7,p,AM,400.00,0.0,46.9900,5.0000,6;8;7;,16;20;,0730:00;0813:30;0816:59;,450.00;493.50;496.99;,43.50;3.49;
111,6,8,0,6,8,p,AM,800.00,0.0,43.5026,2.0000,6;8;,16;,0730:00;0813:30;,450.00;493.50;,43.50;
112,6,9,0,6,9,p,AM,400.00,0.0,20.0152,9.0000,6;5;9;,15;13;,0730:00;0744:50;0750:00;,450.00;464.84;470.02;,14.84;5.18;
113,6,10,0,6,10,p,AM,800.00,0.0,872.6666,11.0000,6;8;16;10;,16;22;48;,0730:00;0813:30;0925:17;2202:39;,450.00;493.50;565.28;1322.67;,43.50;71.78;757.38;
114,6,11,0,6,11,p,AM,400.00,0.0,26.0643,12.0000,6;5;4;11;,15;11;10;,0730:00;0744:50;0746:56;0756:03;,450.00;464.84;466.94;476.06;,14.84;2.11;9.12;
115,6,12,0,6,12,p,AM,200.00,0.0,25.0209,14.0000,6;5;4;3;12;,15;11;8;7;,0730:00;0744:50;0746:56;0751:00;0755:01;,450.00;464.84;466.94;471.02;475.02;,14.84;2.11;4.08;4.00;
116,6,13,0,6,13,p,AM,200.00,0.0,28.0416,17.0000,6;5;4;3;12;13;,15;11;8;7;37;,0730:00;0744:50;0746:56;0751:00;0755:01;0758:02;,450.00;464.84;466.94;471.02;475.02;478.04;,14.84;2.11;4.08;4.00;3.02;
117,6,14,0,6,14,p,AM,100.00,0.0,129.5744,16.0000,6;5;4;11;14;,15;11;10;34;,0730:00;0744:50;0746:56;0756:03;0939:34;,450.00;464.84;466.94;476.06;579.57;,14.84;2.11;9.12;103.51;
118,6,15,0,6,15,p,AM,200.00,0.0,454.6583,14.0000,6;8;16;17;19;15;,16;22;49;53;57;,0730:00;0813:30;0925:17;1251:04;1500:30;1504:39;,450.00;493.50;565.28;771.08;900.51;904.66;,43.50;71.78;205.79;129.43;4.15;
119,6,16,0,6,16,p,AM,900.00,0.0,115.2847,7.0000,6;8;16;,16;22;,0730:00;0813:30;0925:17;,450.00;493.50;565.28;,43.50;71.78;
120,6,17,0,6,17,p,AM,500.00,0.0,321.0778,9.0000,6;8;16;17;,16;22;49;,0730:00;0813:30;0925:17;1251:04;,450.00;493.50;565.28;771.08;,43.50;71.78;205.79;
121,6,18,0,6,18,p,AM,100.00,0.0,49.0194,7.0000,6;8;7;18;,16;20;18;,0730:00;0813:30;0816:59;0819:01;,450.00;493.50;496.99;499.02;,43.50;3.49;2.03;
122,6,19,0,6,19,p,AM,200.00,0.0,450.5120,11.0000,6;8;16;17;19;,16;22;49;53;,0730:00;0813:30;0925:17;1251:04;1500:30;,450.00;493.50;565.28;771.08;900.51;,43.50;71.78;205.79;129.43;
123,6,20,0,6,20,p,AM,300.00,0.0,53.0544,11.0000,6;8;7;18;20;,16;20;18;56;,0730:00;0813:30;0816:59;0819:01;0823:03;,450.00;493.50;496.99;499.02;503.05;,43.50;3.49;2.03;4.03;
124,6,21,0,6,21,p,AM,100.00,0.0,59.5690,17.0000,6;8;7;18;20;21;,16;20;18;56;62;,0730:00;0813:30;0816:59;0819:01;0823:03;0829:34;,450.00;493.50;496.99;499.02;503.05;509.57;,43.50;3.49;2.03;4.03;6.51;
125,6,22,0,6,22,p,AM,200.00,0.0,58.9460,16.0000,6;8;7;18;20;22;,16;20;18;56;63;,0730:00;0813:30;0816:59;0819:01;0823:03;0828:56;,450.00;493.50;496.99;499.02;503.05;508.95;,43.50;3.49;2.03;4.03;5.89;
126,6,23,0,6,23,p,AM,100.00,0.0,137.3500,20.0000,6;5;4;11;14;23;,15;11;10;34;42;,0730:00;0744:50;0746:56;0756:03;0939:34;0947:20;,450.00;464.84;466.94;476.06;579.57;587.35;,14.84;2.11;9.12;103.51;7.78;
127,6,24,0,6,24,p,AM,100.00,0.0,83.7754,20.0000,6;8;7;18;20;21;24;,16;20;18;56;62;66;,0730:00;0813:30;0816:59;0819:01;0823:03;0829:34;0853:46;,450.00;493.50;496.99;499.02;503.05;509.57;533.78;,43.50;3.49;2.03;4.03;6.51;24.21;
128,7,1,0,7,1,p,AM,500.00,0.0,60.3452,16.0000,7;8;6;2;1;,17;19;14;3;,0730:00;0733:29;0816:59;0824:20;0830:20;,450.00;453.49;496.99;504.34;510.35;,3.49;43.50;7.35;6.00;
129,7,2,0,7,2,p,AM,200.00,0.0,54.3448,10.0000,7;8;6;2;,17;19;14;,0730:00;0733:29;0816:59;0824:20;,450.00;453.49;496.99;504.34;,3.49;43.50;7.35;
130,7,3,0,7,3,p,AM,100.00,0.0,68.0066,15.0000,7;8;6;5;4;3;,17;19;15;11;8;,0730:00;0733:29;0816:59;0831:49;0833:55;0838:00;,450.00;453.49;496.99;511.83;513.93;518.01;,3.49;43.50;14.84;2.11;4.08;
131,7,4,0,7,4,p,AM,400.00,0.0,63.9308,11.0000,7;8;6;5;4;,17;19;15;11;,0730:00;0733:29;0816:59;0831:49;0833:55;,450.00;453.49;496.99;511.83;513.93;,3.49;43.50;14.84;2.11;
132,7,5,0,7,5,p,AM,200.00,0.0,61.8251,9.0000,7;8;6;5;,17;19;15;,0730:00;0733:29;0816:59;0831:49;,450.00;453.49;496.99;511.83;,3.49;43.50;14.84;
133,7,6,0,7,6,p,AM,400.00,0.0,46.9900,5.0000,7;8;6;,17;19;,0730:00;0733:29;0816:59;,450.00;453.49;496.99;,3.49;43.50;
134,7,8,0,7,8,p,AM,1000.00,0.0,3.4874,3.0000,7;8;,17;,0730:00;0733:29;,450.00;453.49;,3.49;
135,7,9,0,7,9,p,AM,600.00,0.0,766.5814,12.0000,7;18;16;10;9;,18;55;48;26;,0730:00;0732:01;0735:10;2012:33;2016:34;,450.00;452.03;455.17;1212.56;1216.58;,2.03;3.14;757.38;4.03;
136,7,10,0,7,10,p,AM,1900.00,0.0,762.5554,9.0000,7;18;16;10;,18;55;48;,0730:00;0732:01;0735:10;2012:33;,450.00;452.03;455.17;1212.56;,2.03;3.14;757.38;
137,7,11,0,7,11,p,AM,500.00,0.0,785.4462,14.0000,7;18;16;10;11;,18;55;48;27;,0730:00;0732:01;0735:10;2012:33;2035:26;,450.00;452.03;455.17;1212.56;1235.45;,2.03;3.14;757.38;22.89;
138,7,12,0,7,12,p,AM,700.00,0.0,72.0109,19.0000,7;8;6;5;4;3;12;,17;19;15;11;8;7;,0730:00;0733:29;0816:59;0831:49;0833:55;0838:00;0842:00;,450.00;453.49;496.99;511.83;513.93;518.01;522.01;,3.49;43.50;14.84;2.11;4.08;4.00;
139,7,13,0,7,13,p,AM,400.00,0.0,52.9346,19.0000,7;18;20;21;24;13;,18;56;62;66;74;,0730:00;0732:01;0736:03;0742:34;0806:47;0822:56;,450.00;452.03;456.06;462.58;486.79;502.93;,2.03;4.03;6.51;24.21;16.15;
140,7,14,0,7,14,p,AM,200.00,0.0,364.3083,17.0000,7;18;16;17;19;15;14;,18;55;49;53;57;44;,0730:00;0732:01;0735:10;1100:57;1310:24;1314:32;1334:18;,450.00;452.03;455.17;660.97;790.40;794.55;814.31;,2.03;3.14;205.79;129.43;4.15;19.76;
141,7,15,0,7,15,p,AM,500.00,0.0,344.5470,12.0000,7;18;16;17;19;15;,18;55;49;53;57;,0730:00;0732:01;0735:10;1100:57;1310:24;1314:32;,450.00;452.03;455.17;660.97;790.40;794.55;,2.03;3.14;205.79;129.43;4.15;
142,7,16,0,7,16,p,AM,1400.00,0.0,5.1734,5.0000,7;18;16;,18;55;,0730:00;0732:01;0735:10;,450.00;452.03;455.17;,2.03;3.14;
143,7,17,0,7,17,p,AM,1000.00,0.0,210.9665,7.0000,7;18;16;17;,18;55;49;,0730:00;0732:01;0735:10;1100:57;,450.00;452.03;455.17;660.97;,2.03;3.14;205.79;
144,7,18,0,7,18,p,AM,200.00,0.0,2.0294,2.0000,7;18;,18;,0730:00;0732:01;,450.00;452.03;,2.03;
145,7,19,0,7,19,p,AM,400.00,0.0,340.4008,9.0000,7;18;16;17;19;,18;55;49;53;,0730:00;0732:01;0735:10;1100:57;1310:24;,450.00;452.03;455.17;660.97;790.40;,2.03;3.14;205.79;129.43;
146,7,20,0,7,20,p,AM,500.00,0.0,6.0644,6.0000,7;18;20;,18;56;,0730:00;0732:01;0736:03;,450.00;452.03;456.06;,2.03;4.03;
147,7,21,0,7,21,p,AM,200.00,0.0,12.5790,12.0000,7;18;20;21;,18;56;62;,0730:00;0732:01;0736:03;0742:34;,450.00;452.03;456.06;462.58;,2.03;4.03;6.51;
148,7,22,0,7,22,p,AM,500.00,0.0,11.9561,11.0000,7;18;20;22;,18;56;63;,0730:00;0732:01;0736:03;0741:57;,450.00;452.03;456.06;461.96;,2.03;4.03;5.89;
149,7,23,0,7,23,p,AM,200.00,0.0,17.0424,15.0000,7;18;20;22;23;,18;56;63;70;,0730:00;0732:01;0736:03;0741:57;0747:02;,450.00;452.03;456.06;461.96;467.04;,2.03;4.03;5.89;5.09;
150,7,24,0,7,24,p,AM,100.00,0.0,36.7855,15.0000,7;18;20;21;24;,18;56;62;66;,0730:00;0732:01;0736:03;0742:34;0806:47;,450.00;452.03;456.06;462.58;486.79;,2.03;4.03;6.51;24.21;
151,8,1,0,8,1,p,AM,800.00,0.0,56.8577,13.0000,8;6;2;1;,19;14;3;,0730:00;0813:30;0820:51;0826:51;,450.00;493.50;500.86;506.86;,43.50;7.35;6.00;
152,8,2,0,8,2,p,AM,400.00,0.0,50.8573,7.0000,8;6;2;,19;14;,0730:00;0813:30;0820:51;,450.00;493.50;500.86;,43.50;7.35;
153,8,3,0,8,3,p,AM,200.00,0.0,64.5192,12.0000,8;6;5;4;3;,19;15;11;8;,0730:00;0813:30;0828:20;0830:26;0834:31;,450.00;493.50;508.34;510.44;514.52;,43.50;14.84;2.11;4.08;
154,8,4,0,8,4,p,AM,700.00,0.0,60.4434,8.0000,8;6;5;4;,19;15;11;,0730:00;0813:30;0828:20;0830:26;,450.00;493.50;508.34;510.44;,43.50;14.84;2.11;
155,8,5,0,8,5,p,AM,500.00,0.0,58.3377,6.0000,8;6;5;,19;15;,0730:00;0813:30;0828:20;,450.00;493.50;508.34;,43.50;14.84;
156,8,6,0,8,6,p,AM,800.00,0.0,43.5026,2.0000,8;6;,19;,0730:00;0813:30;,450.00;493.50;,43.50;
157,8,7,0,8,7,p,AM,1000.00,0.0,3.4874,3.0000,8;7;,20;,0730:00;0733:29;,450.00;453.49;,3.49;
158,8,9,0,8,9,p,AM,800.00,0.0,10.0009,10.0000,8;9;,21;,0730:00;0740:00;,450.00;460.00;,10.00;
159,8,10,0,8,10,p,AM,1600.00,0.0,829.1641,9.0000,8;16;10;,22;48;,0730:00;0841:46;2119:09;,450.00;521.78;1279.16;,71.78;757.38;
160,8,11,0,8,11,p,AM,800.00,0.0,852.0549,14.0000,8;16;10;11;,22;48;27;,0730:00;0841:46;2119:09;2142:03;,450.00;521.78;1279.16;1302.05;,71.78;757.38;22.89;
161,8,12,0,8,12,p,AM,600.00,0.0,68.5234,16.0000,8;6;5;4;3;12;,19;15;11;8;7;,0730:00;0813:30;0828:20;0830:26;0834:31;0838:31;,450.00;493.50;508.34;510.44;514.52;518.52;,43.50;14.84;2.11;4.08;4.00;
162,8,13,0,8,13,p,AM,600.00,0.0,71.5442,19.0000,8;6;5;4;3;12;13;,19;15;11;8;7;37;,0730:00;0813:30;0828:20;0830:26;0834:31;0838:31;0841:32;,450.00;493.50;508.34;510.44;514.52;518.52;521.54;,43.50;14.84;2.11;4.08;4.00;3.02;
163,8,14,0,8,14,p,AM,400.00,0.0,430.9170,17.0000,8;16;17;19;15;14;,22;49;53;57;44;,0730:00;0841:46;1207:34;1417:00;1421:09;1440:55;,450.00;521.78;727.58;857.01;861.16;880.92;,71.78;205.79;129.43;4.15;19.76;
164,8,15,0,8,15,p,AM,600.00,0.0,411.1557,12.0000,8;16;17;19;15;,22;49;53;57;,0730:00;0841:46;1207:34;1417:00;1421:09;,450.00;521.78;727.58;857.01;861.16;,71.78;205.79;129.43;4.15;
165,8,16,0,8,16,p,AM,2200.00,0.0,71.7821,5.0000,8;16;,22;,0730:00;0841:46;,450.00;521.78;,71.78;
166,8,17,0,8,17,p,AM,1400.00,0.0,277.5752,7.0000,8;16;17;,22;49;,0730:00;0841:46;1207:34;,450.00;521.78;727.58;,71.78;205.79;
167,8,18,0,8,18,p,AM,300.00,0.0,5.5169,5.0000,8;7;18;,20;18;,0730:00;0733:29;0735:31;,450.00;453.49;455.52;,3.49;2.03;
168,8,19,0,8,19,p,AM,700.00,0.0,407.0095,9.0000,8;16;17;19;,22;49;53;,0730:00;0841:46;1207:34;1417:00;,450.00;521.78;727.58;857.01;,71.78;205.79;129.43;
169,8,20,0,8,20,p,AM,900.00,0.0,9.5519,9.0000,8;7;18;20;,20;18;56;,0730:00;0733:29;0735:31;0739:33;,450.00;453.49;455.52;459.55;,3.49;2.03;4.03;
170,8,21,0,8,21,p,AM,400.00,0.0,16.0665,15.0000,8;7;18;20;21;,20;18;56;62;,0730:00;0733:29;0735:31;0739:33;0746:03;,450.00;453.49;455.52;459.55;466.07;,3.49;2.03;4.03;6.51;
171,8,22,0,8,22,p,AM,500.00,0.0,15.4435,14.0000,8;7;18;20;22;,20;18;56;63;,0730:00;0733:29;0735:31;0739:33;0745:26;,450.00;453.49;455.52;459.55;465.44;,3.49;2.03;4.03;5.89;
172,8,23,0,8,23,p,AM,300.00,0.0,20.5299,18.0000,8;7;18;20;22;23;,20;18;56;63;70;,0730:00;0733:29;0735:31;0739:33;0745:26;0750:31;,450.00;453.49;455.52;459.55;465.44;470.53;,3.49;2.03;4.03;5.89;5.09;
173,8,24,0,8,24,p,AM,200.00,0.0,40.2729,18.0000,8;7;18;20;21;24;,20;18;56;62;66;,0730:00;0733:29;0735:31;0739:33;0746:03;0810:16;,450.00;453.49;455.52;459.55;466.07;490.27;,3.49;2.03;4.03;6.51;24.21;
174,9,1,0,9,1,p,AM,500.00,0.0,15.3641,15.0000,9;5;4;3;1;,23;11;8;5;,0730:00;0735:10;0737:17;0741:21;0745:21;,450.00;455.18;457.29;461.36;465.36;,5.18;2.11;4.08;4.00;
175,9,2,0,9,2,p,AM,200.00,0.0,27.3700,14.0000,9;5;6;2;,23;12;14;,0730:00;0735:10;0750:00;0757:22;,450.00;455.18;470.02;477.37;,5.18;14.84;7.35;
176,9,3,0,9,3,p,AM,100.00,0.0,11.3615,11.0000,9;5;4;3;,23;11;8;,0730:00;0735:10;0737:17;0741:21;,450.00;455.18;457.29;461.36;,5.18;2.11;4.08;
177,9,4,0,9,4,p,AM,700.00,0.0,7.2858,7.0000,9;5;4;,23;11;,0730:00;0735:10;0737:17;,450.00;455.18;457.29;,5.18;2.11;
178,9,5,0,9,5,p,AM,800.00,0.0,5.1801,5.0000,9;5;,23;,0730:00;0735:10;,450.00;455.18;,5.18;
179,9,6,0,9,6,p,AM,400.00,0.0,20.0152,9.0000,9;5;6;,23;12;,0730:00;0735:10;0750:00;,450.00;455.18;470.02;,5.18;14.84;
180,9,7,0,9,7,p,AM,600.00,0.0,696.1497,12.0000,9;10;16;18;7;,25;29;50;54;,0730:00;0734:00;1901:00;1904:07;1906:08;,450.00;454.00;1141.00;1144.12;1146.15;,4.00;687.00;3.12;2.03;
181,9,8,0,9,8,p,AM,800.00,0.0,10.0009,10.0000,9;8;,24;,0730:00;0740:00;,450.00;460.00;,10.00;
182,9,10,0,9,10,p,AM,2800.00,0.0,4.0023,3.0000,9;10;,25;,0730:00;0734:00;,450.00;454.00;,4.00;
183,9,11,0,9,11,p,AM,1400.00,0.0,26.8931,8.0000,9;10;11;,25;27;,0730:00;0734:00;0756:53;,450.00;454.00;476.89;,4.00;22.89;
184,9,12,0,9,12,p,AM,600.00,0.0,58.1654,14.0000,9;10;11;12;,25;27;33;,0730:00;0734:00;0756:53;0828:09;,450.00;454.00;476.89;508.17;,4.00;22.89;31.27;
185,9,13,0,9,13,p,AM,600.00,0.0,61.1862,17.0000,9;10;11;12;13;,25;27;33;37;,0730:00;0734:00;0756:53;0828:09;0831:11;,450.00;454.00;476.89;508.17;511.19;,4.00;22.89;31.27;3.02;
186,9,14,0,9,14,p,AM,600.00,0.0,130.4033,12.0000,9;10;11;14;,25;27;34;,0730:00;0734:00;0756:53;0940:24;,450.00;454.00;476.89;580.40;,4.00;22.89;103.51;
187,9,15,0,9,15,p,AM,900.00,0.0,10.4271,9.0000,9;10;15;,25;28;,0730:00;0734:00;0740:25;,450.00;454.00;460.43;,4.00;6.42;
188,9,16,0,9,16,p,AM,1400.00,0.0,691.0016,7.0000,9;10;16;,25;29;,0730:00;0734:00;1901:00;,450.00;454.00;1141.00;,4.00;687.00;
189,9,17,0,9,17,p,AM,900.00,0.0,896.7947,9.0000,9;10;16;17;,25;29;49;,0730:00;0734:00;1901:00;2226:47;,450.00;454.00;1141.00;1346.79;,4.00;687.00;205.79;
190,9,18,0,9,18,p,AM,200.00,0.0,694.1202,10.0000,9;10;16;18;,25;29;50;,0730:00;0734:00;1901:00;1904:07;,450.00;454.00;1141.00;1144.12;,4.00;687.00;3.12;
191,9,19,0,9,19,p,AM,400.00,0.0,1026.2290,11.0000,9;10;16;17;19;,25;29;49;53;,0730:00;0734:00;1901:00;2226:47;2436:13;,450.00;454.00;1141.00;1346.79;1476.23;,4.00;687.00;205.79;129.43;
192,9,20,0,9,20,p,AM,600.00,0.0,698.1552,14.0000,9;10;16;18;20;,25;29;50;56;,0730:00;0734:00;1901:00;1904:07;1908:09;,450.00;454.00;1141.00;1144.12;1148.16;,4.00;687.00;3.12;4.04;
193,9,21,0,9,21,p,AM,300.00,0.0,41.4554,14.0000,9;10;15;22;21;,25;28;46;69;,0730:00;0734:00;0740:25;0758:00;0811:27;,450.00;454.00;460.43;478.00;491.46;,4.00;6.42;17.58;13.45;
194,9,22,0,9,22,p,AM,700.00,0.0,28.0024,12.0000,9;10;15;22;,25;28;46;,0730:00;0734:00;0740:25;0758:00;,450.00;454.00;460.43;478.00;,4.00;6.42;17.58;
195,9,23,0,9,23,p,AM,500.00,0.0,138.1788,16.0000,9;10;11;14;23;,25;27;34;42;,0730:00;0734:00;0756:53;0940:24;0948:10;,450.00;454.00;476.89;580.40;588.18;,4.00;22.89;103.51;7.78;
196,9,24,0,9,24,p,AM,200.00,0.0,65.6618,17.0000,9;10;15;22;21;24;,25;28;46;69;66;,0730:00;0734:00;0740:25;0758:00;0811:27;0835:39;,450.00;454.00;460.43;478.00;491.46;515.66;,4.00;6.42;17.58;13.45;24.21;
197,10,1,0,10,1,p,AM,1300.00,0.0,19.3902,18.0000,10;9;5;4;3;1;,26;23;11;8;5;,0730:00;0734:01;0739:12;0741:18;0745:23;0749:23;,450.00;454.03;459.21;461.31;465.39;469.39;,4.03;5.18;2.11;4.08;4.00;
198,10,2,0,10,2,p,AM,600.00,0.0,809.6388,16.0000,10;16;8;6;2;,29;47;19;14;,0730:00;1856:59;2008:46;2052:17;2059:38;,450.00;1137.00;1208.78;1252.28;1259.64;,687.00;71.78;43.50;7.35;
199,10,3,0,10,3,p,AM,300.00,0.0,15.3876,14.0000,10;9;5;4;3;,26;23;11;8;,0730:00;0734:01;0739:12;0741:18;0745:23;,450.00;454.03;459.21;461.31;465.39;,4.03;5.18;2.11;4.08;
200,10,4,0,10,4,p,AM,1200.00,0.0,11.3118,10.0000,10;9;5;4;,26;23;11;,0730:00;0734:01;0739:12;0741:18;,450.00;454.03;459.21;461.31;,4.03;5.18;2.11;
201,10,5,0,10,5,p,AM,1000.00,0.0,9.2061,8.0000,10;9;5;,26;23;,0730:00;0734:01;0739:12;,450.00;454.03;459.21;,4.03;5.18;
202,10,6,0,10,6,p,AM,800.00,0.0,802.2841,11.0000,10;16;8;6;,29;47;19;,0730:00;1856:59;2008:46;2052:17;,450.00;1137.00;1208.78;1252.28;,687.00;71.78;43.50;
203,10,7,0,10,7,p,AM,1900.00,0.0,692.1475,9.0000,10;16;18;7;,29;50;54;,0730:00;1856:59;1900:07;1902:08;,450.00;1137.00;1140.12;1142.15;,687.00;3.12;2.03;
204,10,8,0,10,8,p,AM,1600.00,0.0,758.7815,9.0000,10;16;8;,29;47;,0730:00;1856:59;2008:46;,450.00;1137.00;1208.78;,687.00;71.78;
205,10,9,0,10,9,p,AM,2800.00,0.0,4.0260,3.0000,10;9;,26;,0730:00;0734:01;,450.00;454.03;,4.03;
206,10,11,0,10,11,p,AM,4000.00,0.0,22.8908,5.0000,10;11;,27;,0730:00;0752:53;,450.00;472.89;,22.89;
207,10,12,0,10,12,p,AM,2000.00,0.0,54.1632,11.0000,10;11;12;,27;33;,0730:00;0752:53;0824:09;,450.00;472.89;504.16;,22.89;31.27;
208,10,13,0,10,13,p,AM,1900.00,0.0,57.1839,14.0000,10;11;12;13;,27;33;37;,0730:00;0752:53;0824:09;0827:11;,450.00;472.89;504.16;507.18;,22.89;31.27;3.02;
209,10,14,0,10,14,p,AM,2100.00,0.0,126.4010,9.0000,10;11;14;,27;34;,0730:00;0752:53;0936:24;,450.00;472.89;576.40;,22.89;103.51;
210,10,15,0,10,15,p,AM,4000.00,0.0,6.4248,6.0000,10;15;,28;,0730:00;0736:25;,450.00;456.42;,6.42;
211,10,16,0,10,16,p,AM,4400.00,0.0,686.9994,4.0000,10;16;,29;,0730:00;1856:59;,450.00;1137.00;,687.00;
212,10,17,0,10,17,p,AM,3900.00,0.0,892.7925,6.0000,10;16;17;,29;49;,0730:00;1856:59;2222:47;,450.00;1137.00;1342.79;,687.00;205.79;
213,10,18,0,10,18,p,AM,700.00,0.0,690.1180,7.0000,10;16;18;,29;50;,0730:00;1856:59;1900:07;,450.00;1137.00;1140.12;,687.00;3.12;
214,10,19,0,10,19,p,AM,1800.00,0.0,1022.2267,8.0000,10;16;17;19;,29;49;53;,0730:00;1856:59;2222:47;2432:13;,450.00;1137.00;1342.79;1472.23;,687.00;205.79;129.43;
215,10,20,0,10,20,p,AM,2500.00,0.0,694.1530,11.0000,10;16;18;20;,29;50;56;,0730:00;1856:59;1900:07;1904:09;,450.00;1137.00;1140.12;1144.15;,687.00;3.12;4.04;
216,10,21,0,10,21,p,AM,1200.00,0.0,37.4531,11.0000,10;15;22;21;,28;46;69;,0730:00;0736:25;0754:00;0807:27;,450.00;456.42;474.00;487.45;,6.42;17.58;13.45;
217,10,22,0,10,22,p,AM,2600.00,0.0,24.0002,9.0000,10;15;22;,28;46;,0730:00;0736:25;0754:00;,450.00;456.42;474.00;,6.42;17.58;
218,10,23,0,10,23,p,AM,1800.00,0.0,134.1766,13.0000,10;11;14;23;,27;34;42;,0730:00;0752:53;0936:24;0944:10;,450.00;472.89;576.40;584.18;,22.89;103.51;7.78;
219,10,24,0,10,24,p,AM,800.00,0.0,61.6595,14.0000,10;15;22;21;24;,28;46;69;66;,0730:00;0736:25;0754:00;0807:27;0831:39;,450.00;456.42;474.00;487.45;511.66;,6.42;17.58;13.45;24.21;
220,11,1,0,11,1,p,AM,500.00,0.0,17.3925,14.0000,11;4;3;1;,31;8;5;,0730:00;0739:18;0743:23;0747:23;,450.00;459.31;463.39;467.39;,9.31;4.08;4.00;
221,11,2,0,11,2,p,AM,200.00,0.0,33.6097,17.0000,11;4;5;6;2;,31;9;12;14;,0730:00;0739:18;0741:25;0756:15;0803:36;,450.00;459.31;461.42;476.25;483.61;,9.31;2.11;14.84;7.35;
222,11,3,0,11,3,p,AM,300.00,0.0,13.3899,10.0000,11;4;3;,31;8;,0730:00;0739:18;0743:23;,450.00;459.31;463.39;,9.31;4.08;
223,11,4,0,11,4,p,AM,1500.00,0.0,9.3141,6.0000,11;4;,31;,0730:00;0739:18;,450.00;459.31;,9.31;
224,11,5,0,11,5,p,AM,500.00,0.0,11.4198,8.0000,11;4;5;,31;9;,0730:00;0739:18;0741:25;,450.00;459.31;461.42;,9.31;2.11;
225,11,6,0,11,6,p,AM,400.00,0.0,26.2549,12.0000,11;4;5;6;,31;9;12;,0730:00;0739:18;0741:25;0756:15;,450.00;459.31;461.42;476.25;,9.31;2.11;14.84;
226,11,7,0,11,7,p,AM,500.00,0.0,712.5851,14.0000,11;10;16;18;7;,32;29;50;54;,0730:00;0750:26;1917:26;1920:33;1922:35;,450.00;470.44;1157.44;1160.56;1162.58;,20.44;687.00;3.12;2.03;
227,11,8,0,11,8,p,AM,800.00,0.0,779.2191,14.0000,11;10;16;8;,32;29;47;,0730:00;0750:26;1917:26;2029:13;,450.00;470.44;1157.44;1229.22;,20.44;687.00;71.78;
228,11,9,0,11,9,p,AM,1400.00,0.0,24.4636,8.0000,11;10;9;,32;26;,0730:00;0750:26;0754:27;,450.00;470.44;474.46;,20.44;4.03;
229,11,10,0,11,10,p,AM,3900.00,0.0,20.4376,5.0000,11;10;,32;,0730:00;0750:26;,450.00;470.44;,20.44;
230,11,12,0,11,12,p,AM,1400.00,0.0,31.2723,6.0000,11;12;,33;,0730:00;0801:16;,450.00;481.27;,31.27;
231,11,13,0,11,13,p,AM,1000.00,0.0,34.2931,9.0000,11;12;13;,33;37;,0730:00;0801:16;0804:17;,450.00;481.27;484.29;,31.27;3.02;
232,11,14,0,11,14,p,AM,1600.00,0.0,103.5102,4.0000,11;14;,34;,0730:00;0913:30;,450.00;553.51;,103.51;
233,11,15,0,11,15,p,AM,1400.00,0.0,126.8354,9.0000,11;14;15;,34;41;,0730:00;0913:30;0936:50;,450.00;553.51;576.84;,103.51;23.33;
234,11,16,0,11,16,p,AM,1400.00,0.0,707.4370,9.0000,11;10;16;,32;29;,0730:00;0750:26;1917:26;,450.00;470.44;1157.44;,20.44;687.00;
235,11,17,0,11,17,p,AM,1000.00,0.0,913.2301,11.0000,11;10;16;17;,32;29;49;,0730:00;0750:26;1917:26;2243:13;,450.00;470.44;1157.44;1363.23;,20.44;687.00;205.79;
236,11,18,0,11,18,p,AM,100.00,0.0,710.5556,12.0000,11;10;16;18;,32;29;50;,0730:00;0750:26;1917:26;1920:33;,450.00;470.44;1157.44;1160.56;,20.44;687.00;3.12;
237,11,19,0,11,19,p,AM,400.00,0.0,131.1386,12.0000,11;14;15;19;,34;41;45;,0730:00;0913:30;0936:50;0941:08;,450.00;553.51;576.84;581.14;,103.51;23.33;4.30;
238,11,20,0,11,20,p,AM,600.00,0.0,135.7867,16.0000,11;14;15;19;20;,34;41;45;59;,0730:00;0913:30;0936:50;0941:08;0945:47;,450.00;553.51;576.84;581.14;585.79;,103.51;23.33;4.30;4.65;
239,11,21,0,11,21,p,AM,400.00,0.0,137.3132,13.0000,11;14;23;24;21;,34;42;73;75;,0730:00;0913:30;0921:17;0923:45;0947:18;,450.00;553.51;561.29;563.76;587.31;,103.51;7.78;2.48;23.55;
240,11,22,0,11,22,p,AM,1100.00,0.0,144.4107,12.0000,11;14;15;22;,34;41;46;,0730:00;0913:30;0936:50;0954:24;,450.00;553.51;576.84;594.41;,103.51;23.33;17.58;
241,11,23,0,11,23,p,AM,1300.00,0.0,111.2857,8.0000,11;14;23;,34;42;,0730:00;0913:30;0921:17;,450.00;553.51;561.29;,103.51;7.78;
242,11,24,0,11,24,p,AM,600.00,0.0,113.7618,10.0000,11;14;23;24;,34;42;73;,0730:00;0913:30;0921:17;0923:45;,450.00;553.51;561.29;563.76;,103.51;7.78;2.48;
243,12,1,0,12,1,p,AM,200.00,0.0,8.0069,8.0000,12;3;1;,35;5;,0730:00;0734:00;0738:00;,450.00;454.00;458.01;,4.00;4.00;
244,12,2,0,12,2,p,AM,100.00,0.0,14.0073,14.0000,12;3;1;2;,35;5;1;,0730:00;0734:00;0738:00;0744:00;,450.00;454.00;458.01;464.01;,4.00;4.00;6.00;
245,12,3,0,12,3,p,AM,200.00,0.0,4.0043,4.0000,12;3;,35;,0730:00;0734:00;,450.00;454.00;,4.00;
246,12,4,0,12,4,p,AM,600.00,0.0,8.0800,8.0000,12;3;4;,35;6;,0730:00;0734:00;0738:04;,450.00;454.00;458.08;,4.00;4.08;
247,12,5,0,12,5,p,AM,200.00,0.0,10.1857,10.0000,12;3;4;5;,35;6;9;,0730:00;0734:00;0738:04;0740:11;,450.00;454.00;458.08;460.19;,4.00;4.08;2.11;
248,12,6,0,12,6,p,AM,200.00,0.0,25.0209,14.0000,12;3;4;5;6;,35;6;9;12;,0730:00;0734:00;0738:04;0740:11;0755:01;,450.00;454.00;458.08;460.19;475.02;,4.00;4.08;2.11;14.84;
249,12,7,0,12,7,p,AM,700.00,0.0,72.0109,19.0000,12;3;4;5;6;8;7;,35;6;9;12;16;20;,0730:00;0734:00;0738:04;0740:11;0755:01;0838:31;0842:00;,450.00;454.00;458.08;460.19;475.02;518.52;522.01;,4.00;4.08;2.11;14.84;43.50;3.49;
250,12,8,0,12,8,p,AM,600.00,0.0,68.5234,16.0000,12;3;4;5;6;8;,35;6;9;12;16;,0730:00;0734:00;0738:04;0740:11;0755:01;0838:31;,450.00;454.00;458.08;460.19;475.02;518.52;,4.00;4.08;2.11;14.84;43.50;
251,12,9,0,12,9,p,AM,600.00,0.0,55.7360,14.0000,12;11;10;9;,36;32;26;,0730:00;0801:16;0821:42;0825:44;,450.00;481.27;501.71;505.74;,31.27;20.44;4.03;
252,12,10,0,12,10,p,AM,2000.00,0.0,51.7099,11.0000,12;11;10;,36;32;,0730:00;0801:16;0821:42;,450.00;481.27;501.71;,31.27;20.44;
253,12,11,0,12,11,p,AM,1400.00,0.0,31.2723,6.0000,12;11;,36;,0730:00;0801:16;,450.00;481.27;,31.27;
254,12,13,0,12,13,p,AM,1300.00,0.0,3.0207,3.0000,12;13;,37;,0730:00;0733:01;,450.00;453.02;,3.02;
255,12,14,0,12,14,p,AM,700.00,0.0,134.7825,10.0000,12;11;14;,36;34;,0730:00;0801:16;0944:46;,450.00;481.27;584.78;,31.27;103.51;
256,12,15,0,12,15,p,AM,700.00,0.0,158.1078,15.0000,12;11;14;15;,36;34;41;,0730:00;0801:16;0944:46;1008:06;,450.00;481.27;584.78;608.11;,31.27;103.51;23.33;
257,12,16,0,12,16,p,AM,700.00,0.0,738.7094,15.0000,12;11;10;16;,36;32;29;,0730:00;0801:16;0821:42;1948:42;,450.00;481.27;501.71;1188.71;,31.27;20.44;687.00;
258,12,17,0,12,17,p,AM,600.00,0.0,944.5024,17.0000,12;11;10;16;17;,36;32;29;49;,0730:00;0801:16;0821:42;1948:42;2314:30;,450.00;481.27;501.71;1188.71;1394.50;,31.27;20.44;687.00;205.79;
259,12,18,0,12,18,p,AM,200.00,0.0,741.8279,18.0000,12;11;10;16;18;,36;32;29;50;,0730:00;0801:16;0821:42;1948:42;1951:49;,450.00;481.27;501.71;1188.71;1191.83;,31.27;20.44;687.00;3.12;
260,12,19,0,12,19,p,AM,300.00,0.0,162.4110,18.0000,12;11;14;15;19;,36;34;41;45;,0730:00;0801:16;0944:46;1008:06;1012:24;,450.00;481.27;584.78;608.11;612.41;,31.27;103.51;23.33;4.30;
261,12,20,0,12,20,p,AM,400.00,0.0,49.1907,16.0000,12;13;24;21;20;,37;39;75;64;,0730:00;0733:01;0749:10;0812:43;0819:11;,450.00;453.02;469.17;492.72;499.19;,3.02;16.15;23.55;6.47;
262,12,21,0,12,21,p,AM,300.00,0.0,42.7213,10.0000,12;13;24;21;,37;39;75;,0730:00;0733:01;0749:10;0812:43;,450.00;453.02;469.17;492.72;,3.02;16.15;23.55;
263,12,22,0,12,22,p,AM,700.00,0.0,56.1743,12.0000,12;13;24;21;22;,37;39;75;65;,0730:00;0733:01;0749:10;0812:43;0826:10;,450.00;453.02;469.17;492.72;506.17;,3.02;16.15;23.55;13.45;
264,12,23,0,12,23,p,AM,700.00,0.0,21.6460,9.0000,12;13;24;23;,37;39;76;,0730:00;0733:01;0749:10;0751:38;,450.00;453.02;469.17;471.65;,3.02;16.15;2.48;
265,12,24,0,12,24,p,AM,500.00,0.0,19.1699,7.0000,12;13;24;,37;39;,0730:00;0733:01;0749:10;,450.00;453.02;469.17;,3.02;16.15;
266,13,1,0,13,1,p,AM,500.00,0.0,11.0283,11.0000,13;12;3;1;,38;35;5;,0730:00;0733:01;0737:01;0741:01;,450.00;453.02;457.03;461.03;,3.02;4.00;4.00;
267,13,2,0,13,2,p,AM,300.00,0.0,17.0287,17.0000,13;12;3;1;2;,38;35;5;1;,0730:00;0733:01;0737:01;0741:01;0747:01;,450.00;453.02;457.03;461.03;467.03;,3.02;4.00;4.00;6.00;
268,13,3,0,13,3,p,AM,100.00,0.0,7.0257,7.0000,13;12;3;,38;35;,0730:00;0733:01;0737:01;,450.00;453.02;457.03;,3.02;4.00;
269,13,4,0,13,4,p,AM,600.00,0.0,11.1015,11.0000,13;12;3;4;,38;35;6;,0730:00;0733:01;0737:01;0741:06;,450.00;453.02;457.03;461.10;,3.02;4.00;4.08;
270,13,5,0,13,5,p,AM,200.00,0.0,13.2072,13.0000,13;12;3;4;5;,38;35;6;9;,0730:00;0733:01;0737:01;0741:06;0743:12;,450.00;453.02;457.03;461.10;463.21;,3.02;4.00;4.08;2.11;
271,13,6,0,13,6,p,AM,200.00,0.0,28.0423,17.0000,13;12;3;4;5;6;,38;35;6;9;12;,0730:00;0733:01;0737:01;0741:06;0743:12;0758:02;,450.00;453.02;457.03;461.10;463.21;478.04;,3.02;4.00;4.08;2.11;14.84;
272,13,7,0,13,7,p,AM,400.00,0.0,52.2423,19.0000,13;24;21;20;18;7;,39;75;64;60;54;,0730:00;0746:08;0809:42;0816:10;0820:12;0822:14;,450.00;466.15;489.70;496.17;500.21;502.24;,16.15;23.55;6.47;4.04;2.03;
273,13,8,0,13,8,p,AM,600.00,0.0,71.5449,19.0000,13;12;3;4;5;6;8;,38;35;6;9;12;16;,0730:00;0733:01;0737:01;0741:06;0743:12;0758:02;0841:32;,450.00;453.02;457.03;461.10;463.21;478.04;521.54;,3.02;4.00;4.08;2.11;14.84;43.50;
274,13,9,0,13,9,p,AM,600.00,0.0,58.7574,17.0000,13;12;11;10;9;,38;36;32;26;,0730:00;0733:01;0804:17;0824:43;0828:45;,450.00;453.02;484.29;504.73;508.76;,3.02;31.27;20.44;4.03;
275,13,10,0,13,10,p,AM,1900.00,0.0,54.7314,14.0000,13;12;11;10;,38;36;32;,0730:00;0733:01;0804:17;0824:43;,450.00;453.02;484.29;504.73;,3.02;31.27;20.44;
276,13,11,0,13,11,p,AM,1000.00,0.0,34.2938,9.0000,13;12;11;,38;36;,0730:00;0733:01;0804:17;,450.00;453.02;484.29;,3.02;31.27;
277,13,12,0,13,12,p,AM,1300.00,0.0,3.0214,3.0000,13;12;,38;,0730:00;0733:01;,450.00;453.02;,3.02;
278,13,14,0,13,14,p,AM,600.00,0.0,26.4008,10.0000,13;24;23;14;,39;76;71;,0730:00;0746:08;0748:37;0756:24;,450.00;466.15;468.63;476.40;,16.15;2.48;7.78;
279,13,15,0,13,15,p,AM,700.00,0.0,70.7289,12.0000,13;24;21;22;15;,39;75;65;67;,0730:00;0746:08;0809:42;0823:09;0840:43;,450.00;466.15;489.70;503.15;520.73;,16.15;23.55;13.45;17.58;
280,13,16,0,13,16,p,AM,600.00,0.0,741.7308,18.0000,13;12;11;10;16;,38;36;32;29;,0730:00;0733:01;0804:17;0824:43;1951:43;,450.00;453.02;484.29;504.73;1191.73;,3.02;31.27;20.44;687.00;
281,13,17,0,13,17,p,AM,500.00,0.0,204.4663,17.0000,13;24;21;22;15;19;17;,39;75;65;67;45;58;,0730:00;0746:08;0809:42;0823:09;0840:43;0845:01;1054:27;,450.00;466.15;489.70;503.15;520.73;525.03;654.47;,16.15;23.55;13.45;17.58;4.30;129.43;
282,13,18,0,13,18,p,AM,100.00,0.0,50.2129,17.0000,13;24;21;20;18;,39;75;64;60;,0730:00;0746:08;0809:42;0816:10;0820:12;,450.00;466.15;489.70;496.17;500.21;,16.15;23.55;6.47;4.04;
283,13,19,0,13,19,p,AM,300.00,0.0,75.0321,15.0000,13;24;21;22;15;19;,39;75;65;67;45;,0730:00;0746:08;0809:42;0823:09;0840:43;0845:01;,450.00;466.15;489.70;503.15;520.73;525.03;,16.15;23.55;13.45;17.58;4.30;
284,13,20,0,13,20,p,AM,600.00,0.0,46.1700,13.0000,13;24;21;20;,39;75;64;,0730:00;0746:08;0809:42;0816:10;,450.00;466.15;489.70;496.17;,16.15;23.55;6.47;
285,13,21,0,13,21,p,AM,600.00,0.0,39.7006,7.0000,13;24;21;,39;75;,0730:00;0746:08;0809:42;,450.00;466.15;489.70;,16.15;23.55;
286,13,22,0,13,22,p,AM,1300.00,0.0,53.1535,9.0000,13;24;21;22;,39;75;65;,0730:00;0746:08;0809:42;0823:09;,450.00;466.15;489.70;503.15;,16.15;23.55;13.45;
287,13,23,0,13,23,p,AM,800.00,0.0,18.6252,6.0000,13;24;23;,39;76;,0730:00;0746:08;0748:37;,450.00;466.15;468.63;,16.15;2.48;
288,13,24,0,13,24,p,AM,800.00,0.0,16.1492,4.0000,13;24;,39;,0730:00;0746:08;,450.00;466.15;,16.15;
289,14,1,0,14,1,p,AM,300.00,0.0,107.9415,18.0000,14;11;4;3;1;,40;31;8;5;,0730:00;0900:32;0909:51;0913:56;0917:56;,450.00;540.55;549.86;553.94;557.94;,90.55;9.31;4.08;4.00;
290,14,2,0,14,2,p,AM,100.00,0.0,124.1588,21.0000,14;11;4;5;6;2;,40;31;9;12;14;,0730:00;0900:32;0909:51;0911:58;0926:48;0934:09;,450.00;540.55;549.86;551.97;566.80;574.16;,90.55;9.31;2.11;14.84;7.35;
291,14,3,0,14,3,p,AM,100.00,0.0,103.9389,14.0000,14;11;4;3;,40;31;8;,0730:00;0900:32;0909:51;0913:56;,450.00;540.55;549.86;553.94;,90.55;9.31;4.08;
292,14,4,0,14,4,p,AM,500.00,0.0,99.8632,10.0000,14;11;4;,40;31;,0730:00;0900:32;0909:51;,450.00;540.55;549.86;,90.55;9.31;
293,14,5,0,14,5,p,AM,100.00,0.0,101.9688,12.0000,14;11;4;5;,40;31;9;,0730:00;0900:32;0909:51;0911:58;,450.00;540.55;549.86;551.97;,90.55;9.31;2.11;
294,14,6,0,14,6,p,AM,100.00,0.0,116.8040,16.0000,14;11;4;5;6;,40;31;9;12;,0730:00;0900:32;0909:51;0911:58;0926:48;,450.00;540.55;549.86;551.97;566.80;,90.55;9.31;2.11;14.84;
295,14,7,0,14,7,p,AM,200.00,0.0,368.0038,17.0000,14;15;19;17;16;18;7;,41;45;58;52;50;54;,0730:00;0753:19;0757:37;1007:03;1332:51;1335:58;1338:00;,450.00;473.33;477.63;607.06;812.86;815.97;818.00;,23.33;4.30;129.43;205.79;3.12;2.03;
296,14,8,0,14,8,p,AM,400.00,0.0,434.6379,17.0000,14;15;19;17;16;8;,41;45;58;52;47;,0730:00;0753:19;0757:37;1007:03;1332:51;1444:38;,450.00;473.33;477.63;607.06;812.86;884.64;,23.33;4.30;129.43;205.79;71.78;
297,14,9,0,14,9,p,AM,600.00,0.0,115.0127,12.0000,14;11;10;9;,40;32;26;,0730:00;0900:32;0920:59;0925:00;,450.00;540.55;560.99;565.01;,90.55;20.44;4.03;
298,14,10,0,14,10,p,AM,2100.00,0.0,110.9866,9.0000,14;11;10;,40;32;,0730:00;0900:32;0920:59;,450.00;540.55;560.99;,90.55;20.44;
299,14,11,0,14,11,p,AM,1600.00,0.0,90.5490,4.0000,14;11;,40;,0730:00;0900:32;,450.00;540.55;,90.55;
300,14,12,0,14,12,p,AM,700.00,0.0,121.8214,10.0000,14;11;12;,40;33;,0730:00;0900:32;0931:49;,450.00;540.55;571.82;,90.55;31.27;
301,14,13,0,14,13,p,AM,600.00,0.0,26.4008,10.0000,14;23;24;13;,42;73;74;,0730:00;0737:46;0740:15;0756:24;,450.00;457.78;460.25;476.40;,7.78;2.48;16.15;
302,14,15,0,14,15,p,AM,1300.00,0.0,23.3252,5.0000,14;15;,41;,0730:00;0753:19;,450.00;473.33;,23.33;
303,14,16,0,14,16,p,AM,700.00,0.0,362.8558,12.0000,14;15;19;17;16;,41;45;58;52;,0730:00;0753:19;0757:37;1007:03;1332:51;,450.00;473.33;477.63;607.06;812.86;,23.33;4.30;129.43;205.79;
304,14,17,0,14,17,p,AM,700.00,0.0,157.0627,10.0000,14;15;19;17;,41;45;58;,0730:00;0753:19;0757:37;1007:03;,450.00;473.33;477.63;607.06;,23.33;4.30;129.43;
305,14,18,0,14,18,p,AM,100.00,0.0,365.9744,15.0000,14;15;19;17;16;18;,41;45;58;52;50;,0730:00;0753:19;0757:37;1007:03;1332:51;1335:58;,450.00;473.33;477.63;607.06;812.86;815.97;,23.33;4.30;129.43;205.79;3.12;
306,14,19,0,14,19,p,AM,300.00,0.0,27.6284,8.0000,14;15;19;,41;45;,0730:00;0753:19;0757:37;,450.00;473.33;477.63;,23.33;4.30;
307,14,20,0,14,20,p,AM,500.00,0.0,32.2765,12.0000,14;15;19;20;,41;45;59;,0730:00;0753:19;0757:37;0802:16;,450.00;473.33;477.63;482.28;,23.33;4.30;4.65;
308,14,21,0,14,21,p,AM,400.00,0.0,33.8030,9.0000,14;23;24;21;,42;73;75;,0730:00;0737:46;0740:15;0803:48;,450.00;457.78;460.25;483.80;,7.78;2.48;23.55;
309,14,22,0,14,22,p,AM,1200.00,0.0,40.9005,8.0000,14;15;22;,41;46;,0730:00;0753:19;0810:54;,450.00;473.33;490.90;,23.33;17.58;
310,14,23,0,14,23,p,AM,1100.00,0.0,7.7755,4.0000,14;23;,42;,0730:00;0737:46;,450.00;457.78;,7.78;
311,14,24,0,14,24,p,AM,400.00,0.0,10.2516,6.0000,14;23;24;,42;73;,0730:00;0737:46;0740:15;,450.00;457.78;460.25;,7.78;2.48;
312,15,1,0,15,1,p,AM,500.00,0.0,127.7028,23.0000,15;14;11;4;3;1;,44;40;31;8;5;,0730:00;0749:45;0920:18;0929:37;0933:42;0937:42;,450.00;469.76;560.31;569.62;573.70;577.70;,19.76;90.55;9.31;4.08;4.00;
313,15,2,0,15,2,p,AM,100.00,0.0,462.1700,19.0000,15;19;17;16;8;6;2;,45;58;52;47;19;14;,0730:00;0734:18;0943:44;1309:31;1421:18;1504:48;1512:10;,450.00;454.30;583.74;789.53;861.31;904.82;912.17;,4.30;129.43;205.79;71.78;43.50;7.35;
314,15,3,0,15,3,p,AM,100.00,0.0,123.7002,19.0000,15;14;11;4;3;,44;40;31;8;,0730:00;0749:45;0920:18;0929:37;0933:42;,450.00;469.76;560.31;569.62;573.70;,19.76;90.55;9.31;4.08;
315,15,4,0,15,4,p,AM,500.00,0.0,119.6245,15.0000,15;14;11;4;,44;40;31;,0730:00;0749:45;0920:18;0929:37;,450.00;469.76;560.31;569.62;,19.76;90.55;9.31;
316,15,5,0,15,5,p,AM,200.00,0.0,15.6463,14.0000,15;10;9;5;,43;26;23;,0730:00;0736:26;0740:27;0745:38;,450.00;456.44;460.47;465.65;,6.44;4.03;5.18;
317,15,6,0,15,6,p,AM,200.00,0.0,454.8152,14.0000,15;19;17;16;8;6;,45;58;52;47;19;,0730:00;0734:18;0943:44;1309:31;1421:18;1504:48;,450.00;454.30;583.74;789.53;861.31;904.82;,4.30;129.43;205.79;71.78;43.50;
318,15,7,0,15,7,p,AM,500.00,0.0,344.6786,12.0000,15;19;17;16;18;7;,45;58;52;50;54;,0730:00;0734:18;0943:44;1309:31;1312:38;1314:40;,450.00;454.30;583.74;789.53;792.65;794.68;,4.30;129.43;205.79;3.12;2.03;
319,15,8,0,15,8,p,AM,600.00,0.0,411.3127,12.0000,15;19;17;16;8;,45;58;52;47;,0730:00;0734:18;0943:44;1309:31;1421:18;,450.00;454.30;583.74;789.53;861.31;,4.30;129.43;205.79;71.78;
320,15,9,0,15,9,p,AM,1000.00,0.0,10.4663,9.0000,15;10;9;,43;26;,0730:00;0736:26;0740:27;,450.00;456.44;460.47;,6.44;4.03;
321,15,10,0,15,10,p,AM,4000.00,0.0,6.4402,6.0000,15;10;,43;,0730:00;0736:26;,450.00;456.44;,6.44;
322,15,11,0,15,11,p,AM,1400.00,0.0,110.3103,9.0000,15;14;11;,44;40;,0730:00;0749:45;0920:18;,450.00;469.76;560.31;,19.76;90.55;
323,15,12,0,15,12,p,AM,700.00,0.0,141.5827,15.0000,15;14;11;12;,44;40;33;,0730:00;0749:45;0920:18;0951:34;,450.00;469.76;560.31;591.58;,19.76;90.55;31.27;
324,15,13,0,15,13,p,AM,700.00,0.0,71.3838,12.0000,15;22;21;24;13;,46;69;66;74;,0730:00;0747:34;0801:01;0825:14;0841:23;,450.00;467.58;481.03;505.23;521.38;,17.58;13.45;24.21;16.15;
325,15,14,0,15,14,p,AM,1300.00,0.0,19.7613,5.0000,15;14;,44;,0730:00;0749:45;,450.00;469.76;,19.76;
326,15,16,0,15,16,p,AM,1200.00,0.0,339.5306,7.0000,15;19;17;16;,45;58;52;,0730:00;0734:18;0943:44;1309:31;,450.00;454.30;583.74;789.53;,4.30;129.43;205.79;
327,15,17,0,15,17,p,AM,1500.00,0.0,133.7375,5.0000,15;19;17;,45;58;,0730:00;0734:18;0943:44;,450.00;454.30;583.74;,4.30;129.43;
328,15,18,0,15,18,p,AM,200.00,0.0,342.6492,10.0000,15;19;17;16;18;,45;58;52;50;,0730:00;0734:18;0943:44;1309:31;1312:38;,450.00;454.30;583.74;789.53;792.65;,4.30;129.43;205.79;3.12;
329,15,19,0,15,19,p,AM,800.00,0.0,4.3032,3.0000,15;19;,45;,0730:00;0734:18;,450.00;454.30;,4.30;
330,15,20,0,15,20,p,AM,1100.00,0.0,8.9513,7.0000,15;19;20;,45;59;,0730:00;0734:18;0738:57;,450.00;454.30;458.95;,4.30;4.65;
331,15,21,0,15,21,p,AM,800.00,0.0,31.0283,5.0000,15;22;21;,46;69;,0730:00;0747:34;0801:01;,450.00;467.58;481.03;,17.58;13.45;
332,15,22,0,15,22,p,AM,2600.00,0.0,17.5753,3.0000,15;22;,46;,0730:00;0747:34;,450.00;467.58;,17.58;
333,15,23,0,15,23,p,AM,1000.00,0.0,22.6617,7.0000,15;22;23;,46;70;,0730:00;0747:34;0752:39;,450.00;467.58;472.66;,17.58;5.09;
334,15,24,0,15,24,p,AM,400.00,0.0,55.2347,8.0000,15;22;21;24;,46;69;66;,0730:00;0747:34;0801:01;0825:14;,450.00;467.58;481.03;505.23;,17.58;13.45;24.21;
335,16,1,0,16,1,p,AM,500.00,0.0,128.6398,18.0000,16;8;6;2;1;,47;19;14;3;,0730:00;0841:46;0925:17;0932:38;0938:38;,450.00;521.78;565.28;572.64;578.64;,71.78;43.50;7.35;6.00;
336,16,2,0,16,2,p,AM,400.00,0.0,122.6394,12.0000,16;8;6;2;,47;19;14;,0730:00;0841:46;0925:17;0932:38;,450.00;521.78;565.28;572.64;,71.78;43.50;7.35;
337,16,3,0,16,3,p,AM,200.00,0.0,136.3013,17.0000,16;8;6;5;4;3;,47;19;15;11;8;,0730:00;0841:46;0925:17;0940:07;0942:13;0946:18;,450.00;521.78;565.28;580.12;582.23;586.30;,71.78;43.50;14.84;2.11;4.08;
338,16,4,0,16,4,p,AM,800.00,0.0,132.2255,13.0000,16;8;6;5;4;,47;19;15;11;,0730:00;0841:46;0925:17;0940:07;0942:13;,450.00;521.78;565.28;580.12;582.23;,71.78;43.50;14.84;2.11;
339,16,5,0,16,5,p,AM,500.00,0.0,130.1198,11.0000,16;8;6;5;,47;19;15;,0730:00;0841:46;0925:17;0940:07;,450.00;521.78;565.28;580.12;,71.78;43.50;14.84;
340,16,6,0,16,6,p,AM,900.00,0.0,115.2847,7.0000,16;8;6;,47;19;,0730:00;0841:46;0925:17;,450.00;521.78;565.28;,71.78;43.50;
341,16,7,0,16,7,p,AM,1400.00,0.0,5.1480,5.0000,16;18;7;,50;54;,0730:00;0733:07;0735:08;,450.00;453.12;455.15;,3.12;2.03;
342,16,8,0,16,8,p,AM,2200.00,0.0,71.7821,5.0000,16;8;,47;,0730:00;0841:46;,450.00;521.78;,71.78;
343,16,9,0,16,9,p,AM,1400.00,0.0,761.4080,7.0000,16;10;9;,48;26;,0730:00;2007:22;2011:24;,450.00;1207.38;1211.41;,757.38;4.03;
344,16,10,0,16,10,p,AM,4400.00,0.0,757.3820,4.0000,16;10;,48;,0730:00;2007:22;,450.00;1207.38;,757.38;
345,16,11,0,16,11,p,AM,1400.00,0.0,780.2728,9.0000,16;10;11;,48;27;,0730:00;2007:22;2030:16;,450.00;1207.38;1230.27;,757.38;22.89;
346,16,12,0,16,12,p,AM,700.00,0.0,811.5451,15.0000,16;10;11;12;,48;27;33;,0730:00;2007:22;2030:16;2101:32;,450.00;1207.38;1230.27;1261.55;,757.38;22.89;31.27;
347,16,13,0,16,13,p,AM,600.00,0.0,814.5659,18.0000,16;10;11;12;13;,48;27;33;37;,0730:00;2007:22;2030:16;2101:32;2104:33;,450.00;1207.38;1230.27;1261.55;1264.57;,757.38;22.89;31.27;3.02;
348,16,14,0,16,14,p,AM,700.00,0.0,359.1349,12.0000,16;17;19;15;14;,49;53;57;44;,0730:00;1055:47;1305:13;1309:22;1329:08;,450.00;655.79;785.23;789.37;809.13;,205.79;129.43;4.15;19.76;
349,16,15,0,16,15,p,AM,1200.00,0.0,339.3736,7.0000,16;17;19;15;,49;53;57;,0730:00;1055:47;1305:13;1309:22;,450.00;655.79;785.23;789.37;,205.79;129.43;4.15;
350,16,17,0,16,17,p,AM,2800.00,0.0,205.7931,2.0000,16;17;,49;,0730:00;1055:47;,450.00;655.79;,205.79;
351,16,18,0,16,18,p,AM,500.00,0.0,3.1186,3.0000,16;18;,50;,0730:00;0733:07;,450.00;453.12;,3.12;
352,16,19,0,16,19,p,AM,1300.00,0.0,335.2274,4.0000,16;17;19;,49;53;,0730:00;1055:47;1305:13;,450.00;655.79;785.23;,205.79;129.43;
353,16,20,0,16,20,p,AM,1600.00,0.0,7.1536,7.0000,16;18;20;,50;56;,0730:00;0733:07;0737:09;,450.00;453.12;457.15;,3.12;4.03;
354,16,21,0,16,21,p,AM,600.00,0.0,370.4019,12.0000,16;17;19;15;22;21;,49;53;57;46;69;,0730:00;1055:47;1305:13;1309:22;1326:56;1340:24;,450.00;655.79;785.23;789.37;806.95;820.40;,205.79;129.43;4.15;17.58;13.45;
355,16,22,0,16,22,p,AM,1200.00,0.0,356.9489,10.0000,16;17;19;15;22;,49;53;57;46;,0730:00;1055:47;1305:13;1309:22;1326:56;,450.00;655.79;785.23;789.37;806.95;,205.79;129.43;4.15;17.58;
356,16,23,0,16,23,p,AM,500.00,0.0,362.0353,14.0000,16;17;19;15;22;23;,49;53;57;46;70;,0730:00;1055:47;1305:13;1309:22;1326:56;1332:02;,450.00;655.79;785.23;789.37;806.95;812.04;,205.79;129.43;4.15;17.58;5.09;
357,16,24,0,16,24,p,AM,300.00,0.0,394.6083,15.0000,16;17;19;15;22;21;24;,49;53;57;46;69;66;,0730:00;1055:47;1305:13;1309:22;1326:56;1340:24;1404:36;,450.00;655.79;785.23;789.37;806.95;820.40;844.61;,205.79;129.43;4.15;17.58;13.45;24.21;
358,17,1,0,17,1,p,AM,400.00,0.0,334.4330,20.0000,17;16;8;6;2;1;,52;47;19;14;3;,0730:00;1055:47;1207:34;1251:04;1258:25;1304:25;,450.00;655.79;727.58;771.08;778.43;784.43;,205.79;71.78;43.50;7.35;6.00;
359,17,2,0,17,2,p,AM,200.00,0.0,328.4325,14.0000,17;16;8;6;2;,52;47;19;14;,0730:00;1055:47;1207:34;1251:04;1258:25;,450.00;655.79;727.58;771.08;778.43;,205.79;71.78;43.50;7.35;
360,17,3,0,17,3,p,AM,100.00,0.0,342.0944,19.0000,17;16;8;6;5;4;3;,52;47;19;15;11;8;,0730:00;1055:47;1207:34;1251:04;1305:54;1308:01;1312:05;,450.00;655.79;727.58;771.08;785.91;788.02;792.09;,205.79;71.78;43.50;14.84;2.11;4.08;
361,17,4,0,17,4,p,AM,500.00,0.0,338.0186,15.0000,17;16;8;6;5;4;,52;47;19;15;11;,0730:00;1055:47;1207:34;1251:04;1305:54;1308:01;,450.00;655.79;727.58;771.08;785.91;788.02;,205.79;71.78;43.50;14.84;2.11;
362,17,5,0,17,5,p,AM,200.00,0.0,335.9129,13.0000,17;16;8;6;5;,52;47;19;15;,0730:00;1055:47;1207:34;1251:04;1305:54;,450.00;655.79;727.58;771.08;785.91;,205.79;71.78;43.50;14.84;
363,17,6,0,17,6,p,AM,500.00,0.0,321.0778,9.0000,17;16;8;6;,52;47;19;,0730:00;1055:47;1207:34;1251:04;,450.00;655.79;727.58;771.08;,205.79;71.78;43.50;
364,17,7,0,17,7,p,AM,1000.00,0.0,210.9411,7.0000,17;16;18;7;,52;50;54;,0730:00;1055:47;1058:54;1100:56;,450.00;655.79;658.91;660.94;,205.79;3.12;2.03;
365,17,8,0,17,8,p,AM,1400.00,0.0,277.5752,7.0000,17;16;8;,52;47;,0730:00;1055:47;1207:34;,450.00;655.79;727.58;,205.79;71.78;
366,17,9,0,17,9,p,AM,900.00,0.0,967.2011,9.0000,17;16;10;9;,52;48;26;,0730:00;1055:47;2333:10;2337:12;,450.00;655.79;1413.18;1417.20;,205.79;757.38;4.03;
367,17,10,0,17,10,p,AM,3900.00,0.0,963.1750,6.0000,17;16;10;,52;48;,0730:00;1055:47;2333:10;,450.00;655.79;1413.18;,205.79;757.38;
368,17,11,0,17,11,p,AM,1000.00,0.0,986.0659,11.0000,17;16;10;11;,52;48;27;,0730:00;1055:47;2333:10;2356:03;,450.00;655.79;1413.18;1436.07;,205.79;757.38;22.89;
369,17,12,0,17,12,p,AM,600.00,0.0,1017.3382,17.0000,17;16;10;11;12;,52;48;27;33;,0730:00;1055:47;2333:10;2356:03;2427:20;,450.00;655.79;1413.18;1436.07;1467.34;,205.79;757.38;22.89;31.27;
370,17,13,0,17,13,p,AM,500.00,0.0,204.9644,17.0000,17;19;15;22;21;24;13;,53;57;46;69;66;74;,0730:00;0939:26;0943:34;1001:09;1014:36;1038:48;1054:57;,450.00;579.43;583.58;601.16;614.61;638.82;654.96;,129.43;4.15;17.58;13.45;24.21;16.15;
371,17,14,0,17,14,p,AM,700.00,0.0,153.3418,10.0000,17;19;15;14;,53;57;44;,0730:00;0939:26;0943:34;1003:20;,450.00;579.43;583.58;603.34;,129.43;4.15;19.76;
372,17,15,0,17,15,p,AM,1500.00,0.0,133.5805,5.0000,17;19;15;,53;57;,0730:00;0939:26;0943:34;,450.00;579.43;583.58;,129.43;4.15;
373,17,16,0,17,16,p,AM,2800.00,0.0,205.7931,2.0000,17;16;,52;,0730:00;1055:47;,450.00;655.79;,205.79;
374,17,18,0,17,18,p,AM,600.00,0.0,208.9117,5.0000,17;16;18;,52;50;,0730:00;1055:47;1058:54;,450.00;655.79;658.91;,205.79;3.12;
375,17,19,0,17,19,p,AM,1700.00,0.0,129.4343,2.0000,17;19;,53;,0730:00;0939:26;,450.00;579.43;,129.43;
376,17,20,0,17,20,p,AM,1700.00,0.0,134.0824,6.0000,17;19;20;,53;59;,0730:00;0939:26;0944:04;,450.00;579.43;584.08;,129.43;4.65;
377,17,21,0,17,21,p,AM,600.00,0.0,164.6088,10.0000,17;19;15;22;21;,53;57;46;69;,0730:00;0939:26;0943:34;1001:09;1014:36;,450.00;579.43;583.58;601.16;614.61;,129.43;4.15;17.58;13.45;
378,17,22,0,17,22,p,AM,1700.00,0.0,151.1558,8.0000,17;19;15;22;,53;57;46;,0730:00;0939:26;0943:34;1001:09;,450.00;579.43;583.58;601.16;,129.43;4.15;17.58;
379,17,23,0,17,23,p,AM,600.00,0.0,156.2422,12.0000,17;19;15;22;23;,53;57;46;70;,0730:00;0939:26;0943:34;1001:09;1006:14;,450.00;579.43;583.58;601.16;606.24;,129.43;4.15;17.58;5.09;
380,17,24,0,17,24,p,AM,300.00,0.0,188.8152,13.0000,17;19;15;22;21;24;,53;57;46;69;66;,0730:00;0939:26;0943:34;1001:09;1014:36;1038:48;,450.00;579.43;583.58;601.16;614.61;638.82;,129.43;4.15;17.58;13.45;24.21;
381,18,1,0,18,1,p,AM,100.00,0.0,62.3746,18.0000,18;7;8;6;2;1;,54;17;19;14;3;,0730:00;0732:01;0735:31;0819:01;0826:22;0832:22;,450.00;452.03;455.52;499.02;506.37;512.37;,2.03;3.49;43.50;7.35;6.00;
382,18,4,0,18,4,p,AM,100.00,0.0,65.9603,13.0000,18;7;8;6;5;4;,54;17;19;15;11;,0730:00;0732:01;0735:31;0819:01;0833:51;0835:57;,450.00;452.03;455.52;499.02;513.85;515.96;,2.03;3.49;43.50;14.84;2.11;
383,18,6,0,18,6,p,AM,100.00,0.0,49.0194,7.0000,18;7;8;6;,54;17;19;,0730:00;0732:01;0735:31;0819:01;,450.00;452.03;455.52;499.02;,2.03;3.49;43.50;
384,18,7,0,18,7,p,AM,200.00,0.0,2.0294,2.0000,18;7;,54;,0730:00;0732:01;,450.00;452.03;,2.03;
385,18,8,0,18,8,p,AM,300.00,0.0,5.5169,5.0000,18;7;8;,54;17;,0730:00;0732:01;0735:31;,450.00;452.03;455.52;,2.03;3.49;
386,18,9,0,18,9,p,AM,200.00,0.0,764.5519,10.0000,18;16;10;9;,55;48;26;,0730:00;0733:08;2010:31;2014:33;,450.00;453.14;1210.53;1214.55;,3.14;757.38;4.03;
387,18,10,0,18,10,p,AM,700.00,0.0,760.5259,7.0000,18;16;10;,55;48;,0730:00;0733:08;2010:31;,450.00;453.14;1210.53;,3.14;757.38;
388,18,11,0,18,11,p,AM,200.00,0.0,783.4167,12.0000,18;16;10;11;,55;48;27;,0730:00;0733:08;2010:31;2033:25;,450.00;453.14;1210.53;1233.42;,3.14;757.38;22.89;
389,18,12,0,18,12,p,AM,200.00,0.0,814.6890,18.0000,18;16;10;11;12;,55;48;27;33;,0730:00;0733:08;2010:31;2033:25;2104:41;,450.00;453.14;1210.53;1233.42;1264.69;,3.14;757.38;22.89;31.27;
390,18,13,0,18,13,p,AM,100.00,0.0,50.9052,17.0000,18;20;21;24;13;,56;62;66;74;,0730:00;0734:02;0740:32;0804:45;0820:54;,450.00;454.03;460.55;484.76;500.91;,4.03;6.51;24.21;16.15;
391,18,14,0,18,14,p,AM,100.00,0.0,362.2788,15.0000,18;16;17;19;15;14;,55;49;53;57;44;,0730:00;0733:08;1058:56;1308:22;1312:31;1332:16;,450.00;453.14;658.94;788.37;792.52;812.28;,3.14;205.79;129.43;4.15;19.76;
392,18,15,0,18,15,p,AM,200.00,0.0,342.5175,10.0000,18;16;17;19;15;,55;49;53;57;,0730:00;0733:08;1058:56;1308:22;1312:31;,450.00;453.14;658.94;788.37;792.52;,3.14;205.79;129.43;4.15;
393,18,16,0,18,16,p,AM,500.00,0.0,3.1439,3.0000,18;16;,55;,0730:00;0733:08;,450.00;453.14;,3.14;
394,18,17,0,18,17,p,AM,600.00,0.0,208.9370,5.0000,18;16;17;,55;49;,0730:00;0733:08;1058:56;,450.00;453.14;658.94;,3.14;205.79;
395,18,19,0,18,19,p,AM,300.00,0.0,338.3713,7.0000,18;16;17;19;,55;49;53;,0730:00;0733:08;1058:56;1308:22;,450.00;453.14;658.94;788.37;,3.14;205.79;129.43;
396,18,20,0,18,20,p,AM,400.00,0.0,4.0350,4.0000,18;20;,56;,0730:00;0734:02;,450.00;454.03;,4.03;
397,18,21,0,18,21,p,AM,100.00,0.0,10.5496,10.0000,18;20;21;,56;62;,0730:00;0734:02;0740:32;,450.00;454.03;460.55;,4.03;6.51;
398,18,22,0,18,22,p,AM,300.00,0.0,9.9266,9.0000,18;20;22;,56;63;,0730:00;0734:02;0739:55;,450.00;454.03;459.93;,4.03;5.89;
399,18,23,0,18,23,p,AM,100.00,0.0,15.0130,13.0000,18;20;22;23;,56;63;70;,0730:00;0734:02;0739:55;0745:00;,450.00;454.03;459.93;465.01;,4.03;5.89;5.09;
400,19,1,0,19,1,p,AM,300.00,0.0,463.8672,22.0000,19;17;16;8;6;2;1;,58;52;47;19;14;3;,0730:00;0939:26;1305:13;1417:00;1500:30;1507:52;1513:52;,450.00;579.43;785.23;857.01;900.51;907.87;913.87;,129.43;205.79;71.78;43.50;7.35;6.00;
401,19,2,0,19,2,p,AM,100.00,0.0,457.8668,16.0000,19;17;16;8;6;2;,58;52;47;19;14;,0730:00;0939:26;1305:13;1417:00;1500:30;1507:52;,450.00;579.43;785.23;857.01;900.51;907.87;,129.43;205.79;71.78;43.50;7.35;
402,19,4,0,19,4,p,AM,200.00,0.0,467.4529,17.0000,19;17;16;8;6;5;4;,58;52;47;19;15;11;,0730:00;0939:26;1305:13;1417:00;1500:30;1515:20;1517:27;,450.00;579.43;785.23;857.01;900.51;915.35;917.45;,129.43;205.79;71.78;43.50;14.84;2.11;
403,19,5,0,19,5,p,AM,100.00,0.0,465.3472,15.0000,19;17;16;8;6;5;,58;52;47;19;15;,0730:00;0939:26;1305:13;1417:00;1500:30;1515:20;,450.00;579.43;785.23;857.01;900.51;915.35;,129.43;205.79;71.78;43.50;14.84;
404,19,6,0,19,6,p,AM,200.00,0.0,450.5120,11.0000,19;17;16;8;6;,58;52;47;19;,0730:00;0939:26;1305:13;1417:00;1500:30;,450.00;579.43;785.23;857.01;900.51;,129.43;205.79;71.78;43.50;
405,19,7,0,19,7,p,AM,400.00,0.0,340.3754,9.0000,19;17;16;18;7;,58;52;50;54;,0730:00;0939:26;1305:13;1308:20;1310:22;,450.00;579.43;785.23;788.35;790.38;,129.43;205.79;3.12;2.03;
406,19,8,0,19,8,p,AM,700.00,0.0,407.0095,9.0000,19;17;16;8;,58;52;47;,0730:00;0939:26;1305:13;1417:00;,450.00;579.43;785.23;857.01;,129.43;205.79;71.78;
407,19,9,0,19,9,p,AM,400.00,0.0,1096.6354,11.0000,19;17;16;10;9;,58;52;48;26;,0730:00;0939:26;1305:13;2542:36;2546:38;,450.00;579.43;785.23;1542.61;1546.64;,129.43;205.79;757.38;4.03;
408,19,10,0,19,10,p,AM,1800.00,0.0,1092.6094,8.0000,19;17;16;10;,58;52;48;,0730:00;0939:26;1305:13;2542:36;,450.00;579.43;785.23;1542.61;,129.43;205.79;757.38;
409,19,11,0,19,11,p,AM,400.00,0.0,114.4566,12.0000,19;15;14;11;,57;44;40;,0730:00;0734:08;0753:54;0924:27;,450.00;454.15;473.91;564.46;,4.15;19.76;90.55;
410,19,12,0,19,12,p,AM,300.00,0.0,145.7289,18.0000,19;15;14;11;12;,57;44;40;33;,0730:00;0734:08;0753:54;0924:27;0955:43;,450.00;454.15;473.91;564.46;595.73;,4.15;19.76;90.55;31.27;
411,19,13,0,19,13,p,AM,300.00,0.0,75.5301,15.0000,19;15;22;21;24;13;,57;46;69;66;74;,0730:00;0734:08;0751:43;0805:10;0829:22;0845:31;,450.00;454.15;471.72;485.17;509.38;525.53;,4.15;17.58;13.45;24.21;16.15;
412,19,14,0,19,14,p,AM,300.00,0.0,23.9075,8.0000,19;15;14;,57;44;,0730:00;0734:08;0753:54;,450.00;454.15;473.91;,4.15;19.76;
413,19,15,0,19,15,p,AM,800.00,0.0,4.1462,3.0000,19;15;,57;,0730:00;0734:08;,450.00;454.15;,4.15;
414,19,16,0,19,16,p,AM,1300.00,0.0,335.2274,4.0000,19;17;16;,58;52;,0730:00;0939:26;1305:13;,450.00;579.43;785.23;,129.43;205.79;
415,19,17,0,19,17,p,AM,1700.00,0.0,129.4343,2.0000,19;17;,58;,0730:00;0939:26;,450.00;579.43;,129.43;
416,19,18,0,19,18,p,AM,300.00,0.0,338.3459,7.0000,19;17;16;18;,58;52;50;,0730:00;0939:26;1305:13;1308:20;,450.00;579.43;785.23;788.35;,129.43;205.79;3.12;
417,19,20,0,19,20,p,AM,1200.00,0.0,4.6481,4.0000,19;20;,59;,0730:00;0734:38;,450.00;454.65;,4.65;
418,19,21,0,19,21,p,AM,400.00,0.0,35.1745,8.0000,19;15;22;21;,57;46;69;,0730:00;0734:08;0751:43;0805:10;,450.00;454.15;471.72;485.17;,4.15;17.58;13.45;
419,19,22,0,19,22,p,AM,1200.00,0.0,21.7215,6.0000,19;15;22;,57;46;,0730:00;0734:08;0751:43;,450.00;454.15;471.72;,4.15;17.58;
420,19,23,0,19,23,p,AM,300.00,0.0,26.8079,10.0000,19;15;22;23;,57;46;70;,0730:00;0734:08;0751:43;0756:48;,450.00;454.15;471.72;476.81;,4.15;17.58;5.09;
421,19,24,0,19,24,p,AM,100.00,0.0,59.3809,11.0000,19;15;22;21;24;,57;46;69;66;,0730:00;0734:08;0751:43;0805:10;0829:22;,450.00;454.15;471.72;485.17;509.38;,4.15;17.58;13.45;24.21;
422,20,1,0,20,1,p,AM,300.00,0.0,66.4175,22.0000,20;18;7;8;6;2;1;,60;54;17;19;14;3;,0730:00;0734:02;0736:04;0739:33;0823:03;0830:25;0836:25;,450.00;454.04;456.07;459.56;503.06;510.42;516.42;,4.04;2.03;3.49;43.50;7.35;6.00;
423,20,2,0,20,2,p,AM,100.00,0.0,60.4171,16.0000,20;18;7;8;6;2;,60;54;17;19;14;,0730:00;0734:02;0736:04;0739:33;0823:03;0830:25;,450.00;454.04;456.07;459.56;503.06;510.42;,4.04;2.03;3.49;43.50;7.35;
424,20,4,0,20,4,p,AM,300.00,0.0,70.0031,17.0000,20;18;7;8;6;5;4;,60;54;17;19;15;11;,0730:00;0734:02;0736:04;0739:33;0823:03;0837:53;0840:00;,450.00;454.04;456.07;459.56;503.06;517.90;520.00;,4.04;2.03;3.49;43.50;14.84;2.11;
425,20,5,0,20,5,p,AM,100.00,0.0,67.8975,15.0000,20;18;7;8;6;5;,60;54;17;19;15;,0730:00;0734:02;0736:04;0739:33;0823:03;0837:53;,450.00;454.04;456.07;459.56;503.06;517.90;,4.04;2.03;3.49;43.50;14.84;
426,20,6,0,20,6,p,AM,300.00,0.0,53.0623,11.0000,20;18;7;8;6;,60;54;17;19;,0730:00;0734:02;0736:04;0739:33;0823:03;,450.00;454.04;456.07;459.56;503.06;,4.04;2.03;3.49;43.50;
427,20,7,0,20,7,p,AM,500.00,0.0,6.0723,6.0000,20;18;7;,60;54;,0730:00;0734:02;0736:04;,450.00;454.04;456.07;,4.04;2.03;
428,20,8,0,20,8,p,AM,900.00,0.0,9.5597,9.0000,20;18;7;8;,60;54;17;,0730:00;0734:02;0736:04;0739:33;,450.00;454.04;456.07;459.56;,4.04;2.03;3.49;
429,20,9,0,20,9,p,AM,600.00,0.0,768.5948,14.0000,20;18;16;10;9;,60;55;48;26;,0730:00;0734:02;0737:11;2014:34;2018:35;,450.00;454.04;457.19;1214.57;1218.59;,4.04;3.14;757.38;4.03;
430,20,10,0,20,10,p,AM,2500.00,0.0,764.5688,11.0000,20;18;16;10;,60;55;48;,0730:00;0734:02;0737:11;2014:34;,450.00;454.04;457.19;1214.57;,4.04;3.14;757.38;
431,20,11,0,20,11,p,AM,600.00,0.0,787.4596,16.0000,20;18;16;10;11;,60;55;48;27;,0730:00;0734:02;0737:11;2014:34;2037:27;,450.00;454.04;457.19;1214.57;1237.46;,4.04;3.14;757.38;22.89;
432,20,12,0,20,12,p,AM,500.00,0.0,49.8916,16.0000,20;21;24;13;12;,62;66;74;38;,0730:00;0736:30;0800:43;0816:52;0819:53;,450.00;456.51;480.72;496.87;499.89;,6.51;24.21;16.15;3.02;
433,20,13,0,20,13,p,AM,600.00,0.0,46.8702,13.0000,20;21;24;13;,62;66;74;,0730:00;0736:30;0800:43;0816:52;,450.00;456.51;480.72;496.87;,6.51;24.21;16.15;
434,20,14,0,20,14,p,AM,500.00,0.0,28.3004,12.0000,20;19;15;14;,61;57;44;,0730:00;0734:23;0738:32;0758:18;,450.00;454.39;458.54;478.30;,4.39;4.15;19.76;
435,20,15,0,20,15,p,AM,1100.00,0.0,8.5391,7.0000,20;19;15;,61;57;,0730:00;0734:23;0738:32;,450.00;454.39;458.54;,4.39;4.15;
436,20,16,0,20,16,p,AM,1600.00,0.0,7.1868,7.0000,20;18;16;,60;55;,0730:00;0734:02;0737:11;,450.00;454.04;457.19;,4.04;3.14;
437,20,17,0,20,17,p,AM,1700.00,0.0,133.8271,6.0000,20;19;17;,61;58;,0730:00;0734:23;0943:49;,450.00;454.39;583.83;,4.39;129.43;
438,20,18,0,20,18,p,AM,400.00,0.0,4.0429,4.0000,20;18;,60;,0730:00;0734:02;,450.00;454.04;,4.04;
439,20,19,0,20,19,p,AM,1200.00,0.0,4.3928,4.0000,20;19;,61;,0730:00;0734:23;,450.00;454.39;,4.39;
440,20,21,0,20,21,p,AM,1200.00,0.0,6.5146,6.0000,20;21;,62;,0730:00;0736:30;,450.00;456.51;,6.51;
441,20,22,0,20,22,p,AM,2400.00,0.0,5.8916,5.0000,20;22;,63;,0730:00;0735:53;,450.00;455.89;,5.89;
442,20,23,0,20,23,p,AM,700.00,0.0,10.9780,9.0000,20;22;23;,63;70;,0730:00;0735:53;0740:58;,450.00;455.89;460.98;,5.89;5.09;
443,20,24,0,20,24,p,AM,400.00,0.0,30.7210,9.0000,20;21;24;,62;66;,0730:00;0736:30;0800:43;,450.00;456.51;480.72;,6.51;24.21;
444,21,1,0,21,1,p,AM,100.00,0.0,51.3839,18.0000,21;24;13;12;3;1;,66;74;38;35;5;,0730:00;0754:12;0810:21;0813:22;0817:22;0821:23;,450.00;474.21;490.36;493.38;497.38;501.38;,24.21;16.15;3.02;4.00;4.00;
445,21,4,0,21,4,p,AM,200.00,0.0,51.4571,18.0000,21;24;13;12;3;4;,66;74;38;35;6;,0730:00;0754:12;0810:21;0813:22;0817:22;0821:27;,450.00;474.21;490.36;493.38;497.38;501.46;,24.21;16.15;3.02;4.00;4.08;
446,21,5,0,21,5,p,AM,100.00,0.0,46.6746,19.0000,21;22;15;10;9;5;,65;67;43;26;23;,0730:00;0743:27;0801:01;0807:28;0811:29;0816:40;,450.00;463.45;481.03;487.47;491.49;496.67;,13.45;17.58;6.44;4.03;5.18;
447,21,6,0,21,6,p,AM,100.00,0.0,59.5317,17.0000,21;20;18;7;8;6;,64;60;54;17;19;,0730:00;0736:28;0740:30;0742:32;0746:01;0829:31;,450.00;456.47;460.51;462.54;466.03;509.53;,6.47;4.04;2.03;3.49;43.50;
448,21,7,0,21,7,p,AM,200.00,0.0,12.5417,12.0000,21;20;18;7;,64;60;54;,0730:00;0736:28;0740:30;0742:32;,450.00;456.47;460.51;462.54;,6.47;4.04;2.03;
449,21,8,0,21,8,p,AM,400.00,0.0,16.0291,15.0000,21;20;18;7;8;,64;60;54;17;,0730:00;0736:28;0740:30;0742:32;0746:01;,450.00;456.47;460.51;462.54;466.03;,6.47;4.04;2.03;3.49;
450,21,9,0,21,9,p,AM,300.00,0.0,41.4945,14.0000,21;22;15;10;9;,65;67;43;26;,0730:00;0743:27;0801:01;0807:28;0811:29;,450.00;463.45;481.03;487.47;491.49;,13.45;17.58;6.44;4.03;
451,21,10,0,21,10,p,AM,1200.00,0.0,37.4685,11.0000,21;22;15;10;,65;67;43;,0730:00;0743:27;0801:01;0807:28;,450.00;463.45;481.03;487.47;,13.45;17.58;6.44;
452,21,11,0,21,11,p,AM,400.00,0.0,125.0071,13.0000,21;24;23;14;11;,66;76;71;40;,0730:00;0754:12;0756:40;0804:27;0935:00;,450.00;474.21;476.68;484.46;575.01;,24.21;2.48;7.78;90.55;
453,21,12,0,21,12,p,AM,300.00,0.0,43.3770,10.0000,21;24;13;12;,66;74;38;,0730:00;0754:12;0810:21;0813:22;,450.00;474.21;490.36;493.38;,24.21;16.15;3.02;
454,21,13,0,21,13,p,AM,600.00,0.0,40.3556,7.0000,21;24;13;,66;74;,0730:00;0754:12;0810:21;,450.00;474.21;490.36;,24.21;16.15;
455,21,14,0,21,14,p,AM,400.00,0.0,34.4580,9.0000,21;24;23;14;,66;76;71;,0730:00;0754:12;0756:40;0804:27;,450.00;474.21;476.68;484.46;,24.21;2.48;7.78;
456,21,15,0,21,15,p,AM,800.00,0.0,31.0283,5.0000,21;22;15;,65;67;,0730:00;0743:27;0801:01;,450.00;463.45;481.03;,13.45;17.58;
457,21,16,0,21,16,p,AM,600.00,0.0,370.5588,12.0000,21;22;15;19;17;16;,65;67;45;58;52;,0730:00;0743:27;0801:01;0805:19;1014:45;1340:33;,450.00;463.45;481.03;485.33;614.77;820.56;,13.45;17.58;4.30;129.43;205.79;
458,21,17,0,21,17,p,AM,600.00,0.0,164.7658,10.0000,21;22;15;19;17;,65;67;45;58;,0730:00;0743:27;0801:01;0805:19;1014:45;,450.00;463.45;481.03;485.33;614.77;,13.45;17.58;4.30;129.43;
459,21,18,0,21,18,p,AM,100.00,0.0,10.5123,10.0000,21;20;18;,64;60;,0730:00;0736:28;0740:30;,450.00;456.47;460.51;,6.47;4.04;
460,21,19,0,21,19,p,AM,400.00,0.0,35.3315,8.0000,21;22;15;19;,65;67;45;,0730:00;0743:27;0801:01;0805:19;,450.00;463.45;481.03;485.33;,13.45;17.58;4.30;
461,21,20,0,21,20,p,AM,1200.00,0.0,6.4694,6.0000,21;20;,64;,0730:00;0736:28;,450.00;456.47;,6.47;
462,21,22,0,21,22,p,AM,1800.00,0.0,13.4530,2.0000,21;22;,65;,0730:00;0743:27;,450.00;463.45;,13.45;
463,21,23,0,21,23,p,AM,700.00,0.0,26.6825,5.0000,21;24;23;,66;76;,0730:00;0754:12;0756:40;,450.00;474.21;476.68;,24.21;2.48;
464,21,24,0,21,24,p,AM,500.00,0.0,24.2064,3.0000,21;24;,66;,0730:00;0754:12;,450.00;474.21;,24.21;
465,22,1,0,22,1,p,AM,400.00,0.0,64.8368,20.0000,22;21;24;13;12;3;1;,69;66;74;38;35;5;,0730:00;0743:27;0807:39;0823:48;0826:49;0830:50;0834:50;,450.00;463.45;487.66;503.81;506.83;510.83;514.84;,13.45;24.21;16.15;3.02;4.00;4.00;
466,22,2,0,22,2,p,AM,100.00,0.0,66.3087,21.0000,22;20;18;7;8;6;2;,68;60;54;17;19;14;,0730:00;0735:53;0739:56;0741:57;0745:27;0828:57;0836:18;,450.00;455.89;459.93;461.96;465.45;508.95;516.31;,5.89;4.04;2.03;3.49;43.50;7.35;
467,22,3,0,22,3,p,AM,100.00,0.0,60.8342,16.0000,22;21;24;13;12;3;,69;66;74;38;35;,0730:00;0743:27;0807:39;0823:48;0826:49;0830:50;,450.00;463.45;487.66;503.81;506.83;510.83;,13.45;24.21;16.15;3.02;4.00;
468,22,4,0,22,4,p,AM,400.00,0.0,137.1998,18.0000,22;15;14;11;4;,67;44;40;31;,0730:00;0747:34;0807:20;0937:53;0947:11;,450.00;467.58;487.34;577.89;587.20;,17.58;19.76;90.55;9.31;
469,22,5,0,22,5,p,AM,200.00,0.0,33.2217,17.0000,22;15;10;9;5;,67;43;26;23;,0730:00;0747:34;0754:00;0758:02;0803:13;,450.00;467.58;474.02;478.04;483.22;,17.58;6.44;4.03;5.18;
470,22,6,0,22,6,p,AM,200.00,0.0,58.9539,16.0000,22;20;18;7;8;6;,68;60;54;17;19;,0730:00;0735:53;0739:56;0741:57;0745:27;0828:57;,450.00;455.89;459.93;461.96;465.45;508.95;,5.89;4.04;2.03;3.49;43.50;
471,22,7,0,22,7,p,AM,500.00,0.0,11.9639,11.0000,22;20;18;7;,68;60;54;,0730:00;0735:53;0739:56;0741:57;,450.00;455.89;459.93;461.96;,5.89;4.04;2.03;
472,22,8,0,22,8,p,AM,500.00,0.0,15.4514,14.0000,22;20;18;7;8;,68;60;54;17;,0730:00;0735:53;0739:56;0741:57;0745:27;,450.00;455.89;459.93;461.96;465.45;,5.89;4.04;2.03;3.49;
473,22,9,0,22,9,p,AM,700.00,0.0,28.0416,12.0000,22;15;10;9;,67;43;26;,0730:00;0747:34;0754:00;0758:02;,450.00;467.58;474.02;478.04;,17.58;6.44;4.03;
474,22,10,0,22,10,p,AM,2600.00,0.0,24.0155,9.0000,22;15;10;,67;43;,0730:00;0747:34;0754:00;,450.00;467.58;474.02;,17.58;6.44;
475,22,11,0,22,11,p,AM,1100.00,0.0,127.8857,12.0000,22;15;14;11;,67;44;40;,0730:00;0747:34;0807:20;0937:53;,450.00;467.58;487.34;577.89;,17.58;19.76;90.55;
476,22,12,0,22,12,p,AM,700.00,0.0,56.8300,12.0000,22;21;24;13;12;,69;66;74;38;,0730:00;0743:27;0807:39;0823:48;0826:49;,450.00;463.45;487.66;503.81;506.83;,13.45;24.21;16.15;3.02;
477,22,13,0,22,13,p,AM,1300.00,0.0,53.8085,9.0000,22;21;24;13;,69;66;74;,0730:00;0743:27;0807:39;0823:48;,450.00;463.45;487.66;503.81;,13.45;24.21;16.15;
478,22,14,0,22,14,p,AM,1200.00,0.0,37.3366,8.0000,22;15;14;,67;44;,0730:00;0747:34;0807:20;,450.00;467.58;487.34;,17.58;19.76;
479,22,15,0,22,15,p,AM,2600.00,0.0,17.5753,3.0000,22;15;,67;,0730:00;0747:34;,450.00;467.58;,17.58;
480,22,16,0,22,16,p,AM,1200.00,0.0,357.1059,10.0000,22;15;19;17;16;,67;45;58;52;,0730:00;0747:34;0751:52;1001:18;1327:06;,450.00;467.58;471.88;601.31;807.11;,17.58;4.30;129.43;205.79;
481,22,17,0,22,17,p,AM,1700.00,0.0,151.3128,8.0000,22;15;19;17;,67;45;58;,0730:00;0747:34;0751:52;1001:18;,450.00;467.58;471.88;601.31;,17.58;4.30;129.43;
482,22,18,0,22,18,p,AM,300.00,0.0,9.9345,9.0000,22;20;18;,68;60;,0730:00;0735:53;0739:56;,450.00;455.89;459.93;,5.89;4.04;
483,22,19,0,22,19,p,AM,1200.00,0.0,21.8785,6.0000,22;15;19;,67;45;,0730:00;0747:34;0751:52;,450.00;467.58;471.88;,17.58;4.30;
484,22,20,0,22,20,p,AM,2400.00,0.0,5.8916,5.0000,22;20;,68;,0730:00;0735:53;,450.00;455.89;,5.89;
485,22,21,0,22,21,p,AM,1800.00,0.0,13.4530,2.0000,22;21;,69;,0730:00;0743:27;,450.00;463.45;,13.45;
486,22,23,0,22,23,p,AM,2100.00,0.0,5.0864,4.0000,22;23;,70;,0730:00;0735:05;,450.00;455.09;,5.09;
487,22,24,0,22,24,p,AM,1100.00,0.0,37.6594,5.0000,22;21;24;,69;66;,0730:00;0743:27;0807:39;,450.00;463.45;487.66;,13.45;24.21;
488,23,1,0,23,1,p,AM,300.00,0.0,29.6535,17.0000,23;24;13;12;3;1;,73;74;38;35;5;,0730:00;0732:28;0748:37;0751:38;0755:39;0759:39;,450.00;452.48;468.63;471.65;475.65;479.65;,2.48;16.15;3.02;4.00;4.00;
489,23,3,0,23,3,p,AM,100.00,0.0,25.6510,13.0000,23;24;13;12;3;,73;74;38;35;,0730:00;0732:28;0748:37;0751:38;0755:39;,450.00;452.48;468.63;471.65;475.65;,2.48;16.15;3.02;4.00;
490,23,4,0,23,4,p,AM,500.00,0.0,107.6387,14.0000,23;14;11;4;,71;40;31;,0730:00;0737:46;0908:19;0917:38;,450.00;457.78;548.32;557.64;,7.78;90.55;9.31;
491,23,5,0,23,5,p,AM,100.00,0.0,109.7444,16.0000,23;14;11;4;5;,71;40;31;9;,0730:00;0737:46;0908:19;0917:38;0919:44;,450.00;457.78;548.32;557.64;559.74;,7.78;90.55;9.31;2.11;
492,23,6,0,23,6,p,AM,100.00,0.0,124.5795,20.0000,23;14;11;4;5;6;,71;40;31;9;12;,0730:00;0737:46;0908:19;0917:38;0919:44;0934:34;,450.00;457.78;548.32;557.64;559.74;574.58;,7.78;90.55;9.31;2.11;14.84;
493,23,7,0,23,7,p,AM,200.00,0.0,17.0503,15.0000,23;22;20;18;7;,72;68;60;54;,0730:00;0735:05;0740:58;0745:01;0747:03;,450.00;455.09;460.98;465.02;467.05;,5.09;5.89;4.04;2.03;
494,23,8,0,23,8,p,AM,300.00,0.0,20.5378,18.0000,23;22;20;18;7;8;,72;68;60;54;17;,0730:00;0735:05;0740:58;0745:01;0747:03;0750:32;,450.00;455.09;460.98;465.02;467.05;470.54;,5.09;5.89;4.04;2.03;3.49;
495,23,9,0,23,9,p,AM,500.00,0.0,122.7882,16.0000,23;14;11;10;9;,71;40;32;26;,0730:00;0737:46;0908:19;0928:45;0932:47;,450.00;457.78;548.32;568.76;572.79;,7.78;90.55;20.44;4.03;
496,23,10,0,23,10,p,AM,1800.00,0.0,118.7622,13.0000,23;14;11;10;,71;40;32;,0730:00;0737:46;0908:19;0928:45;,450.00;457.78;548.32;568.76;,7.78;90.55;20.44;
497,23,11,0,23,11,p,AM,1300.00,0.0,98.3246,8.0000,23;14;11;,71;40;,0730:00;0737:46;0908:19;,450.00;457.78;548.32;,7.78;90.55;
498,23,12,0,23,12,p,AM,700.00,0.0,21.6467,9.0000,23;24;13;12;,73;74;38;,0730:00;0732:28;0748:37;0751:38;,450.00;452.48;468.63;471.65;,2.48;16.15;3.02;
499,23,13,0,23,13,p,AM,800.00,0.0,18.6252,6.0000,23;24;13;,73;74;,0730:00;0732:28;0748:37;,450.00;452.48;468.63;,2.48;16.15;
500,23,14,0,23,14,p,AM,1100.00,0.0,7.7755,4.0000,23;14;,71;,0730:00;0737:46;,450.00;457.78;,7.78;
501,23,15,0,23,15,p,AM,1000.00,0.0,22.6617,7.0000,23;22;15;,72;67;,0730:00;0735:05;0752:39;,450.00;455.09;472.66;,5.09;17.58;
502,23,16,0,23,16,p,AM,500.00,0.0,362.1923,14.0000,23;22;15;19;17;16;,72;67;45;58;52;,0730:00;0735:05;0752:39;0756:57;1006:23;1332:11;,450.00;455.09;472.66;476.96;606.40;812.19;,5.09;17.58;4.30;129.43;205.79;
503,23,17,0,23,17,p,AM,600.00,0.0,156.3992,12.0000,23;22;15;19;17;,72;67;45;58;,0730:00;0735:05;0752:39;0756:57;1006:23;,450.00;455.09;472.66;476.96;606.40;,5.09;17.58;4.30;129.43;
504,23,18,0,23,18,p,AM,100.00,0.0,15.0209,13.0000,23;22;20;18;,72;68;60;,0730:00;0735:05;0740:58;0745:01;,450.00;455.09;460.98;465.02;,5.09;5.89;4.04;
505,23,19,0,23,19,p,AM,300.00,0.0,26.9649,10.0000,23;22;15;19;,72;67;45;,0730:00;0735:05;0752:39;0756:57;,450.00;455.09;472.66;476.96;,5.09;17.58;4.30;
506,23,20,0,23,20,p,AM,700.00,0.0,10.9780,9.0000,23;22;20;,72;68;,0730:00;0735:05;0740:58;,450.00;455.09;460.98;,5.09;5.89;
507,23,21,0,23,21,p,AM,700.00,0.0,26.0275,5.0000,23;24;21;,73;75;,0730:00;0732:28;0756:01;,450.00;452.48;476.03;,2.48;23.55;
508,23,22,0,23,22,p,AM,2100.00,0.0,5.0864,4.0000,23;22;,72;,0730:00;0735:05;,450.00;455.09;,5.09;
509,23,24,0,23,24,p,AM,700.00,0.0,2.4761,2.0000,23;24;,73;,0730:00;0732:28;,450.00;452.48;,2.48;
510,24,1,0,24,1,p,AM,100.00,0.0,27.1775,15.0000,24;13;12;3;1;,74;38;35;5;,0730:00;0746:08;0749:10;0753:10;0757:10;,450.00;466.15;469.17;473.17;477.18;,16.15;3.02;4.00;4.00;
511,24,4,0,24,4,p,AM,200.00,0.0,27.2506,15.0000,24;13;12;3;4;,74;38;35;6;,0730:00;0746:08;0749:10;0753:10;0757:15;,450.00;466.15;469.17;473.17;477.25;,16.15;3.02;4.00;4.08;
512,24,6,0,24,6,p,AM,100.00,0.0,83.0831,20.0000,24;21;20;18;7;8;6;,75;64;60;54;17;19;,0730:00;0753:33;0800:01;0804:03;0806:05;0809:34;0853:04;,450.00;473.55;480.02;484.06;486.09;489.58;533.08;,23.55;6.47;4.04;2.03;3.49;43.50;
513,24,7,0,24,7,p,AM,100.00,0.0,36.0932,15.0000,24;21;20;18;7;,75;64;60;54;,0730:00;0753:33;0800:01;0804:03;0806:05;,450.00;473.55;480.02;484.06;486.09;,23.55;6.47;4.04;2.03;
514,24,8,0,24,8,p,AM,200.00,0.0,39.5806,18.0000,24;21;20;18;7;8;,75;64;60;54;17;,0730:00;0753:33;0800:01;0804:03;0806:05;0809:34;,450.00;473.55;480.02;484.06;486.09;489.58;,23.55;6.47;4.04;2.03;3.49;
515,24,9,0,24,9,p,AM,200.00,0.0,65.0460,17.0000,24;21;22;15;10;9;,75;65;67;43;26;,0730:00;0753:33;0807:00;0824:34;0831:01;0835:02;,450.00;473.55;487.00;504.58;511.02;515.05;,23.55;13.45;17.58;6.44;4.03;
516,24,10,0,24,10,p,AM,800.00,0.0,61.0199,14.0000,24;21;22;15;10;,75;65;67;43;,0730:00;0753:33;0807:00;0824:34;0831:01;,450.00;473.55;487.00;504.58;511.02;,23.55;13.45;17.58;6.44;
517,24,11,0,24,11,p,AM,600.00,0.0,100.8007,10.0000,24;23;14;11;,76;71;40;,0730:00;0732:28;0740:15;0910:48;,450.00;452.48;460.25;550.80;,2.48;7.78;90.55;
518,24,12,0,24,12,p,AM,500.00,0.0,19.1706,7.0000,24;13;12;,74;38;,0730:00;0746:08;0749:10;,450.00;466.15;469.17;,16.15;3.02;
519,24,13,0,24,13,p,AM,700.00,0.0,16.1492,4.0000,24;13;,74;,0730:00;0746:08;,450.00;466.15;,16.15;
520,24,14,0,24,14,p,AM,400.00,0.0,10.2516,6.0000,24;23;14;,76;71;,0730:00;0732:28;0740:15;,450.00;452.48;460.25;,2.48;7.78;
521,24,15,0,24,15,p,AM,400.00,0.0,54.5797,8.0000,24;21;22;15;,75;65;67;,0730:00;0753:33;0807:00;0824:34;,450.00;473.55;487.00;504.58;,23.55;13.45;17.58;
522,24,16,0,24,16,p,AM,300.00,0.0,394.1103,15.0000,24;21;22;15;19;17;16;,75;65;67;45;58;52;,0730:00;0753:33;0807:00;0824:34;0828:52;1038:19;1404:06;,450.00;473.55;487.00;504.58;508.88;638.32;844.11;,23.55;13.45;17.58;4.30;129.43;205.79;
523,24,17,0,24,17,p,AM,300.00,0.0,188.3172,13.0000,24;21;22;15;19;17;,75;65;67;45;58;,0730:00;0753:33;0807:00;0824:34;0828:52;1038:19;,450.00;473.55;487.00;504.58;508.88;638.32;,23.55;13.45;17.58;4.30;129.43;
524,24,19,0,24,19,p,AM,100.00,0.0,58.8829,11.0000,24;21;22;15;19;,75;65;67;45;,0730:00;0753:33;0807:00;0824:34;0828:52;,450.00;473.55;487.00;504.58;508.88;,23.55;13.45;17.58;4.30;
525,24,20,0,24,20,p,AM,400.00,0.0,30.0208,9.0000,24;21;20;,75;64;,0730:00;0753:33;0800:01;,450.00;473.55;480.02;,23.55;6.47;
526,24,21,0,24,21,p,AM,500.00,0.0,23.5514,3.0000,24;21;,75;,0730:00;0753:33;,450.00;473.55;,23.55;
527,24,22,0,24,22,p,AM,1100.00,0.0,37.0044,5.0000,24;21;22;,75;65;,0730:00;0753:33;0807:00;,450.00;473.55;487.00;,23.55;13.45;
528,24,23,0,24,23,p,AM,700.00,0.0,2.4761,2.0000,24;23;,76;,0730:00;0732:28;,450.00;452.48;,2.48;
